cluster_id,same_sku,reason,cluster_size,supermarkets,risk_bucket,flags,titles_preview
10792,False,Different variants: regular vs no added sugar,2,Morrisons|Sains,weak_heuristic|probe_fail,multi_core_product_name|struct_known_brand_disagree,Hartleys Jelly Blackcurrant Flavour Jelly 6PK || Hartley's No Added Sugar Blackcurrant Flavour Jelly Pots 6x115g
7512,False,Different own-brand tiers: Extra Special vs The Best,2,ASDA|Morrisons,weak_heuristic,multi_core_product_name,ASDA Extra Special Handmade Salted Caramel Fudge || Morrisons The Best Salted Caramel Fudge
144,True,"Same branded product, same variant, comparable pack size",4,ASDA|Morrisons|Sains|Tesco,weak_heuristic|probe_fail,cross_category|multi_core_product_name,Galaxy Instant Hot Chocolate || Galaxy Instant Hot Chocolate || Galaxy Instant Hot Chocolate Jar 370g || Galaxy Instant Hot Chocolate Drink 370G
16456,True,"Same branded product, same variant and pack size",2,Sains|Tesco,weak_heuristic|probe_fail,cross_category|multi_core_product_name,Sabra Houmous with Garlic & Red Pepper 200g || Sabra Houmous Garlic Red Pepper 200G
6121,True,"Same core product, comparable pack sizes, own-brand equivalents",4,ASDA|Morrisons|Sains|Tesco,weak_heuristic|probe_fail,cross_category|multi_core_product_name,The BAKERY at ASDA Strawberry Trifle || Morrisons Strawberry Trifle || Sainsbury's Strawberry Trifle Dessert 600g || Tesco Strawberry Trifle 600G
11654,True,"Same branded product and variant, comparable pack size",2,Morrisons|Tesco,weak_heuristic,multi_core_product_name,Nature Valley Fruit & Nut Bars Berr… || Nature Valley Fruit & Nut Cereal Bars 4X30g
12179,False,Different own-brands: Morrisons vs Sainsbury's fresh herbs,2,Morrisons|Sains,weak_heuristic|probe_fail,cross_category|multi_core_product_name,Morrisons Fresh Mint || Sainsbury's Fresh Packed Mint 30g
16814,False,Different premium tiers: Taste the Difference vs Finest,2,Sains|Tesco,weak_heuristic,multi_core_product_name,"Sainsbury's Roast Chicken Stuffing Topped, Taste the Difference 135g || Tesco Finest Roast Chicken & Stuffing 125G"
11414,True,"Same branded product, same variant, comparable pack size",3,Morrisons|Sains|Tesco,weak_heuristic,multi_core_product_name,King Pot Pasta Creamy Carbonara || Pot Pasta Creamy Carbonara Instant Hot Snack 69g || Pot Pasta Creamy Carbonara King Pot 69g
14883,True,"Same core product, same pack size, own-brand equivalents",2,Sains|Tesco,clean,,Sainsbury's Multiseed Bread Mix 500g || Tesco Multiseed Bread Mix 500G
2025,False,Different product formats: soup vs ramen noodles,2,ASDA|Morrisons,weak_heuristic,multi_core_product_name,Naked Soup Asian Style Chicken || Naked Asian Style Chicken Ramen Noodle Soup 25G
4617,True,"Same core product, comparable pack sizes, own-brand equivalents",3,ASDA|Morrisons|Tesco,clean,,ASDA Cranberry Sauce || Morrisons Cranberry Sauce || Tesco Cranberry Sauce 200G
3567,False,Different own-brand tiers: The Bakery vs standard,2,ASDA|Sains,weak_heuristic|probe_fail,multi_core_product_name,The BAKERY at ASDA Cherry Pie || Sainsbury's Cherry Pie Dessert 550g
2562,True,"Same branded product, same variant and pack size",2,ASDA|Tesco,weak_heuristic,multi_core_product_name,Kronenbourg 1664 Lager Beer Cans || Kronenbourg 1664 Lager Beer Can 10x440ml
6716,False,Different variants: Extra Creamy vs Reduced Fat,2,ASDA|Sains,weak_heuristic,multi_core_product_name,Sharwood's Tikka Masala Extra Creamy Curry Sauce || Sharwood's Tikka Masala Reduced Fat Curry Sauce 420g
15526,True,"Same branded product, same variant, comparable pack size",2,Sains|Tesco,weak_heuristic,multi_core_product_name,Garner's Pickled Cauliflower with Turmeric & Ginger 450g (210g*) || Garner's Pickled Cauliflower With Ginger & Turmeric 450G
3157,False,Different brands: Jahan vs Gino's,2,ASDA|Morrisons,weak_heuristic|probe_fail,cross_category|multi_core_product_name,Jahan Southern Fried Chicken Popcorn || Gino's Southern Fried Chicken Popcorn
263,True,"Same branded product, same variant, comparable pack size",3,ASDA|Sains|Tesco,weak_heuristic|probe_fail,cross_category|multi_core_product_name|struct_unit_value_15pct,"Nescafe Gold Toffee Nut Latte x8 || Nescafe Gold Toffee Nut Latte Coffee, x8 19.5g || Nescafe Gold Toffee Nut Latte Coffee Sachets 8X18.6G"
781,False,Different variants: regular vs sugar free,2,ASDA|Tesco,weak_heuristic|probe_fail,cross_category|multi_core_product_name,Tango Tango Apple 500ml || Tango Apple Sugar Free Bottle 500ml
8636,False,Different own-brand tiers: standard vs Taste the Difference,2,ASDA|Sains,weak_heuristic|probe_fail,cross_category,"ASDA Free From Chocolate Orange Hot Cross Buns 260g || Sainsbury's Free From Chocolate Orange Hot Cross Buns, Taste the Diffe"
1410,True,"Same branded product, same variant across retailers",3,ASDA|Morrisons|Tesco,weak_heuristic|probe_fail,cross_category,The Gym Kitchen Barbeque Lentils || The Gym Kitchen Barbeque Lentils || The Gym Kitchen Barbeque Lentils 250g
9535,True,"Same branded product, same variant and comparable pack size",2,Morrisons|Sains,weak_heuristic,multi_core_product_name,Thai Taste Red Curry Paste Pouch || Thai Taste Red Curry Paste 200g
14107,False,Different own-brand products from different retailers with different formulations,2,Morrisons|Sains,weak_heuristic|probe_fail,cross_category|multi_core_product_name,"Morrisons Pineapple & Coconut Juice || Sainsbury's Pineapple & Coconut Juice Drink, No Added Sugar 1L"
9295,True,"Same branded product, same variant across retailers",3,Morrisons|Sains|Tesco,weak_heuristic|probe_fail,cross_category,Rude Health Organic Almond Drink || Rude Health Almond Drink 1L || Rude Health Almond Drink 1 Litre
4261,True,"Same branded product, same variant across retailers",2,ASDA|Tesco,weak_heuristic,multi_core_product_name,Napolina Chopped Tomatoes with Garlic || Napolina Chopped Tomatoes With Garlic 400G
3892,False,"Different own-brand products from different retailers, not equivalent tier/variant",4,ASDA|Morrisons|Sains|Tesco,weak_heuristic,multi_core_product_name,ASDA Scottish Porridge Oats || Morrisons Porridge Oats || Sainsbury's Scottish Porridge Oats 1kg || Tesco Scottish Oats Porridge 1Kg
857,False,"Different variants - some specify No Added Sugar, others don't",4,ASDA|Morrisons|Sains|Tesco,weak_heuristic,multi_core_product_name,Pomegreat Pomegranate Juice Drink No Added Sugar || Pomegreat Pomegranate Juice Drink || PomeGreat Pomegranate Juice Drink 1L || Pomegreat Pomegranate Juice Drink 1 Litre
6576,True,"Same branded product, same variant and pack size across retailers",3,ASDA|Sains|Tesco,weak_heuristic,multi_core_product_name,Lucozade Sport Zero Orange & Peach 4 x 500ml || Lucozade Sport Drink Zero Orange & Peach 4x500ml || Lucozade Sport Zero Sugar Orange & Peach 4X500ml
7411,True,"Same branded product, same variant and pack size across retailers",2,ASDA|Sains,clean,,Milky Way Nougat & Milk Chocolate Snack Bars Multipack 12 x 21.5g || Milky Way Nougat & Milk Chocolate Snack Bars Multipack 12x21.5g
377,False,Different product types - organic vs midi cucumber,2,ASDA|Sains,weak_heuristic,multi_core_product_name,ASDA Organic Cucumber || Sainsbury's Midi Cucumber
7629,False,Different own-brand premium tiers from different retailers,4,ASDA|Morrisons|Sains|Tesco,clean,,"ASDA Extra Special Blackcurrant Conserve || Morrisons The Best Blackcurrant Conserve || Sainsbury's Blackcurrant Conserve, Taste the Difference 340g || Tesco Finest Blackcurrant Conserve 340G"
3510,True,"Same branded product, same variant across retailers",2,ASDA|Tesco,weak_heuristic,multi_core_product_name,Cadbury Layers of Joy Chocolate Trifles || Cadbury Layers Of Joy Chocolate Dessert 2 X90g
626,False,Different own-brand premium tiers from different retailers,4,ASDA|Morrisons|Sains|Tesco,weak_heuristic|probe_fail,multi_core_product_name,"ASDA Extra Special British Pork Sausage Rolls || Morrisons The Best Pork Sausage Rolls || Sainsbury's Pork Sausage Rolls, Taste The Difference x4 188g || Tesco Finest 4 Pork Sausage Rolls 188G"
5347,False,Different pastry types - puff vs shortcrust,3,ASDA|Sains|Tesco,weak_heuristic|probe_fail,cross_category|multi_core_product_name,ASDA Ready Rolled Puff Pastry || Sainsbury's Ready Rolled Shortcrust Pastry 320g || Tesco Ready Rolled Puff Pastry 320G
997,True,"Same branded product, same variant across retailers",3,ASDA|Morrisons|Tesco,weak_heuristic,multi_core_product_name,Dr. Oetker Madagascan Vanilla Extract || Dr. Oetker Madagascan Vanilla Extract || Dr.Oetker Madagascan Vanilla Extract 35Ml
8414,True,"Same branded product, same variant across retailers",2,ASDA|Tesco,weak_heuristic,multi_core_product_name,Spitfire Shepherd Neame Amber Ale || Spitfire Amber Ale 500Ml
14558,True,"Same branded product, same variant and pack size",2,Sains|Tesco,weak_heuristic,multi_core_product_name,Princes Drained & Ready to Use Tuna Steak with a Little Spring Water 3 || Princes Drained Tuna Steak In Spring Water 3X110g
13433,False,Different own-brand products from different retailers,2,Morrisons|Tesco,weak_heuristic,multi_core_product_name,Morrisons Ripe & Ready To Eat Mango || Tesco Ripe And Ready 2 Pack Mango
515,True,"Same branded product, same variant across retailers",4,ASDA|Morrisons|Sains|Tesco,weak_heuristic|probe_fail,cross_category|multi_core_product_name,Warburtons Sliced Soft White Rolls || Warburtons Sliced Soft White Rolls || Warburtons Sliced White Rolls x12 || Warburtons White Sliced Sandwich Rolls 12 Pack
7326,True,"Same branded product, same variant across retailers",2,ASDA|Morrisons,weak_heuristic,multi_core_product_name,Cadbury Wispa Gold Chocolate Bars 4 Pack || Cadbury Wispa Gold Chocolat…
1078,True,"Same branded product, variant and pack size",2,ASDA|Tesco,weak_heuristic|probe_fail,multi_core_product_name|struct_known_brand_disagree,Dr. Oetker Chocolatey Dinosaurs White Chocolate Flavour || Dr Oetker 12 White Chocolatey Dinosaurs 20G
2599,True,"Same wine brand and rosé variant, comparable 750ml bottles",4,ASDA|Morrisons|Sains|Tesco,weak_heuristic|probe_fail,multi_core_product_name,La Vieille Rosé || La Vieille Ferme Rose || La Vieille Ferme Rosé 75cl || La Vieille Ferme Rose Wine 750Ml
1368,True,"Same branded product, basmati microwave rice variant, comparable pack sizes",4,ASDA|Morrisons|Sains|Tesco,weak_heuristic|probe_fail,multi_core_product_name|struct_known_brand_disagree,Ben's Original Basmati Microwave Rice || Bens Original Basmati Microwave Rice || Ben's Original Classic Basmati Microwave Rice 220g || Ben's Original Basmati Microwave Rice 220g
6505,True,"Same branded energy drink, tropical guava variant, 500ml can",2,ASDA|Tesco,weak_heuristic,multi_core_product_name,Rockstar Punched Tropical Guava Flavour Energy Drink Can || Rockstar Energy Drink Punched Tropical Guava 500ml
14215,True,"Own-brand sweetcorn, same tier, comparable pack sizes (198g vs 200g)",2,Sains|Tesco,weak_heuristic,multi_core_product_name,Sainsbury's Naturally Sweet Sweetcorn In Water 198g (157g*) || Tesco Naturally Sweet Sweetcorn 200G
1492,True,"Same branded biscuits, milk chocolate variant, comparable 75g packs",4,ASDA|Morrisons|Sains|Tesco,weak_heuristic,multi_core_product_name,LU Mikado Milk Chocolate Biscuits || Mikado Milk Chocolate Biscuits || Mikado Milk Chocolate Biscuits 75g || Mikado Milk Chocolate Biscuits 75G
313,False,Different brands (Truvia vs Purevia),2,ASDA|Tesco,weak_heuristic|probe_fail,cross_category|multi_core_product_name,Truvia Caster Sugar Alternative || Purevia Caster Sugar Alternative 370G
15328,True,"Same branded product, breakfast seed crunch variant, 150g pack",2,Sains|Tesco,weak_heuristic,multi_core_product_name,Naturya Superfood Breakfast Boost Seed Crunch 150g || Naturya Super Food Breakfast Seed Crunch 150G
4224,False,Different brands (ASDA own-brand vs Stamford Street Co.),2,ASDA|Sains,probe_fail,,JUST ESSENTIALS by ASDA Mushy Peas || Stamford Street Co. Mushy Peas 300g
17900,False,Different premium tiers (Extra Special vs Taste the Difference vs Finest),3,ASDA|Sains|Tesco,weak_heuristic,multi_core_product_name,"ASDA Extra Special 8 Unsmoked British Bacon Wiltshire Cured || Sainsbury's Wiltshire Cured Unsmoked British Back Bacon, Taste the Dif || Tesco Finest Unsmoked Wiltshire Cured Back Bacon 8 Pack 240G"
8637,True,"Same branded product, cheezie cheese variant, comparable pack sizes",3,ASDA|Morrisons|Sains,weak_heuristic|probe_fail,cross_category|multi_core_product_name,Mister Free'd Tortilla Chips Cheezie Cheese Flavour || Mister Freed Cheezie Cheese… || Mister Free'd Tortilla Chips Cheezie Cheese Flavour 135g
5753,True,"Same branded vegan sweets, fruit flavour variant, comparable pouch sizes",3,ASDA|Sains|Tesco,weak_heuristic|probe_fail,cross_category|multi_core_product_name,Skittles Vegan Chewy Sweets Fruit Flavoured Pouch Bag || Skittles Vegan Chewy Sweets Fruit Flavoured Pouch Bag 136g || Skittles Chewies Vegan Sweets Fruit Pouch Bag 137g
2257,True,"Same branded spirit, Caribbean spiced variant, comparable 700ml bottles",4,ASDA|Morrisons|Sains|Tesco,weak_heuristic,multi_core_product_name,Bacardi Caribbean Spiced Spirit Drink || Bacardi Caribbean Spiced || Bacardi Caribbean Spiced Spirit Drink 70cl || Bacardi Caribbean Spiced Rum 700Ml
15915,True,"Same branded smoothies, cherries/strawberries/apples variant, 4x150ml pack",2,Sains|Tesco,weak_heuristic,multi_core_product_name,"Innocent Kids Smoothies, Cherries, Strawberries & Apples 4x150ml || innocent Kids Smoothies Cherries, Strawberries & Apples 4 x 150ml"
17028,False,Own-brand cheese slices but different fat reduction levels (lighter vs 30% reduced),2,Sains|Tesco,weak_heuristic,multi_core_product_name,Sainsbury's Lighter Mature Cheese Slices 240g || Tesco 30% Reduced Fat Mature Cheese Slices 250G
8868,False,Different pack formats (giant gift box vs standard 232g),2,ASDA|Sains,weak_heuristic|probe_fail,cross_category|multi_core_product_name,Cadbury Mini Eggs Giant Chocolate Gift Box Easter Egg || Cadbury Mini Eggs Chocolate Easter Egg 232g
11830,True,"Same branded seasoning, garlicky variant, comparable pack sizes",2,Morrisons|Tesco,weak_heuristic,multi_core_product_name,Cornish Sea Salt Really Garlicky Seasoning || Cornish Sea Salt Really Garlicky Sea Salt 55G
2313,True,"Same branded tequila, plata 100% agave variant, comparable 700ml bottles",4,ASDA|Morrisons|Sains|Tesco,weak_heuristic,multi_core_product_name,Olmeca Altos 100% Agave Plata Tequila 70cl || Olmeca Altos 100% Agave Plata Tequila || Olmeca Altos 100% Agave Plata Tequila 70cl || Olmeca Altos Plata Tequila 700ml
16615,True,"Same branded cheese, brie variant, 200g pack",2,Sains|Tesco,weak_heuristic|probe_fail,cross_category,Le Rustique Brie 200g || Le Rustique Brie 200G
1945,True,"Same branded noodles, vindaloo flavour variant, comparable pack sizes",2,ASDA|Sains,weak_heuristic,multi_core_product_name,Batchelors Super Noodles Vindaloo Flavour || Batchelors Super Noodles Vindaloo Flavour Instant Noodle Pot 75g
16315,True,"Same branded product, variant and pack size",2,Sains|Tesco,weak_heuristic,multi_core_product_name,Malibu Cocktail Strawberry Daiquiri Sparkling 250ml || Malibu Sparkling Strawberry Daquiri Cocktail 250Ml
10923,True,"Same branded product and variant, comparable pack sizes",2,Morrisons|Sains,weak_heuristic,multi_core_product_name,Skips Prawn Cocktail Mulitpack Crisps || Skips Prawn Cocktail 6x13.1g
6052,True,"Same core product, both premium tier, comparable pack size",2,ASDA|Tesco,clean,,ASDA Extra Special 4 All Butter Croissants || Tesco Finest All Butter Croissants 4 Pack
8766,True,"Same branded product, variant and pack size",2,ASDA|Sains,clean,,Lindt 5 Gold Bunny Milk Chocolate || Lindt 5 Gold Bunny Milk Chocolate 50g
5815,True,"Same branded product, variant and pack size",2,ASDA|Sains,weak_heuristic|probe_fail,cross_category,Blue Dragon Thai Red Curry Meal Kit || Blue Dragon Thai Red Curry Meal Kit 253g
1664,False,Different pack weights (138g vs 139.25g total),2,ASDA|Tesco,weak_heuristic|probe_fail,multi_core_product_name|struct_known_brand_disagree,Fox's Rocky Orange Bars 7 x 19.75g || Foxs Rocky Orange Biscuit Bar 7 Pack 138G
2145,True,"Same branded product, variant and pack size",2,ASDA|Sains,weak_heuristic,multi_core_product_name,Castello Taste of Hawaii Pineapple & Almond Cream Cheese Ring || Castello Pineapple & Almond Cream Cheese Ring 125g
6089,False,Different own-brand products from different retailers,2,ASDA|Morrisons,weak_heuristic,multi_core_product_name,The BAKERY at ASDA 4 Large Finger Rolls || Morrisons Finger Rolls
8488,True,Same branded product and variant,2,ASDA|Morrisons,weak_heuristic,multi_core_product_name,BrewDog Hazy Jane Guava || BrewDog Hazy Jane Beer Can
5755,True,"Same branded product, variant and comparable pack size",2,ASDA|Sains,weak_heuristic|probe_fail,cross_category|multi_core_product_name,Skittles Vegan Chewy Sweets Fruit Flavoured Pouch Bag 136g || Skittles Chewies Vegan Sweets Fruit Flavoured Pouch Bag 137g
15124,True,"Same branded product, variant and pack size",2,Sains|Tesco,weak_heuristic|probe_fail,cross_category|multi_core_product_name,Fridge Raiders Southern Style Chicken Snack Bites 5x 22.5g || Fridge Raiders Southern Style Chicken Bites 5 X 22.5G
2449,True,"Same branded product, variant and pack size",3,ASDA|Sains|Tesco,weak_heuristic,multi_core_product_name,Aberlour 12 Years Old Speyside Single Malt Scotch Whisky || Aberlour 12 Year Old Single Malt Scotch Whisky 70cl || Aberlour Distillery 12 Years Old Speyside Single Malt Scotch Whisky 70
3701,True,"Same branded product, variant and pack size",4,ASDA|Morrisons|Sains|Tesco,weak_heuristic,multi_core_product_name,Herta Chicken Frankfurter || Herta Chicken Frankfurter 10 Pack || Herta Chicken Frankfurter Hot Dogs x10 350g || Herta Chicken Frankfurter Hot Dogs 10 Pack 350G
8829,True,"Same branded product, variant and pack size",4,ASDA|Morrisons|Sains|Tesco,weak_heuristic|probe_fail,cross_category|multi_core_product_name,Alpro Coconut No Sugars Chilled Drink 1L || Alpro Coconut No Sugars Chilled Drink || Alpro Coconut No Sugars Chilled Drink 1L || Alpro Coconut No Sugar Chilled Dairy Free Drink 1L
16427,False,Different product formats (super thick vs standard natural yogurt),3,ASDA|Sains|Tesco,weak_heuristic|probe_fail,cross_category|multi_core_product_name,Yeo Valley Organic Super Thick Creamy Yogurt Natural || Yeo Valley Organic Natural Yogurt 4x110g || Yeo Valley Organic Natural Yogurt 450G
14870,True,"Same branded product, variant and pack size",2,Sains|Tesco,weak_heuristic,multi_core_product_name,Garner's Pickled Shallots 300g (160g*) || Garners Pickled Shallots 300G
11962,False,Different own-brand products from different retailers,2,Morrisons|Sains,weak_heuristic,multi_core_product_name,"Morrisons The Best Barbera D'Asti || Sainsbury's Barbera d'Asti, Taste The Difference 75cl"
11271,True,"Same core product, both standard tier, same pack size",2,Morrisons|Tesco,weak_heuristic,multi_core_product_name,Morrisons Pimiento-Stuffed Olives (340g) || Tesco Pimiento Stuffed Olives In Brine 340G
6066,True,"Same core product, standard tier, comparable pack size",3,ASDA|Sains|Tesco,weak_heuristic|probe_fail,multi_core_product_name,The BAKERY at ASDA Soft White Medium Sliced Bread || Sainsbury's Soft Medium Sliced White Bread 800g || Tesco White Bread 800G
7296,True,"Same branded product, variant and pack size",3,ASDA|Sains|Tesco,weak_heuristic,multi_core_product_name,Toblerone White Sharing Chocolate Bar || Toblerone White Chocolate Bar 360g || Toblerone White Chocolate Bar 360g
1377,True,"Same branded product, variant, and comparable pack size across retailers",4,ASDA|Morrisons|Sains|Tesco,weak_heuristic|probe_fail,struct_known_brand_disagree,Ben's Original Roasted Garlic Microwave Rice || Bens Original Roasted Garlic Microwave Rice || Ben's Original Roasted Garlic Microwave Rice 220g || Ben's Original Roasted Garlic Microwave Rice 220g
967,True,"Same branded product, variant, and pack size across retailers",3,ASDA|Sains|Tesco,weak_heuristic,multi_core_product_name,Creative Nature Wholegrain Banana Bread Baking Mix || Creative Nature Whole Grain Banana Bread Mix 250g || Creative Nature Wholegrain Banana Bread Baking Mix 250G
5348,False,Different pastry types: shortcrust vs puff,2,ASDA|Tesco,weak_heuristic,multi_core_product_name,Jus-Rol Shortcrust Pastry Ready Rolled Sheet || Jus-Rol Puff Pastry Ready Rolled Sheet 320G
5464,True,"Same branded product, variant, and pack size",2,ASDA|Sains,clean,,Sensations Roast Chicken & Thyme Sharing Crisps 150g || Sensations Roast Chicken & Thyme Sharing Crisps 150g
8559,True,"Same branded product, variant, and pack size",2,ASDA|Sains,weak_heuristic|probe_fail,cross_category,Quorn Fillet Pieces 175g || Quorn Fillet Pieces 175g
16817,False,Different own-brand products from different retailers with different recipes,2,Sains|Tesco,weak_heuristic,multi_core_product_name,Sainsbury's Red Cabbage with Apple and Redcurrant Jelly 300g || Tesco Red Cabbage & Apple 300G
1845,True,"Same branded product, variant, and comparable pack size across retailers",4,ASDA|Morrisons|Sains|Tesco,clean,,Robinsons Pressed Pear & Elderflower Fruit Cordial || Robinsons Pressed Pear & Elderflower Fruit Cordial || Robinsons Pressed Pear & Elderflower Fruit Cordial 500ml || Robinsons Pressed Pear & Elderflower Fruit Cordial 500ml
5715,True,"Same branded product, variant, and pack size across retailers",3,ASDA|Sains|Tesco,clean,,This Isn't Chicken Pieces 170g || This Isn't Chicken Plant Based Pieces 170g || This Isn't Chicken Plant Based Pieces 170G
741,False,Different variants: Pizza Chicken vs Southern Style Chicken,2,ASDA|Tesco,weak_heuristic,multi_core_product_name,Fridge Raiders Pizza Chicken Bites 70g || Fridge Raiders Southern Style Chicken Bites 3X22.5G
825,True,"Same branded product, variant, and pack size across retailers",3,ASDA|Sains|Tesco,weak_heuristic,multi_core_product_name,Tropicana Pure Orange & Mango Fruit Juice || Tropicana Pure Orange & Mango Fruit Juice 850ml || Tropicana Orange & Mango Juice 850Ml
13244,True,"Same own-brand tier product, variant, and comparable pack size",3,Morrisons|Sains|Tesco,clean,,Morrisons Smoked Back Bacon Rashers 10 Pack || Sainsbury's Smoked Back Bacon Rashers x10 300g || Tesco Smoked Back Bacon Rashers 300G
15120,True,"Same branded product, variant, and pack size",2,Sains|Tesco,weak_heuristic,multi_core_product_name,Forest Feast Preda Fair Trade Mango 100g || Forest Feast Preda Fair-Trade Dried Mango 100G
14956,True,"Same branded product, variant, and pack size",2,Sains|Tesco,clean,,Stoats Raspberry & Honey Porridge Oat Bars 4x42g || Stoats Raspberry & Honey Porridge Oat Bars 4 x 42g (168g)
9608,True,Same branded product and variant across retailers,2,Morrisons|Tesco,weak_heuristic,multi_core_product_name,Telma Kneidl Matzo Ball Mix || Telma Matzo Ball Mix 84G
1025,True,Same branded product and comparable pack size across retailers,4,ASDA|Morrisons|Sains|Tesco,weak_heuristic|probe_fail,cross_category,Dr. Oetker Liquid Glucose || Dr. Oetker Liquid Glucose || Dr. Oetker Liquid Glucose 140g || Dr. Oetker Liquid Glucose 140G
3779,False,Different pack sizes: 515g vs 575g indicates different SKUs,4,ASDA|Morrisons|Sains|Tesco,weak_heuristic,multi_core_product_name,Nestle Cheerios Honey || Nestle Honey Cheerios || Nestle Honey Cheerios Cereal 515g || Nestlé Cheerios Honey Cereal 575g
14158,True,Same branded product and variant across retailers,2,Morrisons|Sains,clean,,Cadbury Creme Egg Chocolate || Cadbury Creme Egg Chocolate 5pk 200G
8015,True,Same branded product and variant across retailers,2,ASDA|Morrisons,weak_heuristic,multi_core_product_name,Cofresh Sweet Saker Para || Cofresh Sweet Saker Para Snacks
10762,True,Same own-brand tier product and comparable pack size,2,Morrisons|Sains,clean,,Morrisons Hot Paprika || Sainsbury's Hot Paprika 44g
2557,False,Different own-brand tiers: Extra Special vs Taste the Difference,2,ASDA|Sains,weak_heuristic|probe_fail|low_conf|text_sim_crash,multi_core_product_name,"ASDA Extra Special Crémant d'Alsace Brut || Sainsbury's Cremant d’Alsace, Taste the Difference 75cl"
856,True,"Same branded product, variant and pack size across retailers",3,ASDA|Sains|Tesco,clean,,Fruit Shoot Summer Fruits Kids Juice Drink || Fruit Shoot Summer Fruits Kids Juice Drink 8x200ml || Fruit Shoot Summer Fruits Kids Juice Drink 8x200ml
13999,True,"Same branded product and variant, comparable pack size",2,Morrisons|Tesco,weak_heuristic|probe_fail,multi_core_product_name|struct_known_brand_disagree,Rowntrees Tropical Tots || Rowntree's Tropical Tots Sweets Sharing Bag 140g
2890,False,Vegan vs Crunchy variants are different,3,ASDA|Sains|Tesco,weak_heuristic|probe_fail,cross_category|multi_core_product_name,Quorn Roarsomes Vegan Dinosaurs || Quorn Roarsomes Crunchy Dinosaurs 240g || Quorn Roarsomes Vegan Dinosaurs 240G
12000,False,Ruby Ale vs Ale are different variants,2,Morrisons|Sains,weak_heuristic,multi_core_product_name,Badger The Cranborne Poacher Ruby Ale || Badger The Cranborne Poacher Ale 500ml
17624,True,"Own-brand equivalents, same core product and pack size",2,Sains|Tesco,weak_heuristic,multi_core_product_name,Sainsbury's Millionaire Cake Bites x22 || Tesco Millionaire Bites 22 Pack
11632,True,Same branded product and variant across retailers,2,Morrisons|Tesco,clean,,Very Lazy Ginger || Very Lazy Ginger 190G
10350,False,Different own-brand tiers (The Best vs Finest) and formats,2,Morrisons|Tesco,weak_heuristic|probe_fail,cross_category|multi_core_product_name,Morrisons The Best Caled Vintage Cheddar || Tesco Finest Vintage Cheddar Boule
950,False,Raw Defence vs Vitalise are different variants,2,ASDA|Sains,weak_heuristic,multi_core_product_name,Mockingbird Raw Press Raw Defence Virgin Smoothie || Mockingbird Raw Press Vitalise Virgin Smoothie 750ml
4746,False,"Different own-brand tiers (Extra Special, The Best, Taste the Difference, Finest)",4,ASDA|Morrisons|Sains|Tesco,weak_heuristic|probe_fail,multi_core_product_name,"ASDA Extra Special Chicken Gravy || Morrisons The Best Chicken Gravy || Sainsbury's Chicken Gravy Pouch, Taste the Difference 350g || Tesco Finest Chicken Gravy 350Ml"
5992,True,"Same branded product and variant, comparable pack size",2,ASDA|Morrisons,weak_heuristic|probe_fail,cross_category,Warburtons Grained Farmhouse 800g || Warburtons Grained Farmhouse
6608,True,"Same branded product, variant and pack size across retailers",2,ASDA|Tesco,weak_heuristic,multi_core_product_name,WKD Cocktails Tropical Sunrise || WKD Cocktails Tropical Sunrise Ready to Drink Premix 700ml
5201,True,Same branded product and variant across retailers,2,ASDA|Tesco,weak_heuristic|probe_fail,cross_category|multi_core_product_name,Yazoo Vanilla Flavoured Milk || Yazoo Vanilla Milk 400Ml
6003,True,"Same branded product and variant, comparable pack size",4,ASDA|Morrisons|Sains|Tesco,weak_heuristic,multi_core_product_name,Mr Kipling Country Slices || Mr Kipling Country Slices || Mr Kipling Country Cake Slices x6 || Mr Kipling Country Slices 6 Pack
14034,False,Milk Chocolate vs standard Madeleine are different variants,2,Morrisons|Tesco,weak_heuristic,multi_core_product_name,Bonne Maman Madeleine With Milk Chocola… || Bonne Maman La Madeleine 7 Pack
10122,True,"Own-brand equivalents, same core product and pack size",2,Morrisons|Sains,clean,,Morrisons Pitted Green Olives || Sainsbury's Pitted Green Olives 120g
14954,True,"Same branded product, variant and pack size across retailers",2,Sains|Tesco,weak_heuristic|probe_fail,cross_category,Nescafe Dolce Gusto Americano Intenso Coffee Pods x16 || Nescafe Dolce Gusto Americano Intenso Coffee Pods x16 132.8g
1092,True,Same branded product and variant across retailers,3,ASDA|Morrisons|Sains,clean,,KTC Rose Water || KTC Rose Water || KTC Rose Water 190ml
2550,True,"Same branded product and variant, comparable pack size",4,ASDA|Morrisons|Sains|Tesco,weak_heuristic,multi_core_product_name,Jam Shed Tempranillo Wine || Jam Shed Spanish Tempranillo || Jam Shed Tempranillo 75cl || Jam Shed Tempranillo 750Ml
764,True,"Same branded product and variant, comparable pack size",3,ASDA|Sains|Tesco,weak_heuristic|probe_fail,cross_category|multi_core_product_name,Lucozade Zero Pink Lemonade Energy Drink || Lucozade Zero Pink Lemonade 500ml || Lucozade Energy Zero Pink Lemonade 500Ml
6068,True,"Own-brand equivalents, same core product and pack size",3,ASDA|Sains|Tesco,weak_heuristic,multi_core_product_name,The BAKERY at ASDA 4 Ciabatta Rolls || Sainsbury's Stonebaked Ciabatta Rolls x4 || Tesco 4 Ciabatta Rolls
11171,True,"Same branded product, variant and comparable pack size",2,Morrisons|Tesco,clean,,Loyd Grossman Bolognese Original || Loyd Grossman Bolognese Original 350G
154,True,Same branded product and variant across retailers,3,ASDA|Sains|Tesco,weak_heuristic|probe_fail,cross_category|multi_core_product_name,"Twinings Soothing Camomile & Honey 20 Tea Bags || Twinings Camomile & Honey Tea, 20 Tea Bags || Twinings Camomile & Honey 20 Tea Bags 30G"
1628,True,Same branded product and variant across retailers,3,ASDA|Morrisons|Sains,weak_heuristic,multi_core_product_name,Maryland Cookies Double Chocolate Cookies || Maryland Cookies Double Chocolate || Maryland Cookies Double Chocolate 200g
2960,True,"Same branded product and variant, minor naming differences",2,ASDA|Tesco,weak_heuristic,multi_core_product_name,Chicago Town Crispy Chicago Thin Sausage 'N' Pepperoni || Chicago Town Crispy Thin Sausage & Pepperoni Pizza 431G
15103,True,"Same branded product, pack size and variant",2,Sains|Tesco,clean,,Reese's Peanut Butter Cups x2 42g || Reese's Peanut Butter Cups 2 Pack 42G
3886,True,"Same branded product and variant, minor naming differences",2,ASDA|Tesco,weak_heuristic,multi_core_product_name,FUEL10K High Fibre Chocolate Breakfast Oat Drink || Fuel 10K Chocolate Oat Fibre Breakfast Drink 330Ml
11238,False,Different pack sizes (5x27g vs 6x20g) not comparable,4,ASDA|Morrisons|Sains|Tesco,weak_heuristic,multi_core_product_name,Kellogg's Special K Milk Chocolate Bars || Kellogg's Special K Milk Chocolate Snack Bars || Kellogg's Special K Bar Milk Chocolate 5x27g || Kellogg's Special K Milk Chocolate Bars 6X20g
1376,True,Same branded product and variant across retailers,4,ASDA|Morrisons|Sains|Tesco,weak_heuristic,multi_core_product_name,Tilda Classics Golden Vegetable Rice || Tilda Microwave Golden Vegetable Long Grain Rice || Tilda Microwave Rice Classics Golden Vegetable 250g || Tilda Microwave Golden Vegetable Rice 250G
91,False,Different Starbucks espresso variants (Verona vs Sumatra),2,ASDA|Tesco,weak_heuristic,multi_core_product_name,Starbucks By Nespresso Caffe Verona Espresso Coffee Pods 10 Capsules || Starbucks by Nespresso Single-Origin Sumatra Espresso Coffee Pods x10 
1154,True,Same branded product and variant across retailers,4,ASDA|Morrisons|Sains|Tesco,clean,,Betty Crocker Vanilla Buttercream Style Icing || Betty Crocker Vanilla Buttercream Style Icing || Betty Crocker Vanilla Buttercream Style Icing 400g || Betty Crocker Vanilla Buttercream Style Icing 400G
12724,True,"Own-brand beef mince, same tier and pack size equivalents",3,Morrisons|Sains|Tesco,weak_heuristic,multi_core_product_name,Morrisons Lean Beef Mince 5% Fat || Sainsbury's 5% Fat Beef Mince 500g || Tesco Lean Beef Steak Mince 5 % Fat 500G
13637,True,Same branded product and variant across retailers,2,Morrisons|Sains,weak_heuristic|probe_fail,cross_category|multi_core_product_name,Mackie's Strawberry Swirl Real Dairy Ice Cream || Mackie's of Scotland Strawberry Swirl Real Dairy Ice Cream 1L
1530,True,Same branded product and variant across retailers,3,ASDA|Morrisons|Sains,weak_heuristic,multi_core_product_name,Carr's Crackers Selection 200g || Carr's Crackers Selection || Carr's Cracker Selection 200g
16350,True,Same branded product and variant across retailers,2,Sains|Tesco,weak_heuristic,multi_core_product_name,The London Essence Co. Raspberry & Rose Crafted Soda 500ml || London Essence Raspberry & Rose Soda 500Ml
14978,True,"Same branded product, variant and pack size",2,Sains|Tesco,weak_heuristic|probe_fail,cross_category|multi_core_product_name,Lavazza A Modo Mio Lungo Dolce Coffee Capsules x16 || Lavazza A Modo Mio Lungo Dolce Coffee 16 Capsules
2178,True,Same branded product and variant across retailers,2,ASDA|Morrisons,weak_heuristic|probe_fail,cross_category|multi_core_product_name,BEAR Fruit Yoyos Apple Multipack || BEAR Yoyos Apple Multipack
2076,True,Same branded product and variant across retailers,3,ASDA|Morrisons|Sains,weak_heuristic|probe_fail,cross_category|multi_core_product_name,Soreen Strawberry Lunchbox Loaves Snack Bars || Soreen Strawberry Lunchbox Loaves || Soreen Strawberry Lunchbox Loaves 5x30g
7044,True,"Own-brand beef hotpot, same tier and pack size equivalents",4,ASDA|Morrisons|Sains|Tesco,weak_heuristic|probe_fail,cross_category|multi_core_product_name,ASDA Meal For One Minced Beef Hotpot 400g || Morrisons Beef Hotpot || Sainsbury's Beef Hotpot 400g (Serves 1) || Tesco Minced Beef Hotpot 400G
2855,True,Same branded product and variant across retailers,2,ASDA|Sains,weak_heuristic|probe_fail,cross_category|multi_core_product_name,Quorn Vegetarian Chicken Fillets || Quorn Vegetarian Chicken Style Fillets 312g
14286,True,"Same branded product and variant, comparable pack size",2,Sains|Tesco,weak_heuristic,multi_core_product_name,Nakd Cocoa Orange Fruit & Nut Bars 4x35g || Nakd Cocoa Orange Bars 4 Pack 140G
11860,True,"Identical branded product, same variant and pack size across retailers",3,Morrisons|Sains|Tesco,weak_heuristic|probe_fail,cross_category|multi_core_product_name,Tetley Original Tea Bags 600's || Tetley Original Tea Bags x600 1.875kg || Tetley Original Tea Bags 600 Pack 1.875Kg
11769,False,"Different own-brand products (Morrisons vs Tesco), not equivalent tier products",2,Morrisons|Tesco,weak_heuristic,multi_core_product_name,Morrisons Mini Jazzies Cake Decorations || Tesco Mini Jazzies 55G
6219,True,"Identical branded product, same variant across retailers",2,ASDA|Tesco,weak_heuristic,multi_core_product_name,Warburtons White Milk Roll Bread || Warburtons Milk Roll Sliced White Bread 400G
2967,True,"Same core own-brand product (stuffed crust cheese pizza), comparable pack sizes",3,ASDA|Morrisons|Tesco,weak_heuristic,multi_core_product_name,ASDA Takeaway Stuffed Crust Cheese Feast Pizza || Morrisons Cheese Feast Stuffed Crust Pizza || Tesco Stuffed Crust Cheese Pizza 431G
9721,False,Different own-brand tiers (Morrisons Best vs Tesco Finest premium lines),2,Morrisons|Tesco,weak_heuristic,multi_core_product_name,Morrisons The Best Topside Beef || Tesco Finest Charred Topside Beef 90G
7748,True,Identical branded wine product and variant across retailers,2,ASDA|Tesco,weak_heuristic,multi_core_product_name,Barefoot Jammy Red || Barefoot Jammy Red Wine 750Ml
16027,True,"Identical branded wine product and variant, same volume",2,Sains|Tesco,weak_heuristic,multi_core_product_name,Campo Viejo Winemakers Blend Red Wine 75cl || Campo Viejo Winemakers Blend 750Ml
12183,False,Different branded prosecco products (Sorso vs Soffio),2,Morrisons|Tesco,weak_heuristic,multi_core_product_name,Sorso Prosecco Spumante || Soffio Prosecco Spumante 75Cl
7851,True,Identical branded rice product across retailers,2,ASDA|Tesco,clean,,Salaam Basmati Rice || Salaam Basmati Rice 5Kg
7836,True,Identical branded product across retailers,2,ASDA|Morrisons,clean,,Melis Pickled Jalapeno Pepper Slices || Melis Pickled Jalapeno Pepper Slices
2367,True,Identical branded whisky product and variant across all retailers,4,ASDA|Morrisons|Sains|Tesco,weak_heuristic,multi_core_product_name,Monkey Shoulder Blended Malt Scotch Whisky || Monkey Shoulder Blended Malt Whisky || Monkey Shoulder Blended Malt Scotch Whisky 70cl || Monkey Shoulder Blended Malt Scotch Whisky 70cl
9740,True,"Same core own-brand product (Gouda slices), same tier, comparable pack size",3,Morrisons|Sains|Tesco,weak_heuristic,multi_core_product_name,Morrisons Gouda Slices || Sainsbury's Gouda Cheese Slices 250g || Tesco Gouda Slices 250G
7422,True,Identical branded chocolate product and variant across retailers,3,ASDA|Morrisons|Sains,weak_heuristic,multi_core_product_name,Lindt EXCELLENCE Caramel Sea Salt Dark Chocolate Sharing Bar || Lindt Excellence Dark Caramel & Sea Salt || Lindt Excellence Dark Caramel and Sea Salt Chocolate Bar 100g
13202,False,Different variants of same brand (Original vs Pink Cranberry),2,Morrisons|Sains,weak_heuristic,multi_core_product_name,Ocean Spray Cranberry Original || Ocean Spray Pink Cranberry 1 Litre
15711,True,Identical branded spread product and variant across retailers,2,Sains|Tesco,weak_heuristic,multi_core_product_name,Bonne Maman Crunchy Hazelnut Chocolate Spread 250g || Bonne Maman Crunchy Hazelnut Chocolate 250g
4373,True,Identical branded tuna product and variant across retailers,2,ASDA|Morrisons,clean,,John West Infusions Tuna Sundried Tomato || John West Infusions Tuna Sundried Tomato (80g)
16765,True,"Same core own-brand product (large garlic), comparable pack",2,Sains|Tesco,weak_heuristic,multi_core_product_name,Sainsbury's Large Garlic || Tesco Garlic Large
6062,True,"Same core own-brand product (cherry bakewells), same pack size",2,ASDA|Sains,weak_heuristic,multi_core_product_name,The BAKERY at ASDA 6 Cherry Bakewells || Sainsbury's Cherry Bakewells Cake Tarts x6
15011,True,"Identical branded crisps product and variant, same pack size",2,Sains|Tesco,weak_heuristic,multi_core_product_name,Doritos Cool Grab Original Tortilla Chip Crisps 48g || Doritos Tortilla Chips Cool Original Grab Bag Crisps 48g
12275,True,"Identical branded beer product and variant, same pack size",2,Morrisons|Sains,clean,,Corona Extra Premium Lager Beer bottles || Corona Extra Premium Lager Beer bottles 4x330ml
5156,True,"Same branded product, variant and pack size",2,ASDA|Sains,weak_heuristic|probe_fail,cross_category,Marmite Oven Baked Peanuts || Marmite Oven Baked Peanuts 190g
4110,True,Same branded product and variant across retailers,2,ASDA|Sains,weak_heuristic|probe_fail,cross_category,Violife Cheddarton Cheddar Cheese Alternative || Violife Cheddarton Cheddar Cheese Alternative
1970,False,Ready to Eat vs Instant Dessert are different variants,2,ASDA|Morrisons,weak_heuristic,multi_core_product_name|struct_unit_value_15pct,Angel Delight Strawberry Flavour Ready to Eat Dessert Pot || Angel Delight Strawberry Flavour Instant Dessert
5798,True,"Same branded product, variant and comparable pack size (8 cubes)",4,ASDA|Morrisons|Sains|Tesco,weak_heuristic|probe_fail,cross_category,Kallo Organic Vegetable Stock Cubes || Kallo Organic Vegetable Stock Cubes 8s || Kallo Organic Vegetable Stock Cubes 8x11g || Kallo Organic Vegetable Stock Cubes 8Pk 88G
328,False,Royal Icing Sugar vs Demerara Sugar are different variants,3,ASDA|Morrisons|Tesco,weak_heuristic|probe_fail,cross_category|multi_core_product_name,Silver Spoon Royal Icing Sugar 500g || Silver Spoon Demerara Sugar || Silver Spoon Royal Icing Sugar 500G
1665,True,"Own-brand equivalents, same core product and tier",2,ASDA|Morrisons,clean,,JUST ESSENTIALS by ASDA Caramel Wafers || Morrisons Savers Caramel Wafers
16563,True,Same branded product and variant (Teriyaki Tofu),2,Sains|Tesco,weak_heuristic|probe_fail,cross_category|multi_core_product_name,The Tofoo Co. Teriyaki Tofu 280g || The Tofoo Co. Organic Tofu Teriyaki 280G
629,True,"Same branded product, variant and pack size across retailers",3,ASDA|Sains|Tesco,weak_heuristic,multi_core_product_name,Petits Filous No Added Sugar Strawberry & Banana Fromage Frais 6 x 47g || Petits Filous No Added Sugar Strawberry & Banana Fromage Frais 6x47g || Petits Filous No Added Sugar Strawberry Banana Fromage Frais 6 X 47G
5777,True,"Same branded product and variant, comparable pack size",4,ASDA|Morrisons|Sains|Tesco,weak_heuristic|probe_fail,cross_category,Blue Dragon Coconut Milk || Blue Dragon Coconut Milk || Blue Dragon Coconut Milk 400ml || Blue Dragon Coconut Milk 400Ml
562,False,Tropicana Pure Smooth vs Tropicana Original are different variants,4,ASDA|Morrisons|Sains|Tesco,weak_heuristic|probe_fail,cross_category|multi_core_product_name,Tropicana Pure Smooth Orange Fruit Juice || Tropicana Pure Smooth Orange Fruit Juice || Tropicana Pure Smooth Orange Fruit Juice 300ml || Tropicana Orange Juice Original 300 Ml
15238,False,Different own-brand products from different retailers,2,Sains|Tesco,weak_heuristic,multi_core_product_name,"Sainsbury's Mango, SO Organic 100g || Tesco Organic Dried Mango 100G"
789,True,"Same branded product, variant and pack size",3,ASDA|Sains|Tesco,weak_heuristic|probe_fail,cross_category,Pepsi Max Lime No Sugar Cola Bottle || Pepsi Max Lime No Sugar Cola Bottle 500ml || Pepsi Max Lime No Sugar Cola Bottle 500ml
6732,True,Same branded product and variant,2,ASDA|Sains,weak_heuristic|probe_fail,multi_core_product_name|struct_known_brand_disagree,Ben's Original Sweet and Sour Original No Added Sugar Sauce || Bens Original Sweet and Sour No Added Sugar Sauce 440g
8506,False,Different premium own-brand tiers (Extra Special vs Finest),2,ASDA|Tesco,clean,,ASDA Extra Special 6 Chicken Sausages 340g || Tesco Finest 6 Chicken Sausages 340g
15030,True,Same branded product and variant,2,Sains|Tesco,weak_heuristic,multi_core_product_name,Bear Giant Yoyos Strawberry & Mango 5x20g || Bear Giant Yoyo Strawberry & Mango 5 X 20G
10591,True,Same branded product and variant,2,Morrisons|Sains,weak_heuristic,multi_core_product_name,Napolina Peeled Plum Tomatoes in a… || Napolina Peeled Plum Tomatoes 400g
16492,True,Same branded product and variant across retailers,3,ASDA|Sains|Tesco,weak_heuristic|probe_fail,cross_category|multi_core_product_name,Higgidy Cheddar and Onion Chutney Veggie Rolls || Higgidy Cheddar & Onion Chutney Veggie Rolls 160g || Higgidy Cheddar & Onion Veggie Rolls 160G
7566,True,"Same branded product and variant, comparable pack size",3,ASDA|Sains|Tesco,weak_heuristic,multi_core_product_name,Highland Spring Sparkling Spring Water || Highland Spring Sparkling Spring Water 8x500ml || Highland Spring Sparkling Water 8X500ml
6888,False,Different premium own-brand tiers (Extra Special vs The Best),2,ASDA|Morrisons,weak_heuristic,multi_core_product_name,ASDA Extra Special Whole Kalamata Olives || Morrisons The Best Whole Kalamata (210g)
8670,True,Same branded product and variant,3,ASDA|Sains|Tesco,weak_heuristic,multi_core_product_name,Lindt Lindor Milk Chocolate Easter Egg with Milk Truffles || Lindt Milk Chocolate Egg with Lindor Assorted Truffles 260g || Lindt Milk Chocolate Egg With Lindor Assorted Truffles 260G
6719,True,"Same branded product, same variant across retailers",3,ASDA|Morrisons|Tesco,weak_heuristic|probe_fail,struct_known_brand_disagree,Sharwood's Plum Sauce || Sharwood's Plum Sauce || Sharwoods Plum Sauce 300G
3182,True,"Own-brand chopped coriander, same tier and comparable pack size",2,ASDA|Morrisons,clean,,ASDA Chopped Coriander 75g || Morrisons Chopped Coriander
3757,True,"Same branded product, same variant across retailers",2,ASDA|Sains,weak_heuristic,multi_core_product_name,Kellogg's Krave Chocolate Hazelnut Breakfast || Kellogg's Krave Chocolate Hazelnut Cereal 410g
9390,False,Different product names (Totally Toffee vs Sticky Toffee),2,Morrisons|Sains,weak_heuristic,multi_core_product_name,We Love Cake Totally Toffee Sticky Toffee Slices || We Love Cake Sticky Toffee Slices x4 158g
9032,True,"Same branded product, same variant and multipack format",2,ASDA|Morrisons,weak_heuristic,multi_core_product_name,Galaxy Triple Treat Fruit & Nut Multipack Chocolate Bar Snack 4x || Galaxy Triple Treat Fruit & Nut Milk Ch…
12281,True,"Same branded product, same variant across retailers",2,Morrisons|Sains,weak_heuristic|probe_fail,struct_known_brand_disagree,Fever-Tree Pink Grapefruit Soda || Fever Tree Pink Grapefruit Soda 500ml
5844,False,Different variants (regular vs no added sugar),2,ASDA|Sains,weak_heuristic|probe_fail,cross_category|multi_core_product_name,Hartley's Jelly Raspberry Flavour || Hartley's No Added Sugar Raspberry Jelly Pot Multipack 6x115g
9001,False,"Tesco product is Less Salt variant, others are standard",4,ASDA|Morrisons|Sains|Tesco,weak_heuristic|probe_fail,cross_category|multi_core_product_name,Pringles Sour Cream & Onion Multigrain || Pringles Multigrain Sour Cream & Onion || Pringles Multigrain Sour Cream & Onion Sharing Crisps 166g || Pringles Less Salt Multigrain Sour Cream & Onion 166G
1162,True,"Same branded product, same variant across retailers",4,ASDA|Morrisons|Sains|Tesco,weak_heuristic,multi_core_product_name,Betty Crocker Tempting Chocolate Icing || Betty Crocker Milk Chocolate Icing || Betty Crocker Tempting Chocolate Icing 400g || Betty Crocker Tempting Chocolate Icing 400G
12078,False,Different beer variants (Oak Aged vs Original),2,Morrisons|Sains,weak_heuristic,multi_core_product_name,Innis & Gunn Oak Aged Beer Bottle || Innis & Gunn Original Beer 330ml
4315,False,"Different bean types (black, cannellini, haricot)",4,ASDA|Morrisons|Sains|Tesco,weak_heuristic|probe_fail,multi_core_product_name,ASDA Black Beans in Water 400g || Morrisons Cannellini Beans In Water (400g) || Sainsbury's Black Beans in Water 400g || Tesco Haricot Beans In Water 400G
16200,True,"Same branded product, same variant and pod count",2,Sains|Tesco,weak_heuristic|probe_fail,cross_category|multi_core_product_name,Nescafe Dolce Gusto Plant-based Flat White Coconut Pods x12 Per Box || Nescafe Dolce Gusto Plant-based Flat White Coconut Coffee Pods x12 116
10236,True,"Own-brand duck spring rolls, same core product and comparable pack size",2,Morrisons|Sains,weak_heuristic,multi_core_product_name,Morrisons Duck Spring Rolls || Sainsbury's Duck Spring Roll x4 200g
2706,True,Same branded wine product across retailers,2,ASDA|Morrisons,clean,,The Shy Pig Blush 75cl || The Shy Pig Blush
8573,False,"ASDA product is clotted cream, others are clotted cream ice cream",4,ASDA|Morrisons|Sains|Tesco,weak_heuristic|probe_fail,cross_category|multi_core_product_name,Kelly's Cornish Clotted Cream || Kelly's Cornish Clotted Ice Cream || Kelly's Cornish Clotted Ice Cream 950ml || Kelly's Cornish Clotted Cream Ice Cream 950Ml
12513,False,"Different own-brand tiers (Extra Special, The Best, Finest)",3,ASDA|Morrisons|Tesco,weak_heuristic,multi_core_product_name,ASDA Extra Special 6 Sourdough Crumpets || Morrisons The Best Crumpets with Sourdough || Tesco Finest 6 Sourdough Crumpets
2440,True,"Same branded product, same variant across retailers",3,ASDA|Morrisons|Tesco,weak_heuristic,multi_core_product_name,Malibu Strawberry Flavoured Rum || Malibu Strawberry Flavoured Rum || Malibu Strawberry Flavour Rum Liqueur 700Ml
9951,True,"Same branded product, same variant across retailers",3,Morrisons|Sains|Tesco,weak_heuristic|probe_fail,cross_category|multi_core_product_name,Lindahls Protein Pudding Salted Caramel || Lindahls Protein Pudding Salted Caramel 140g || Lindahls Salted Caramel Protein Pudding 140G
12403,False,Different whisky brands (Smokehead vs Glen Keith),2,Morrisons|Tesco,weak_heuristic,multi_core_product_name,Smokehead Islay Single Malt Scotch Whisky || Glen Keith Single Malt Scotch Whisky 70cl
8813,False,Different Easter egg designs (Unicorn vs Dinosaur),3,ASDA|Sains|Tesco,weak_heuristic|probe_fail,cross_category|multi_core_product_name,Thorntons Milk Chocolate Unicorn Easter Egg || Thorntons Milk Chocolate Dinosaur Easter Egg 151g || Thorntons Milk Chocolate Dinosaur Egg 151G
11888,False,Stella Artois Unfiltered vs Premium Lager are different variants,4,ASDA|Morrisons|Sains|Tesco,weak_heuristic,multi_core_product_name|struct_unit_value_15pct,Stella Artois Unfiltered Lager Beer Bottles || Stella Artois Premium Lager Beer Bottles || Stella Artois Premium Lager Beer Bottles 12x330ml || Stella Artois Lager Beer 12X330ml
12068,True,"Same branded product, same variant and pack size",2,Morrisons|Sains,weak_heuristic,multi_core_product_name,Southern Comfort Lemo… || Southern Comfort & Lemonade 330ml
1851,True,"Same branded product, same variant and pack size",3,ASDA|Sains|Tesco,weak_heuristic,multi_core_product_name,Bottlegreen Refreshing Lime & Mint Cordial 500ml || Bottlegreen Refreshing Lime & Mint Cordial 500ml || Bottlegreen Lime & Mint Cordial 500Ml
12316,False,Cloudy Vintage vs Vintage are different variants,2,Morrisons|Sains,weak_heuristic,multi_core_product_name,Henry Westons Cloudy Vintage Cider Bottle || Henry Westons Vintage Cider 500ml
2573,True,"Same branded product, same variant and pack size",2,ASDA|Morrisons,weak_heuristic,struct_branded_vs_ownbrand,Tiger Asian Lager Beer Bottle || Tiger Asian Lager Beer Bottle
18070,True,"Same branded product, same variant and pack size",2,Sains|Tesco,weak_heuristic,multi_core_product_name,Bacardi Mango Mojito Flavoured Alcoholic Drink 250ml || Bacardi Mango Mojito 250Ml
17053,False,Pack sizes differ significantly (320g vs 2x157g total weight),2,Sains|Tesco,weak_heuristic|probe_fail,cross_category|multi_core_product_name,Chicago Town Deep Dish Mega Meaty Pizza x2 (320g) || Chicago Town Deep Dish Mega Meaty Pizzas 2 X 157G
4568,True,"Same branded product, same variant and pack size",2,ASDA|Tesco,clean,,French's Classic Yellow Mustard || French's Classic Yellow Mustard 397G
3665,True,"Same branded product, same variant, comparable pack sizes",3,ASDA|Morrisons|Sains,weak_heuristic|probe_fail,cross_category|multi_core_product_name,Princes Ham || Princes Cured Ham || Princes Cured Ham 325g
5503,False,McCoy's Thai Sweet Chicken vs Ridge Cut are different variants,3,ASDA|Sains|Tesco,weak_heuristic,multi_core_product_name,McCoy's Thai Sweet Chicken Multipack Crisps || McCoy's Thai Sweet Chicken Multipack Crisps 6 Pack || Mccoy's Thai Sweet Chicken Ridge Cut Crisps 6X25g
3583,True,"Same branded product, same variant and pack size",2,ASDA|Tesco,weak_heuristic,multi_core_product_name,English Cheesecake Company Luxury Vanilla Cheesecake with Lotus Biscof || English Cheesecake Company Ltd Vanilla Cheesecake With Lotus Biscoff 2
5685,False,ASDA Extra Special vs Tesco Finest are different own-brand tiers,2,ASDA|Tesco,weak_heuristic,multi_core_product_name,ASDA Extra Special Porcini Mushroom & Truffle Mezzelune || Tesco Finest Porcini & Black Truffle Mezzelune 250G
8002,True,"Same branded product, same variant and pack size",2,ASDA|Morrisons,clean,,Sunshine Snacks Chee Zees Original || Sunshine Snacks Chee Zees Original
9117,False,ASDA Milk Chocolate Chips vs Sainsbury's No Added Sugar are different variants,2,ASDA|Sains,weak_heuristic|probe_fail,multi_core_product_name,ASDA Milk Chocolate Chips || Sainsbury's No Added Sugar Milk Chocolate 100g
8102,True,"Same branded product, same variant and pack size",4,ASDA|Morrisons|Sains|Tesco,weak_heuristic|probe_fail,cross_category|multi_core_product_name,Holy Moly Guacamole Original || Holy Moly Original Guacamole || Holy Moly Guacamole: Original 150g || Holy Moly Guacamole Original 150G
16145,True,"Same branded product, same variant (VS/Very Special) and pack size",2,Sains|Tesco,weak_heuristic,multi_core_product_name,Hennessy VS Cognac 70cl || Hennessy Very Special Cognac 70cl
343,False,ASDA own-brand vs Horlicks branded are different products,2,ASDA|Sains,weak_heuristic|probe_fail,cross_category|multi_core_product_name,ASDA Instant Malt Drink || Horlicks Instant Malt 400g
16043,True,"Same branded product, same variant and pack size",2,Sains|Tesco,clean,,Porta 6 White Wine 750ml || Porta 6 White Wine 750Ml
13769,False,Morrisons own-brand vs Tesco Marinated Anchovies are different products,2,Morrisons|Tesco,weak_heuristic,multi_core_product_name,Morrisons Anchovies || Tesco Marinated Anchovies 140G
4131,True,"Same branded product, same variant and pack size",2,ASDA|Morrisons,weak_heuristic,multi_core_product_name,Leerdammer Original 8 Slices || Leerdammer Original Cheese 8 Slices
9777,True,"Same branded product, variant and pack size",2,Morrisons|Tesco,weak_heuristic,multi_core_product_name,Benecol Raspberry No Added Sugar Yogurt Drink || Benecol Raspberry No Added Sugar 6 x 67.5g
17070,False,Different Charlie Bigham's variants (Cottage Pie vs Fish Pie),2,Sains|Tesco,weak_heuristic,multi_core_product_name,Charlie Bigham's Cottage Pie 650g (Serves 2) || Charlie Bigham's Fish Pie 655G
16199,True,Identical branded product and size,2,Sains|Tesco,clean,,Dr Pepper 150ml || Dr Pepper 150ml
1335,True,"Same branded Tilda rice variant, comparable pack sizes",4,ASDA|Morrisons|Sains|Tesco,weak_heuristic,multi_core_product_name,Tilda Pure Original Basmati Rice || Tilda Pure Basmati Rice || Tilda Pure Basmati Rice 5kg || Tilda Pure Basmati Rice 5Kg
11078,True,"Own-brand ground black pepper, same tier and size",2,Morrisons|Tesco,clean,,Morrisons Ground Black Pepper || Tesco Ground Black Pepper 25G
893,True,Same branded Innocent tropical juice variant,3,ASDA|Sains|Tesco,weak_heuristic,multi_core_product_name,Innocent tropical juice || Innocent Tropical Juice 900ml || Innocent Tropical Juice 900Ml
11995,False,Different pack formats (single can vs 4-pack),2,Morrisons|Sains,weak_heuristic|probe_fail,cross_category|multi_core_product_name,Lucky Saint Unfiltered Alcohol Free Lager Can || Lucky Saint Unfiltered Lager 4 x 330ml
15006,True,Identical branded Cadbury Twirl bar and size,2,Sains|Tesco,weak_heuristic,multi_core_product_name,Cadbury Twirl Chocolate Bar 43g || Cadbury Twirl Bar 43G
16095,True,Identical branded beer variant and pack size,2,Sains|Tesco,weak_heuristic,multi_core_product_name,Old Speckled Hen Pale Ale Beer Cans 10x440ml || Old Speckled Hen Pale Ale 10 X 440Ml
5598,False,Different variants (Sea Salt vs Kale) and pack sizes,3,ASDA|Sains|Tesco,weak_heuristic,multi_core_product_name,Eat Real Sea Salt Veggie Straws 110g || Eat Real Kids Veggie Kale Straws 5x20g || Eat Real Veggie Straws Kids Multi-Pack 5X20g
3632,False,Different own-brand tiers (ASDA standard vs Tesco Prime Cuts premium),2,ASDA|Tesco,weak_heuristic,multi_core_product_name,ASDA Carved Cumberland Sausage Slices || Tesco Prime Cuts Cumberland Sausage Slices 150G
982,True,Same branded Dr. Oetker product and variant,3,ASDA|Morrisons|Tesco,weak_heuristic|probe_fail,struct_known_brand_disagree,Dr. Oetker Brookie Cookies Baking Mix || Dr. Oetker Brookie Cookies Baking Mix || Dr Oetker Brookie Cookies Baking Mix 390G
14693,True,Identical branded Lindt chocolate bar variant and size,2,Sains|Tesco,clean,,Lindt Excellence Dark Chilli Chocolate Bar 100g || Lindt Excellence Dark Chilli Chocolate Bar 100G
17849,True,Same branded Alpro Barista Oat variant and size,2,Sains|Tesco,weak_heuristic|probe_fail,cross_category|multi_core_product_name,Alpro Barista Oat 750ml || Alpro Barista Oat Chilled Dairy Free Drink 750ml
1285,True,Same branded Fever-Tree variant and comparable size,3,ASDA|Morrisons|Sains,clean,,Fever-Tree Raspberry & Rose Lemonade || Fever-Tree Raspberry & Rose Lemonade || Fever-Tree Raspberry & Rose Lemonade 500ml
15792,False,Different own-brand variants (plain garlic vs tomato & garlic),2,Sains|Tesco,weak_heuristic|probe_fail,cross_category|multi_core_product_name,Sainsbury's Garlic Flatbread 210g || Tesco Sunblush Tomato & Garlic Flatbread 235 G
7680,True,"Own-brand smooth peanut butter, same tier and size",3,ASDA|Sains|Tesco,weak_heuristic,multi_core_product_name,ASDA Smooth Peanut Butter 700g || Sainsbury's Peanut Butter Smooth 700g || Tesco Smooth Peanut Butter 700G
8324,False,Different pack formats (10 pack vs unspecified),2,ASDA|Morrisons,weak_heuristic,multi_core_product_name,Carling Original Lager 10 Pack || Carling Original Lager Beer Cans
2896,True,Same branded Fry's product variant and comparable size,3,ASDA|Morrisons|Tesco,weak_heuristic|probe_fail,cross_category,Fry's Plant-Based Popcorn Chick'n || Fry's Plant-based Popcorn Chick'n || Fry's Plant-Based Popcorn Chick'n 300G
8626,True,"Own-brand white paper cake cases, same product type",2,ASDA|Morrisons,weak_heuristic,multi_core_product_name,ASDA Cake White Paper Cases || Morrisons White Fairy Paper Cases
5095,True,"Same branded product, same variant, comparable pack size",3,ASDA|Morrisons|Tesco,clean,,Schwartz Chicken Chasseur Recipe Mix || Schwartz Chicken Chasseur Recipe Mix || Schwartz Chicken Chasseur Recipe Mix 40g
13952,True,"Same branded product, same variant, same multipack format",3,Morrisons|Sains|Tesco,weak_heuristic,multi_core_product_name,San Pellegrino Lemon || San Pellegrino Lemon 6x330ml || San Pellegrino Lemon Soft Drink Multipack 6x330ml
14550,False,Different own-brand products with different core ingredients/variants,3,ASDA|Sains|Tesco,weak_heuristic|probe_fail,multi_core_product_name,ASDA Ricotta & Red Pepper Pesto || Sainsbury's Roasted Red Pepper Pesto 190g || Tesco Reduced Fat Red Pesto 190G
8255,True,"Same own-brand product, same core item, comparable pack size",2,ASDA|Tesco,weak_heuristic,multi_core_product_name,ASDA Seasoned Southern Fried Chicken Thighs & Drumsticks || Tesco Southern Fried Chicken Thighs & Drumsticks 800g
6810,True,"Same branded product, same variant, same pack size",2,ASDA|Tesco,weak_heuristic,multi_core_product_name,Old El Paso Red Jalapeños 215g || Old El Paso Sliced Red Jalapenos 215G
14317,True,"Same branded product, same variant, same pack size",2,Sains|Tesco,clean,,De Cecco Linguine 500g || De Cecco Linguine 500G
11687,False,Different variants: standard vs plant-based tea bags,2,Morrisons|Sains,weak_heuristic,multi_core_product_name,Twinings English Strong Breakfast 120 Tea Bags || Twinings Strong English Breakfast 120 Plant-Based Tea Bags 375g
3274,True,"Same branded product, same variant, same pack size",3,ASDA|Sains|Tesco,weak_heuristic|probe_fail,cross_category,Kirsty's Luxury Apple Pie || Kirsty's Luxury Apple Pie 322g || Kirsty's Luxury Apple Pie 322G
17042,False,Different variants: standard vs Field Fresh,2,Sains|Tesco,weak_heuristic|probe_fail,cross_category|multi_core_product_name,Birds Eye Petits Pois 545g || Birds Eye Field Fresh Petits Pois 545G
2722,True,"Same branded wine, same variant, same format",3,ASDA|Morrisons|Tesco,weak_heuristic,multi_core_product_name,Errazuriz Sauvignon Blanc || Errazuriz Sauvignon Blanc || Errazuriz Estate Sauvignon Blanc 75Cl
3506,False,Different variants: Kefir Protein vs Kefir Quark,3,ASDA|Sains|Tesco,weak_heuristic,multi_core_product_name,Biotiful Gut Health Kefir Protein Original || Biotiful Gut Health Kefir Protein Original 250g || Biotiful Low Fat Gut Health Kefir Quark Original 250G
2304,False,Different variants: Classic vs Reserve,3,ASDA|Sains|Tesco,weak_heuristic,multi_core_product_name,McGuigan Classic Cabernet Sauvignon || McGuigan Reserve Cabernet Sauvignon 75cl || Mcguigan Reserve Cabernet Sauvignon 75Cl
4851,True,"Same branded product, same variant, same pack size",3,ASDA|Sains|Tesco,weak_heuristic,multi_core_product_name,Potts Vegetable Stock || Potts' Vegetable Stock 500ml || Potts Vegetable Stock 500Ml
1269,True,"Same branded product, same variant, same multipack format",3,ASDA|Sains|Tesco,clean,,Bundaberg Root Beer || Bundaberg Root Beer 4x375ml || Bundaberg Root Beer 4 X 375Ml
11732,True,"Same branded product, same variant, same pack size",3,Morrisons|Sains|Tesco,weak_heuristic,multi_core_product_name,Oreo Sandwich Biscuits Choc'o Brownie || OREO Choco Brownie Sandwich Biscuits 154g || OREO Choco Brownie Cookie Sandwich Biscuits 154G
2189,True,"Same own-brand cider variant, same core product",2,ASDA|Sains,weak_heuristic|probe_fail,cross_category|multi_core_product_name,ASDA Cider Dark Fruits || Sainsbury's Dark Fruit Cider 4x440ml
11328,True,"Same branded product, same variant, same pack size",4,ASDA|Morrisons|Sains|Tesco,weak_heuristic,multi_core_product_name,Batchelors Batchelors Pasta 'n' Sauce Chicken & Mushroom Flavour Pasta || Batchelors Pasta 'N' Sauce Chicken & Mushroom Pot || Batchelors Pasta 'n' Sauce Pot Chicken & Mushroom Flavour 65g || Batchelors Pasta & Sauce Chicken & Mushroom 65G
7387,True,"Same branded product, same variant, same quantity",2,ASDA|Sains,weak_heuristic,multi_core_product_name,Guylian Temptations Assortment About 20 Single Wrapped Chocolates || Guylian Temptations Assortment Single Wrapped Chocolates x20 200g
10512,True,"Same branded product, same variant, same pack format",2,Morrisons|Tesco,weak_heuristic|probe_fail,cross_category|multi_core_product_name,Nescafe 3In1 Instant Coffee 6 x 16g Sachets || Nescafe 3in1 Original Coffee Sachets 6x16g
17882,True,"Same branded product, same variant, same pack size",2,Sains|Tesco,weak_heuristic|probe_fail,struct_known_brand_disagree,Dr. Oetker Easter Baking Cases x50 || Dr Oetker Easter Baking Cases 50 Pack
4188,True,"Identical branded product, same variant and pack size",2,ASDA|Sains,weak_heuristic|probe_fail,cross_category,John West Skippers Brisling in Tomato Sauce || John West Skippers Brisling in Tomato Sauce 106g
7573,False,Different own-brand products (ASDA vs Tesco),2,ASDA|Tesco,weak_heuristic,multi_core_product_name,ASDA Still Strawberry Flavour Water || Tesco Strawberry Flavoured Still Water 4X500ml
9541,True,"Identical branded product, same variant and pack size",2,Morrisons|Tesco,clean,,Lee Kum Kee Premium Dark Soy Sauce || Lee Kum Kee Premium Dark Soy Sauce 150Ml
7201,False,Different variants (Original vs Sweets) and pack sizes (130g vs 140g),4,ASDA|Morrisons|Sains|Tesco,weak_heuristic,multi_core_product_name,Sour Patch Kids Sweets || Sour Patch Kids Original || Sour Patch Kids Sweets Bag 140g || Sour Patch Kids Original 130G
1328,False,Different variants (Fine vs Medium egg noodles),3,ASDA|Morrisons|Tesco,weak_heuristic,multi_core_product_name,Blue Dragon Blue Dragon Fine Egg Noodles 250g || Blue Dragon Medium Egg Noodles || Blue Dragon Fine Egg Noodles 250g
12521,True,"Same own-brand product, same tier, comparable pack size",2,Morrisons|Sains,clean,,Morrisons Wholemeal Muffins || Sainsbury's Wholemeal Muffins x6
1333,False,Different variants (Traditional vs Carnaroli risotto rice),4,ASDA|Morrisons|Sains|Tesco,weak_heuristic,multi_core_product_name,Gallo Traditional Risotto Rice || Gallo Carnaroli Risotto Rice || Gallo Traditional Risotto Rice 500g || Gallo Risotto Rice 500G
12700,True,"Identical branded product, same variant and pack size",4,ASDA|Morrisons|Sains|Tesco,weak_heuristic,multi_core_product_name,Richmond 20 Thick Frozen Pork Sausages || Richmond 20 Thick Frozen Pork Sausages || Richmond Thick Frozen Pork Sausages x20 860g || Richmond 20 Frozen Thick Pork Sausages 860G
819,False,Tesco product lacks 'Sensations' variant name,4,ASDA|Morrisons|Sains|Tesco,weak_heuristic|probe_fail,cross_category|multi_core_product_name,Tropicana Sensations Pineapple Fruit Juice || Tropicana Sensations Pineapple Fruit Juice || Tropicana Sensations Pineapple Fruit Juice 850ml || Tropicana Pineapple Juice 850Ml
3439,True,"Identical branded product, same variant and pack size",2,ASDA|Sains,weak_heuristic|probe_fail,cross_category|multi_core_product_name,Yeo Valley Organic Greek Recipe 5% Strained Natural Yogurt 450g || Yeo Valley Greek Recipe 5% Strain Natural Yogurt 450g
4297,True,"Same own-brand product, same tier, comparable pack size",4,ASDA|Morrisons|Sains|Tesco,clean,,ASDA Chicken Korma || Morrisons Chicken Korma || Sainsbury's Chicken Korma 392g || Tesco Chicken Korma 392G
9893,True,"Identical branded product, same variant and pack size",3,ASDA|Morrisons|Sains,weak_heuristic|probe_fail,cross_category|multi_core_product_name,Arla BOB Grated Mature Cheddar Cheese || Arla B.O.B Grated Mature Cheddar Cheese || Arla BOB Grated Mature Cheddar 180g
9171,False,Different formulations (Cultures vs Vitamins),2,ASDA|Tesco,weak_heuristic,multi_core_product_name,"Innocent Super Smoothie Tropical Defence Mango, Coconut Milk, Apple, G || innocent Super Smoothie Tropical Defence Mango, Coconut Milk. Apple & "
6753,True,"Same own-brand product, same tier, comparable pack size",4,ASDA|Morrisons|Sains|Tesco,weak_heuristic,multi_core_product_name,"ASDA Tomato & Chunky Vegetable Pasta Sauce || Morrisons Tomato and Vegetable Pasta Sauce || Sainsbury's Pasta Sauce, Chunky Vegetable 500g || Tesco Chunky Vegetable Pasta Sauce 500G"
7835,True,"Identical branded product, same variant",2,ASDA|Morrisons,weak_heuristic,multi_core_product_name,Melis Capers in Brine || Melis Capers In Brine
9817,True,"Same own-brand product, same tier, comparable pack size",2,Morrisons|Sains,weak_heuristic,multi_core_product_name,Morrisons Egg Mayo Sandwich Filler || Sainsbury's Egg Mayo Deli Filler 385g
1281,True,"Identical branded product, same variant and pack size",2,ASDA|Tesco,weak_heuristic,multi_core_product_name,Schweppes Monsoon Dance Melon Watermelon Soda Mixer || Schweppes Melon Watermelon Soda Mixer 1 Litre
1364,True,"Same branded product, same variant, comparable pack size",4,ASDA|Morrisons|Sains|Tesco,weak_heuristic,multi_core_product_name,Tilda Lime & Coriander Basmati Rice || Tilda Microwave Lime & Coriander Basmati Rice || Tilda Microwave Rice Lime & Coriander Basmati 250g || Tilda Lime And Coriander Steamed Basmati Rice 250G
2542,True,"Identical branded product, same variant and pack size",4,ASDA|Morrisons|Sains|Tesco,clean,,McGuigan Zero Shiraz || McGuigan Zero Shiraz || McGuigan Zero Shiraz Alcohol Free 75cl || Mcguigan Zero Shiraz 75Cl
16720,False,Different formulations (High Protein vs Protein),2,Sains|Tesco,weak_heuristic|probe_fail,cross_category|multi_core_product_name,Alpro High Protein Tropical Fruit Dairy Free Soya Yoghurt Alternative  || Alpro Protein Tropical Fruit Soya Yoghurt Alternative 200g
10395,True,"Same branded product, same variant",2,Morrisons|Sains,weak_heuristic,multi_core_product_name,Marmite Crisps || Marmite Yeast Extract Crisps 6x25g
17841,True,"Same branded product, same variant and size",2,Sains|Tesco,clean,,Edinburgh Gin Strawberry & Pink Peppercorn 250ml || Edinburgh Gin Strawberry & Pink Peppercorn 250Ml
11913,True,"Same branded wine, same variant, comparable pack sizes",3,Morrisons|Sains|Tesco,weak_heuristic,multi_core_product_name,Campo Viejo Rioja Tempranillo Red Wine || Campo Viejo Rioja Tempranillo Red Wine 18.75cl || Campo Viejo Tempranillo Rioja 187Ml
17885,True,"Same branded drink, same variant and size",2,Sains|Tesco,clean,,Lucozade Energy Caribbean Crush 900ml || Lucozade Energy Caribbean Crush 900Ml
6486,False,Different Monster variants (Monarch vs Ultra),4,ASDA|Morrisons|Sains|Tesco,weak_heuristic,multi_core_product_name,Monster Monarch Energy Drink Cans || Monster Energy Drink Ultra || Monster Energy Drink Monarch 4x500ml || Monster Energy Drink Monarch 4x500ml
4899,False,Gluten-free variant differs from standard,4,ASDA|Morrisons|Sains|Tesco,weak_heuristic|probe_fail,cross_category,Paxo Sage and Onion Stuffing Mix || Paxo Gluten Free Sage & Onion Stuffing Mix || Paxo Sage & Onion Stuffing Mix 170g || Paxo Sage & Onion Stuffing Mix 170G
12893,True,"Same branded product, same variant and size",2,Morrisons|Tesco,clean,,Tic Tac Fresh Mint || Tic Tac Fresh Mint 18G
419,True,"Own-brand sweet potatoes, same tier, comparable pack size",3,ASDA|Morrisons|Tesco,weak_heuristic,multi_core_product_name,ASDA Creamy & Flavoursome Sweet Potatoes || Morrisons Sweet Potatoes || Tesco Sweet Potatoes 1Kg
8149,True,"Own-brand semi-dried tomato & mozzarella, same core product",2,ASDA|Morrisons,weak_heuristic,multi_core_product_name,ASDA Semi-Dried Tomatoes & Mozzarella || Morrisons Semi Dried Tomato & Mozzarella
6032,True,"Own-brand triple chocolate muffins, same tier, same pack size",2,ASDA|Tesco,clean,,The BAKERY at ASDA 4 Triple Chocolate Muffins || Tesco 4 Triple Chocolate Muffins
6635,True,"Same branded product, same variant",3,ASDA|Morrisons|Sains,weak_heuristic,multi_core_product_name,Sharwood's Sweet & Sour Cooking Sauce || Sharwood's Sweet & Sour Chinese Cooking Sauce || Sharwood's Sweet & Sour Cooking Sauce 425g
12534,True,"Own-brand madeleines cakes, same core product",2,Morrisons|Sains,weak_heuristic,multi_core_product_name,Morrisons Madeleines || Sainsbury's Madeleines Cakes 250g
3332,True,"Same branded product, same variant and size",2,ASDA|Sains,weak_heuristic|probe_fail,cross_category|multi_core_product_name,Lindahls Pro+ Kvarg Raspberry & Vanilla || Lindahls Pro+ Kvarg Raspberry & Vanilla Protein Yogurt Drink 250ml
2415,True,"Same branded liqueur, same variant and size",2,ASDA|Sains,weak_heuristic,multi_core_product_name,Glayva Whisky Liqueur || Glayva Blended Scotch Whisky Liqueur 50cl
6084,False,Different premium tiers and brioche variants (sesame seed differs),3,ASDA|Sains|Tesco,weak_heuristic,multi_core_product_name,"ASDA Extra Special Sliced Brioche Burger Buns || Sainsbury's Brioche Burger Buns, Taste the Difference x4 || Tesco Finest 4 Brioche Sesame Seed Burger Buns"
16582,False,Different premium tiers (Taste the Difference vs Finest),2,Sains|Tesco,weak_heuristic|probe_fail,cross_category|multi_core_product_name,"Sainsbury's Roasted Garlic & Extra Virgin Olive Oil Flatbread, Taste t || Tesco Finest Garlic & Extra Virgin Olive Oil Flatbread 200G"
12596,True,"Same branded product, same variant and size",3,Morrisons|Sains|Tesco,weak_heuristic|probe_fail,cross_category|multi_core_product_name,Feast Original Ice Cream Sticks || Wall's Feast Original Chunky Chocolate Ice Cream Sticks 4x90ml || Wall's Feast Chocolate Ice Cream Sticks 4x90ml
13874,False,Different premium tiers (The Best vs Taste the Difference),2,Morrisons|Sains,weak_heuristic,multi_core_product_name,"Morrisons The Best Scottish Salmon Si… || Sainsbury's Boneless Scottish Salmon Side, Taste the Difference 750g"
17470,False,Different premium tiers (Extra Special vs Finest vs Taste the Difference),3,ASDA|Sains|Tesco,weak_heuristic,multi_core_product_name,"ASDA Extra Special 6 Cumberland Pork Sausages || Sainsbury's British Pork Cumberland Sausages, Taste the Difference x6  || Tesco Finest 6 British Pork Cumberland Sausages 400G"
6427,True,"Same branded drink, same variant and size",3,ASDA|Sains|Tesco,weak_heuristic|probe_fail,cross_category,Bigga Grape Flavour Soft Drink || Bigga Grape Flavour Soft Drink 600ml || Bigga Grape Flavour Soft Drink 600Ml
