cluster_id,product_idx,supermarket,names,unit_value,unit_type,match_type,avg_pairwise_score,cluster_size,verdict,confidence,reason
108,167,ASDA,L'OR Artiste Vigoroso Instant Coffee,95.0,g,branded,0.0,3,ERROR,0.0,"""Could not resolve authentication method. Expected either api_key or auth_token to be set. Or for one of the `X-Api-Key` or `Authorization` headers to be explicitly omitted"""
108,23774,Morrisons,L'OR Artiste Vigoroso Instant Coffee Intensity 8,95.0,g,branded,0.0,3,ERROR,0.0,"""Could not resolve authentication method. Expected either api_key or auth_token to be set. Or for one of the `X-Api-Key` or `Authorization` headers to be explicitly omitted"""
108,37848,Sains,L'OR Artiste Vigoroso Intensity 8 Instant Coffee 95g,95.0,g,branded,0.0,3,ERROR,0.0,"""Could not resolve authentication method. Expected either api_key or auth_token to be set. Or for one of the `X-Api-Key` or `Authorization` headers to be explicitly omitted"""
362,885,ASDA,ASDA Sweet & Crisp Romaine Lettuce Hearts,,,own_brand,0.0,4,ERROR,0.0,"""Could not resolve authentication method. Expected either api_key or auth_token to be set. Or for one of the `X-Api-Key` or `Authorization` headers to be explicitly omitted"""
362,28531,Morrisons,Morrisons Romaine Lettuce Hearts,,,own_brand,0.0,4,ERROR,0.0,"""Could not resolve authentication method. Expected either api_key or auth_token to be set. Or for one of the `X-Api-Key` or `Authorization` headers to be explicitly omitted"""
362,43360,Sains,"Sainsbury's Romaine Lettuce Hearts, Twin Pack x2",,,own_brand,0.0,4,ERROR,0.0,"""Could not resolve authentication method. Expected either api_key or auth_token to be set. Or for one of the `X-Api-Key` or `Authorization` headers to be explicitly omitted"""
362,52048,Tesco,Tesco Romaine Lettuce Hearts Twin Pac,,,own_brand,0.0,4,ERROR,0.0,"""Could not resolve authentication method. Expected either api_key or auth_token to be set. Or for one of the `X-Api-Key` or `Authorization` headers to be explicitly omitted"""
776,1732,ASDA,Popworks Sweet & Salty Popped Crisps,28.0,g,branded,0.0,3,ERROR,0.0,"""Could not resolve authentication method. Expected either api_key or auth_token to be set. Or for one of the `X-Api-Key` or `Authorization` headers to be explicitly omitted"""
776,17112,Morrisons,Popworks Sweet & Salty Popped Crisps,28.0,g,branded,0.0,3,ERROR,0.0,"""Could not resolve authentication method. Expected either api_key or auth_token to be set. Or for one of the `X-Api-Key` or `Authorization` headers to be explicitly omitted"""
776,63488,Tesco,Popworks Sweet & Salty Grab Bag Popped Crisps 28g,28.0,g,branded,0.0,3,ERROR,0.0,"""Could not resolve authentication method. Expected either api_key or auth_token to be set. Or for one of the `X-Api-Key` or `Authorization` headers to be explicitly omitted"""
969,2110,ASDA,ASDA Seedless Raisins,500.0,g,own_brand,0.0,4,ERROR,0.0,"""Could not resolve authentication method. Expected either api_key or auth_token to be set. Or for one of the `X-Api-Key` or `Authorization` headers to be explicitly omitted"""
969,22004,Morrisons,Morrisons Raisins,500.0,g,own_brand,0.0,4,ERROR,0.0,"""Could not resolve authentication method. Expected either api_key or auth_token to be set. Or for one of the `X-Api-Key` or `Authorization` headers to be explicitly omitted"""
969,31515,Sains,"Sainsbury's Raisins, Seedless 500g",500.0,g,own_brand,0.0,4,ERROR,0.0,"""Could not resolve authentication method. Expected either api_key or auth_token to be set. Or for one of the `X-Api-Key` or `Authorization` headers to be explicitly omitted"""
969,59524,Tesco,Tesco Seedless Raisins 500G,500.0,g,own_brand,0.0,4,ERROR,0.0,"""Could not resolve authentication method. Expected either api_key or auth_token to be set. Or for one of the `X-Api-Key` or `Authorization` headers to be explicitly omitted"""
1289,2663,ASDA,Shloer Zero White Grape Sparkling Zero Calorie Fruit Drink,750.0,ml,branded,0.0,3,ERROR,0.0,"""Could not resolve authentication method. Expected either api_key or auth_token to be set. Or for one of the `X-Api-Key` or `Authorization` headers to be explicitly omitted"""
1289,27711,Morrisons,Shloer Zero White Grape Drink,750.0,ml,branded,0.0,3,ERROR,0.0,"""Could not resolve authentication method. Expected either api_key or auth_token to be set. Or for one of the `X-Api-Key` or `Authorization` headers to be explicitly omitted"""
1289,50668,Tesco,Shloer Zero Calorie Sparkling White Grape 750Ml,750.0,ml,branded,0.0,3,ERROR,0.0,"""Could not resolve authentication method. Expected either api_key or auth_token to be set. Or for one of the `X-Api-Key` or `Authorization` headers to be explicitly omitted"""
1690,3355,ASDA,Maryland Choc & Caramel 200g,200.0,g,branded,0.0,3,ERROR,0.0,"""Could not resolve authentication method. Expected either api_key or auth_token to be set. Or for one of the `X-Api-Key` or `Authorization` headers to be explicitly omitted"""
1690,20998,Morrisons,Maryland Cookies Caramel,200.0,g,branded,0.0,3,ERROR,0.0,"""Could not resolve authentication method. Expected either api_key or auth_token to be set. Or for one of the `X-Api-Key` or `Authorization` headers to be explicitly omitted"""
1690,37943,Sains,Maryland Choc & Caramel 200g,200.0,g,branded,0.0,3,ERROR,0.0,"""Could not resolve authentication method. Expected either api_key or auth_token to be set. Or for one of the `X-Api-Key` or `Authorization` headers to be explicitly omitted"""
1763,3460,ASDA,Bakery Delights Bakery Delights Crispbakes,125.0,g,unbranded,0.0,3,ERROR,0.0,"""Could not resolve authentication method. Expected either api_key or auth_token to be set. Or for one of the `X-Api-Key` or `Authorization` headers to be explicitly omitted"""
1763,35840,Sains,Bakery Delights Crispbakes 125g,125.0,g,unbranded,0.0,3,ERROR,0.0,"""Could not resolve authentication method. Expected either api_key or auth_token to be set. Or for one of the `X-Api-Key` or `Authorization` headers to be explicitly omitted"""
1763,53294,Tesco,Bakery Delights Crisp Bakes 125G,125.0,g,unbranded,0.0,3,ERROR,0.0,"""Could not resolve authentication method. Expected either api_key or auth_token to be set. Or for one of the `X-Api-Key` or `Authorization` headers to be explicitly omitted"""
1778,3492,ASDA,Nature Valley Crunchy Canadian Maple Syrup Cereal Bars,210.0,g,branded,0.0,3,ERROR,0.0,"""Could not resolve authentication method. Expected either api_key or auth_token to be set. Or for one of the `X-Api-Key` or `Authorization` headers to be explicitly omitted"""
1778,22983,Morrisons,Nature Valley Crunchy Oats…,210.0,g,branded,0.0,3,ERROR,0.0,"""Could not resolve authentication method. Expected either api_key or auth_token to be set. Or for one of the `X-Api-Key` or `Authorization` headers to be explicitly omitted"""
1778,54412,Tesco,Nature Valley Crunchy Canadian Maple Syrup 5 x 42g (210g),210.0,g,branded,0.0,3,ERROR,0.0,"""Could not resolve authentication method. Expected either api_key or auth_token to be set. Or for one of the `X-Api-Key` or `Authorization` headers to be explicitly omitted"""
1792,3512,ASDA,Kellogg's Special K Juicy Red Berry Bars,130.0,g,branded,0.0,4,ERROR,0.0,"""Could not resolve authentication method. Expected either api_key or auth_token to be set. Or for one of the `X-Api-Key` or `Authorization` headers to be explicitly omitted"""
1792,22573,Morrisons,Kellogg's Special K Juicy Red Berry Bars,125.0,g,branded,0.0,4,ERROR,0.0,"""Could not resolve authentication method. Expected either api_key or auth_token to be set. Or for one of the `X-Api-Key` or `Authorization` headers to be explicitly omitted"""
1792,32758,Sains,Kellogg's Special K Juicy Red Berry Snack Bars 6x21.5g,129.0,g,branded,0.0,4,ERROR,0.0,"""Could not resolve authentication method. Expected either api_key or auth_token to be set. Or for one of the `X-Api-Key` or `Authorization` headers to be explicitly omitted"""
1792,53842,Tesco,Kellogg's Special K Juicy Red Berry Snack Bars 6x21.5g,129.0,g,branded,0.0,4,ERROR,0.0,"""Could not resolve authentication method. Expected either api_key or auth_token to be set. Or for one of the `X-Api-Key` or `Authorization` headers to be explicitly omitted"""
1997,3876,ASDA,Batchelors Chef's Special Pasta 'n' Sauce Caramelised Onion and Smoky Bacon Flavour 99g,99.0,g,branded,0.0,3,ERROR,0.0,"""Could not resolve authentication method. Expected either api_key or auth_token to be set. Or for one of the `X-Api-Key` or `Authorization` headers to be explicitly omitted"""
1997,37430,Sains,Batchelors Pasta 'n' Sauce Chefs Special Caramelised Onion & Smoky Bacon Flavour Pasta Sachet 99g,99.0,g,branded,0.0,3,ERROR,0.0,"""Could not resolve authentication method. Expected either api_key or auth_token to be set. Or for one of the `X-Api-Key` or `Authorization` headers to be explicitly omitted"""
1997,62704,Tesco,Batchelors Pasta & Sauce Caramelised Onion & Smoky Bacon 99G,99.0,g,branded,0.0,3,ERROR,0.0,"""Could not resolve authentication method. Expected either api_key or auth_token to be set. Or for one of the `X-Api-Key` or `Authorization` headers to be explicitly omitted"""
2176,4262,ASDA,The Distiller Passion Fruit Martini 250ml,250.0,ml,unbranded,0.0,2,ERROR,0.0,"""Could not resolve authentication method. Expected either api_key or auth_token to be set. Or for one of the `X-Api-Key` or `Authorization` headers to be explicitly omitted"""
2176,38069,Sains,Tribeology Premium Cocktails Passion Fruit Martini 250ml,250.0,ml,unbranded,0.0,2,ERROR,0.0,"""Could not resolve authentication method. Expected either api_key or auth_token to be set. Or for one of the `X-Api-Key` or `Authorization` headers to be explicitly omitted"""
2298,4448,ASDA,Gordon's Premium Pink Gin,1000.0,ml,branded,0.0,4,ERROR,0.0,"""Could not resolve authentication method. Expected either api_key or auth_token to be set. Or for one of the `X-Api-Key` or `Authorization` headers to be explicitly omitted"""
2298,24393,Morrisons,Gordon's Pink Gin & Tonic (Abv 5%),250.0,ml,branded,0.0,4,ERROR,0.0,"""Could not resolve authentication method. Expected either api_key or auth_token to be set. Or for one of the `X-Api-Key` or `Authorization` headers to be explicitly omitted"""
2298,39101,Sains,Gordon's Gin & Tonic 250ml,250.0,ml,branded,0.0,4,ERROR,0.0,"""Could not resolve authentication method. Expected either api_key or auth_token to be set. Or for one of the `X-Api-Key` or `Authorization` headers to be explicitly omitted"""
2298,63491,Tesco,Gordon's Gin & Tonic 250Ml Can,250.0,ml,branded,0.0,4,ERROR,0.0,"""Could not resolve authentication method. Expected either api_key or auth_token to be set. Or for one of the `X-Api-Key` or `Authorization` headers to be explicitly omitted"""
2468,4722,ASDA,Apothic Merlot 750ml,750.0,ml,branded,0.0,2,ERROR,0.0,"""Could not resolve authentication method. Expected either api_key or auth_token to be set. Or for one of the `X-Api-Key` or `Authorization` headers to be explicitly omitted"""
2468,56234,Tesco,Apothic Merlot 750Ml,750.0,ml,branded,0.0,2,ERROR,0.0,"""Could not resolve authentication method. Expected either api_key or auth_token to be set. Or for one of the `X-Api-Key` or `Authorization` headers to be explicitly omitted"""
2565,4877,ASDA,Voga Pinot Grigio 750ml,750.0,ml,unbranded,0.0,4,ERROR,0.0,"""Could not resolve authentication method. Expected either api_key or auth_token to be set. Or for one of the `X-Api-Key` or `Authorization` headers to be explicitly omitted"""
2565,25165,Morrisons,Terramare Pinot Grigio,750.0,ml,unbranded,0.0,4,ERROR,0.0,"""Could not resolve authentication method. Expected either api_key or auth_token to be set. Or for one of the `X-Api-Key` or `Authorization` headers to be explicitly omitted"""
2565,46984,Sains,PinotPinot Pinot Grigio 75cl,750.0,ml,unbranded,0.0,4,ERROR,0.0,"""Could not resolve authentication method. Expected either api_key or auth_token to be set. Or for one of the `X-Api-Key` or `Authorization` headers to be explicitly omitted"""
2565,61827,Tesco,Wairau Cove Pinot Grigio 75Cl,750.0,ml,unbranded,0.0,4,ERROR,0.0,"""Could not resolve authentication method. Expected either api_key or auth_token to be set. Or for one of the `X-Api-Key` or `Authorization` headers to be explicitly omitted"""
2578,4890,ASDA,Barefoot Sauvignon Blanc,750.0,ml,branded,0.0,2,ERROR,0.0,"""Could not resolve authentication method. Expected either api_key or auth_token to be set. Or for one of the `X-Api-Key` or `Authorization` headers to be explicitly omitted"""
2578,61572,Tesco,Barefoot Sauvignon Blanc 75Cl,750.0,ml,branded,0.0,2,ERROR,0.0,"""Could not resolve authentication method. Expected either api_key or auth_token to be set. Or for one of the `X-Api-Key` or `Authorization` headers to be explicitly omitted"""
2618,4962,ASDA,Le Manoir du Baron Pinot Noir 75cl,750.0,ml,unbranded,0.0,4,ERROR,0.0,"""Could not resolve authentication method. Expected either api_key or auth_token to be set. Or for one of the `X-Api-Key` or `Authorization` headers to be explicitly omitted"""
2618,25219,Morrisons,Cono Sur Bicicleta Viognier,750.0,ml,unbranded,0.0,4,ERROR,0.0,"""Could not resolve authentication method. Expected either api_key or auth_token to be set. Or for one of the `X-Api-Key` or `Authorization` headers to be explicitly omitted"""
2618,40841,Sains,Zana Pinot Noir 75cl,750.0,ml,unbranded,0.0,4,ERROR,0.0,"""Could not resolve authentication method. Expected either api_key or auth_token to be set. Or for one of the `X-Api-Key` or `Authorization` headers to be explicitly omitted"""
2618,61243,Tesco,Cono Sur Bicicleta Pinot Noir 75Cl,750.0,ml,unbranded,0.0,4,ERROR,0.0,"""Could not resolve authentication method. Expected either api_key or auth_token to be set. Or for one of the `X-Api-Key` or `Authorization` headers to be explicitly omitted"""
2660,5037,ASDA,Chicago Town Takeaway Large Stuffed Pepperoni Pizza,650.0,g,branded,0.0,4,ERROR,0.0,"""Could not resolve authentication method. Expected either api_key or auth_token to be set. Or for one of the `X-Api-Key` or `Authorization` headers to be explicitly omitted"""
2660,26191,Morrisons,Chicago Town Deep Dish Pepperoni Pizzas,,,branded,0.0,4,ERROR,0.0,"""Could not resolve authentication method. Expected either api_key or auth_token to be set. Or for one of the `X-Api-Key` or `Authorization` headers to be explicitly omitted"""
2660,45690,Sains,Chicago Town Takeaway Large Cheesy Stuffed Pepperoni Pizza 640g,640.0,g,branded,0.0,4,ERROR,0.0,"""Could not resolve authentication method. Expected either api_key or auth_token to be set. Or for one of the `X-Api-Key` or `Authorization` headers to be explicitly omitted"""
2660,62364,Tesco,Chicago Town Deep Dish Pepperoni Pizzas 2 X 155G,310.0,g,branded,0.0,4,ERROR,0.0,"""Could not resolve authentication method. Expected either api_key or auth_token to be set. Or for one of the `X-Api-Key` or `Authorization` headers to be explicitly omitted"""
2798,5316,ASDA,Birds Eye 12 Green Cuisine Vegan Fishless Fingers,340.0,g,branded,0.0,4,ERROR,0.0,"""Could not resolve authentication method. Expected either api_key or auth_token to be set. Or for one of the `X-Api-Key` or `Authorization` headers to be explicitly omitted"""
2798,26912,Morrisons,Birds Eye 2 Green Cuisine Vegan C…,,,branded,0.0,4,ERROR,0.0,"""Could not resolve authentication method. Expected either api_key or auth_token to be set. Or for one of the `X-Api-Key` or `Authorization` headers to be explicitly omitted"""
2798,47048,Sains,Birds Eye Green Cuisine Vegan Fishless Fingers x12 336g,336.0,g,branded,0.0,4,ERROR,0.0,"""Could not resolve authentication method. Expected either api_key or auth_token to be set. Or for one of the `X-Api-Key` or `Authorization` headers to be explicitly omitted"""
2798,63535,Tesco,Birds Eye Green Cuisine Fishless Fingers 12 Pack 336G,336.0,g,branded,0.0,4,ERROR,0.0,"""Could not resolve authentication method. Expected either api_key or auth_token to be set. Or for one of the `X-Api-Key` or `Authorization` headers to be explicitly omitted"""
2926,5530,ASDA,Birds Eye 12 Gluten Free Fish Fingers,350.0,g,branded,0.0,4,ERROR,0.0,"""Could not resolve authentication method. Expected either api_key or auth_token to be set. Or for one of the `X-Api-Key` or `Authorization` headers to be explicitly omitted"""
2926,17190,Morrisons,Birds Eye Gluten Free 12 Fish Fingers,350.0,g,branded,0.0,4,ERROR,0.0,"""Could not resolve authentication method. Expected either api_key or auth_token to be set. Or for one of the `X-Api-Key` or `Authorization` headers to be explicitly omitted"""
2926,47757,Sains,Birds Eye Chunky Chip Shop Curry Fish Fingers x6 360g,360.0,g,branded,0.0,4,ERROR,0.0,"""Could not resolve authentication method. Expected either api_key or auth_token to be set. Or for one of the `X-Api-Key` or `Authorization` headers to be explicitly omitted"""
2926,62088,Tesco,Birds Eye 12 Gluten Free Fish Finger 360G,360.0,g,branded,0.0,4,ERROR,0.0,"""Could not resolve authentication method. Expected either api_key or auth_token to be set. Or for one of the `X-Api-Key` or `Authorization` headers to be explicitly omitted"""
2942,5552,ASDA,Birds Eye 4 Battered Haddock Fish Fillets,450.0,g,branded,0.0,4,ERROR,0.0,"""Could not resolve authentication method. Expected either api_key or auth_token to be set. Or for one of the `X-Api-Key` or `Authorization` headers to be explicitly omitted"""
2942,26261,Morrisons,Birds Eye 4 Large Haddock Fillets Battered,450.0,g,branded,0.0,4,ERROR,0.0,"""Could not resolve authentication method. Expected either api_key or auth_token to be set. Or for one of the `X-Api-Key` or `Authorization` headers to be explicitly omitted"""
2942,41857,Sains,Birds Eye Breaded Haddock Fish Fillets x4 440g,440.0,g,branded,0.0,4,ERROR,0.0,"""Could not resolve authentication method. Expected either api_key or auth_token to be set. Or for one of the `X-Api-Key` or `Authorization` headers to be explicitly omitted"""
2942,57138,Tesco,Birds Eye 4 Large Breaded Haddock 440G,440.0,g,branded,0.0,4,ERROR,0.0,"""Could not resolve authentication method. Expected either api_key or auth_token to be set. Or for one of the `X-Api-Key` or `Authorization` headers to be explicitly omitted"""
3086,5802,ASDA,Calippo Cola,400.0,ml,unbranded,0.0,4,ERROR,0.0,"""Could not resolve authentication method. Expected either api_key or auth_token to be set. Or for one of the `X-Api-Key` or `Authorization` headers to be explicitly omitted"""
3086,17057,Morrisons,Calippo Cola Ice Lollies,400.0,ml,unbranded,0.0,4,ERROR,0.0,"""Could not resolve authentication method. Expected either api_key or auth_token to be set. Or for one of the `X-Api-Key` or `Authorization` headers to be explicitly omitted"""
3086,45769,Sains,Calippo Walls Cola Ice Lollies 5x80ml,400.0,ml,unbranded,0.0,4,ERROR,0.0,"""Could not resolve authentication method. Expected either api_key or auth_token to be set. Or for one of the `X-Api-Key` or `Authorization` headers to be explicitly omitted"""
3086,52238,Tesco,Wall's Calippo Mini Cola Ice Lollies 5x80ml,400.0,ml,branded,0.0,4,ERROR,0.0,"""Could not resolve authentication method. Expected either api_key or auth_token to be set. Or for one of the `X-Api-Key` or `Authorization` headers to be explicitly omitted"""
3185,5965,ASDA,Aunt Bessie's Crispy & Fluffy Roasties,700.0,g,branded,0.0,4,ERROR,0.0,"""Could not resolve authentication method. Expected either api_key or auth_token to be set. Or for one of the `X-Api-Key` or `Authorization` headers to be explicitly omitted"""
3185,26581,Morrisons,Aunt Bessie's Roast Potatoes,700.0,g,branded,0.0,4,ERROR,0.0,"""Could not resolve authentication method. Expected either api_key or auth_token to be set. Or for one of the `X-Api-Key` or `Authorization` headers to be explicitly omitted"""
3185,41544,Sains,Aunt Bessie's Roast Potatoes 720g,720.0,g,branded,0.0,4,ERROR,0.0,"""Could not resolve authentication method. Expected either api_key or auth_token to be set. Or for one of the `X-Api-Key` or `Authorization` headers to be explicitly omitted"""
3185,59415,Tesco,Aunt Bessie's Crispy & Fluffy Roasties 720G,720.0,g,branded,0.0,4,ERROR,0.0,"""Could not resolve authentication method. Expected either api_key or auth_token to be set. Or for one of the `X-Api-Key` or `Authorization` headers to be explicitly omitted"""
3564,6578,ASDA,ASDA German Style Salami,115.4,g,own_brand,0.0,4,ERROR,0.0,"""Could not resolve authentication method. Expected either api_key or auth_token to be set. Or for one of the `X-Api-Key` or `Authorization` headers to be explicitly omitted"""
3564,19393,Morrisons,Morrisons German Salami,100.0,g,own_brand,0.0,4,ERROR,0.0,"""Could not resolve authentication method. Expected either api_key or auth_token to be set. Or for one of the `X-Api-Key` or `Authorization` headers to be explicitly omitted"""
3564,43704,Sains,Sainsbury's French Style Salad 100g,100.0,g,own_brand,0.0,4,ERROR,0.0,"""Could not resolve authentication method. Expected either api_key or auth_token to be set. Or for one of the `X-Api-Key` or `Authorization` headers to be explicitly omitted"""
3564,62646,Tesco,Tesco German Salami Selection 120G,120.0,g,own_brand,0.0,4,ERROR,0.0,"""Could not resolve authentication method. Expected either api_key or auth_token to be set. Or for one of the `X-Api-Key` or `Authorization` headers to be explicitly omitted"""
3857,7187,ASDA,Philadelphia Light Soft Cheese,170.0,g,branded,0.0,4,ERROR,0.0,"""Could not resolve authentication method. Expected either api_key or auth_token to be set. Or for one of the `X-Api-Key` or `Authorization` headers to be explicitly omitted"""
3857,19313,Morrisons,Philadelphia Light Low Fat Soft Cream Cheese,170.0,g,branded,0.0,4,ERROR,0.0,"""Could not resolve authentication method. Expected either api_key or auth_token to be set. Or for one of the `X-Api-Key` or `Authorization` headers to be explicitly omitted"""
3857,43908,Sains,Philadelphia Light Soft Cheese 165g,165.0,g,branded,0.0,4,ERROR,0.0,"""Could not resolve authentication method. Expected either api_key or auth_token to be set. Or for one of the `X-Api-Key` or `Authorization` headers to be explicitly omitted"""
3857,56936,Tesco,Philadelphia Light Low Fat Soft Cream Cheese 165G,165.0,g,branded,0.0,4,ERROR,0.0,"""Could not resolve authentication method. Expected either api_key or auth_token to be set. Or for one of the `X-Api-Key` or `Authorization` headers to be explicitly omitted"""
4152,7710,ASDA,Stagg Chili Dynamite Hot Chili Con Carne,400.0,g,unbranded,0.0,4,ERROR,0.0,"""Could not resolve authentication method. Expected either api_key or auth_token to be set. Or for one of the `X-Api-Key` or `Authorization` headers to be explicitly omitted"""
4152,20898,Morrisons,Stagg Dynamite Hot Chili Con Carne,400.0,g,unbranded,0.0,4,ERROR,0.0,"""Could not resolve authentication method. Expected either api_key or auth_token to be set. Or for one of the `X-Api-Key` or `Authorization` headers to be explicitly omitted"""
4152,35088,Sains,Stagg Dynamite Hot Chilli 400g,400.0,g,unbranded,0.0,4,ERROR,0.0,"""Could not resolve authentication method. Expected either api_key or auth_token to be set. Or for one of the `X-Api-Key` or `Authorization` headers to be explicitly omitted"""
4152,60225,Tesco,Stockwell & Co Chilli Con Carne 392G,392.0,g,unbranded,0.0,4,ERROR,0.0,"""Could not resolve authentication method. Expected either api_key or auth_token to be set. Or for one of the `X-Api-Key` or `Authorization` headers to be explicitly omitted"""
4380,8110,ASDA,Flying Goose Sriracha Hot Chilli Sauce 455ml,455.0,ml,branded,0.0,2,ERROR,0.0,"""Could not resolve authentication method. Expected either api_key or auth_token to be set. Or for one of the `X-Api-Key` or `Authorization` headers to be explicitly omitted"""
4380,34270,Sains,Flying Goose Sriracha Hot Chilli Sauce 455ml,455.0,ml,branded,0.0,2,ERROR,0.0,"""Could not resolve authentication method. Expected either api_key or auth_token to be set. Or for one of the `X-Api-Key` or `Authorization` headers to be explicitly omitted"""
4429,8176,ASDA,Heinz Mild Yellow Mustard,240.0,g,branded,0.0,2,ERROR,0.0,"""Could not resolve authentication method. Expected either api_key or auth_token to be set. Or for one of the `X-Api-Key` or `Authorization` headers to be explicitly omitted"""
4429,35201,Sains,"Heinz Yellow Mustard, Mild 220ml",220.0,ml,branded,0.0,2,ERROR,0.0,"""Could not resolve authentication method. Expected either api_key or auth_token to be set. Or for one of the `X-Api-Key` or `Authorization` headers to be explicitly omitted"""
4438,8188,ASDA,Heinz Light Salad Cream,600.0,g,branded,0.0,3,ERROR,0.0,"""Could not resolve authentication method. Expected either api_key or auth_token to be set. Or for one of the `X-Api-Key` or `Authorization` headers to be explicitly omitted"""
4438,32751,Sains,Heinz Salad Cream Light 605g,605.0,g,branded,0.0,3,ERROR,0.0,"""Could not resolve authentication method. Expected either api_key or auth_token to be set. Or for one of the `X-Api-Key` or `Authorization` headers to be explicitly omitted"""
4438,52297,Tesco,Heinz Salad Cream Light 605G,605.0,g,branded,0.0,3,ERROR,0.0,"""Could not resolve authentication method. Expected either api_key or auth_token to be set. Or for one of the `X-Api-Key` or `Authorization` headers to be explicitly omitted"""
4561,8368,ASDA,Knorr Vegetable Stock Pot,110.0,g,branded,0.0,4,ERROR,0.0,"""Could not resolve authentication method. Expected either api_key or auth_token to be set. Or for one of the `X-Api-Key` or `Authorization` headers to be explicitly omitted"""
4561,22077,Morrisons,Knorr Vegetable Stock Pot 4 Pack,110.0,g,branded,0.0,4,ERROR,0.0,"""Could not resolve authentication method. Expected either api_key or auth_token to be set. Or for one of the `X-Api-Key` or `Authorization` headers to be explicitly omitted"""
4561,32315,Sains,Knorr Stock Pot Vegetable 4x28g,112.0,g,branded,0.0,4,ERROR,0.0,"""Could not resolve authentication method. Expected either api_key or auth_token to be set. Or for one of the `X-Api-Key` or `Authorization` headers to be explicitly omitted"""
4561,55648,Tesco,Knorr Vegetable Stock Pot 4x28g,112.0,g,branded,0.0,4,ERROR,0.0,"""Could not resolve authentication method. Expected either api_key or auth_token to be set. Or for one of the `X-Api-Key` or `Authorization` headers to be explicitly omitted"""
4691,8557,ASDA,East End Hot Peri Peri Rub,100.0,g,branded,0.0,2,ERROR,0.0,"""Could not resolve authentication method. Expected either api_key or auth_token to be set. Or for one of the `X-Api-Key` or `Authorization` headers to be explicitly omitted"""
4691,38310,Sains,East End Hot Peri Peri Seasoning 100g,100.0,g,branded,0.0,2,ERROR,0.0,"""Could not resolve authentication method. Expected either api_key or auth_token to be set. Or for one of the `X-Api-Key` or `Authorization` headers to be explicitly omitted"""
4996,9001,ASDA,KP Flavour Kravers Crunchy Coated Aromatic Thai Chilli Flavour Peanuts 130g,130.0,g,branded,0.0,3,ERROR,0.0,"""Could not resolve authentication method. Expected either api_key or auth_token to be set. Or for one of the `X-Api-Key` or `Authorization` headers to be explicitly omitted"""
4996,38051,Sains,KP Flavour Kravers Crunchy Coated Aromatic Thai Chilli Flavour Peanuts 130g,130.0,g,branded,0.0,3,ERROR,0.0,"""Could not resolve authentication method. Expected either api_key or auth_token to be set. Or for one of the `X-Api-Key` or `Authorization` headers to be explicitly omitted"""
4996,58046,Tesco,Kp Flavour Kravers Thai Chilli Coated Peanuts 130G,130.0,g,branded,0.0,3,ERROR,0.0,"""Could not resolve authentication method. Expected either api_key or auth_token to be set. Or for one of the `X-Api-Key` or `Authorization` headers to be explicitly omitted"""
5218,9324,ASDA,Alpro Not M*lk Whole Long Life Drink,1000.0,ml,branded,0.0,4,ERROR,0.0,"""Could not resolve authentication method. Expected either api_key or auth_token to be set. Or for one of the `X-Api-Key` or `Authorization` headers to be explicitly omitted"""
5218,18528,Morrisons,Alpro Oat Long Life Drink,1000.0,ml,branded,0.0,4,ERROR,0.0,"""Could not resolve authentication method. Expected either api_key or auth_token to be set. Or for one of the `X-Api-Key` or `Authorization` headers to be explicitly omitted"""
5218,40694,Sains,Alpro Not Milk Whole Long Life Drink 1L,1000.0,ml,branded,0.0,4,ERROR,0.0,"""Could not resolve authentication method. Expected either api_key or auth_token to be set. Or for one of the `X-Api-Key` or `Authorization` headers to be explicitly omitted"""
5218,57687,Tesco,Alpro This is Not M*lk Oat Whole Long Life Dairy Free Drink 1L,1000.0,ml,branded,0.0,4,ERROR,0.0,"""Could not resolve authentication method. Expected either api_key or auth_token to be set. Or for one of the `X-Api-Key` or `Authorization` headers to be explicitly omitted"""
5403,9610,ASDA,ASDA Cheese Balls Sharing Snacks,150.0,g,own_brand,0.0,4,ERROR,0.0,"""Could not resolve authentication method. Expected either api_key or auth_token to be set. Or for one of the `X-Api-Key` or `Authorization` headers to be explicitly omitted"""
5403,20750,Morrisons,Morrisons Cheese Balls,140.0,g,own_brand,0.0,4,ERROR,0.0,"""Could not resolve authentication method. Expected either api_key or auth_token to be set. Or for one of the `X-Api-Key` or `Authorization` headers to be explicitly omitted"""
5403,47165,Sains,Sainsbury's Cheese Balls 140g,140.0,g,own_brand,0.0,4,ERROR,0.0,"""Could not resolve authentication method. Expected either api_key or auth_token to be set. Or for one of the `X-Api-Key` or `Authorization` headers to be explicitly omitted"""
5403,52376,Tesco,Tesco Cheese Balls Snacks 150G,150.0,g,own_brand,0.0,4,ERROR,0.0,"""Could not resolve authentication method. Expected either api_key or auth_token to be set. Or for one of the `X-Api-Key` or `Authorization` headers to be explicitly omitted"""
5431,9664,ASDA,Properchips Barbecue Lentil Chips Sharing Bag,85.1,g,branded,0.0,3,ERROR,0.0,"""Could not resolve authentication method. Expected either api_key or auth_token to be set. Or for one of the `X-Api-Key` or `Authorization` headers to be explicitly omitted"""
5431,17058,Morrisons,Properchips Barbecue Lentil Chips,85.2,g,branded,0.0,3,ERROR,0.0,"""Could not resolve authentication method. Expected either api_key or auth_token to be set. Or for one of the `X-Api-Key` or `Authorization` headers to be explicitly omitted"""
5431,32934,Sains,Properchips Barbecue Lentil Chips 85g,85.0,g,branded,0.0,3,ERROR,0.0,"""Could not resolve authentication method. Expected either api_key or auth_token to be set. Or for one of the `X-Api-Key` or `Authorization` headers to be explicitly omitted"""
5549,9918,ASDA,Linda McCartney's Vegemince,500.0,g,branded,0.0,4,ERROR,0.0,"""Could not resolve authentication method. Expected either api_key or auth_token to be set. Or for one of the `X-Api-Key` or `Authorization` headers to be explicitly omitted"""
5549,26321,Morrisons,Linda McCartney Mince,500.0,g,branded,0.0,4,ERROR,0.0,"""Could not resolve authentication method. Expected either api_key or auth_token to be set. Or for one of the `X-Api-Key` or `Authorization` headers to be explicitly omitted"""
5549,41915,Sains,Linda Mccartney Vegetarian Mince 500g,500.0,g,branded,0.0,4,ERROR,0.0,"""Could not resolve authentication method. Expected either api_key or auth_token to be set. Or for one of the `X-Api-Key` or `Authorization` headers to be explicitly omitted"""
5549,61088,Tesco,Linda Mccartneys Vegemince 500G,500.0,g,unbranded,0.0,4,ERROR,0.0,"""Could not resolve authentication method. Expected either api_key or auth_token to be set. Or for one of the `X-Api-Key` or `Authorization` headers to be explicitly omitted"""
6170,11037,ASDA,Cadbury 5 Chocolate Mint Mini Rolls,,,branded,0.0,4,ERROR,0.0,"""Could not resolve authentication method. Expected either api_key or auth_token to be set. Or for one of the `X-Api-Key` or `Authorization` headers to be explicitly omitted"""
6170,25940,Morrisons,Cadbury Mint Mini Rolls,,,branded,0.0,4,ERROR,0.0,"""Could not resolve authentication method. Expected either api_key or auth_token to be set. Or for one of the `X-Api-Key` or `Authorization` headers to be explicitly omitted"""
6170,47085,Sains,Cadbury Chocolate Mini Rolls Cakes x5,,,branded,0.0,4,ERROR,0.0,"""Could not resolve authentication method. Expected either api_key or auth_token to be set. Or for one of the `X-Api-Key` or `Authorization` headers to be explicitly omitted"""
6170,50954,Tesco,Cadbury Mini Rolls Chocolate Mint 5 Pack,,,branded,0.0,4,ERROR,0.0,"""Could not resolve authentication method. Expected either api_key or auth_token to be set. Or for one of the `X-Api-Key` or `Authorization` headers to be explicitly omitted"""
6179,11097,ASDA,Pepsi Max Cans,2666.7,ml,branded,0.0,4,ERROR,0.0,"""Could not resolve authentication method. Expected either api_key or auth_token to be set. Or for one of the `X-Api-Key` or `Authorization` headers to be explicitly omitted"""
6179,27876,Morrisons,Pepsi Max No Caffeine No Sugar Cola Cans,2678.6,ml,branded,0.0,4,ERROR,0.0,"""Could not resolve authentication method. Expected either api_key or auth_token to be set. Or for one of the `X-Api-Key` or `Authorization` headers to be explicitly omitted"""
6179,39623,Sains,Pepsi Max Lime No Sugar Cola Cans 8x330ml,2640.0,ml,branded,0.0,4,ERROR,0.0,"""Could not resolve authentication method. Expected either api_key or auth_token to be set. Or for one of the `X-Api-Key` or `Authorization` headers to be explicitly omitted"""
6179,49667,Tesco,Pepsi Max No Sugar Cola Cans 8x330ml,2640.0,ml,branded,0.0,4,ERROR,0.0,"""Could not resolve authentication method. Expected either api_key or auth_token to be set. Or for one of the `X-Api-Key` or `Authorization` headers to be explicitly omitted"""
6195,11114,ASDA,Coca-Cola Zero Sugar Mini Can,150.0,ml,branded,0.0,3,ERROR,0.0,"""Could not resolve authentication method. Expected either api_key or auth_token to be set. Or for one of the `X-Api-Key` or `Authorization` headers to be explicitly omitted"""
6195,39435,Sains,Coca-Cola Zero Sugar 150ml,150.0,ml,branded,0.0,3,ERROR,0.0,"""Could not resolve authentication method. Expected either api_key or auth_token to be set. Or for one of the `X-Api-Key` or `Authorization` headers to be explicitly omitted"""
6195,50995,Tesco,Coca Cola Zero Sugar 150Ml,150.0,ml,branded,0.0,3,ERROR,0.0,"""Could not resolve authentication method. Expected either api_key or auth_token to be set. Or for one of the `X-Api-Key` or `Authorization` headers to be explicitly omitted"""
6354,11391,ASDA,Lucozade Energy Orange Bottles,3000.0,ml,branded,0.0,2,ERROR,0.0,"""Could not resolve authentication method. Expected either api_key or auth_token to be set. Or for one of the `X-Api-Key` or `Authorization` headers to be explicitly omitted"""
6354,54406,Tesco,Lucozade Energy Orange 8 Pack 380Ml,380.0,ml,branded,0.0,2,ERROR,0.0,"""Could not resolve authentication method. Expected either api_key or auth_token to be set. Or for one of the `X-Api-Key` or `Authorization` headers to be explicitly omitted"""
6401,11465,ASDA,Patak's Balti Cooking Sauce,450.0,g,branded,0.0,4,ERROR,0.0,"""Could not resolve authentication method. Expected either api_key or auth_token to be set. Or for one of the `X-Api-Key` or `Authorization` headers to be explicitly omitted"""
6401,20915,Morrisons,Patak's Balti Sauce,450.0,g,branded,0.0,4,ERROR,0.0,"""Could not resolve authentication method. Expected either api_key or auth_token to be set. Or for one of the `X-Api-Key` or `Authorization` headers to be explicitly omitted"""
6401,31912,Sains,Patak's Korma Curry Sauce 450g,450.0,g,branded,0.0,4,ERROR,0.0,"""Could not resolve authentication method. Expected either api_key or auth_token to be set. Or for one of the `X-Api-Key` or `Authorization` headers to be explicitly omitted"""
6401,51434,Tesco,Pataks Medium Balti Sauce 450G,450.0,g,branded,0.0,4,ERROR,0.0,"""Could not resolve authentication method. Expected either api_key or auth_token to be set. Or for one of the `X-Api-Key` or `Authorization` headers to be explicitly omitted"""
6584,11721,ASDA,ASDA 12 Crunchy Taco Shells,160.0,g,own_brand,0.0,3,ERROR,0.0,"""Could not resolve authentication method. Expected either api_key or auth_token to be set. Or for one of the `X-Api-Key` or `Authorization` headers to be explicitly omitted"""
6584,33486,Sains,Sainsbury's Crunchy Taco Shells x12 150g,150.0,g,own_brand,0.0,3,ERROR,0.0,"""Could not resolve authentication method. Expected either api_key or auth_token to be set. Or for one of the `X-Api-Key` or `Authorization` headers to be explicitly omitted"""
6584,54815,Tesco,Tesco 12 Crunchy Taco Shells 150G,150.0,g,own_brand,0.0,3,ERROR,0.0,"""Could not resolve authentication method. Expected either api_key or auth_token to be set. Or for one of the `X-Api-Key` or `Authorization` headers to be explicitly omitted"""
6776,12051,ASDA,ASDA Meal For One Chicken & Bacon Pasta Bake 400g,400.0,g,own_brand,0.0,4,ERROR,0.0,"""Could not resolve authentication method. Expected either api_key or auth_token to be set. Or for one of the `X-Api-Key` or `Authorization` headers to be explicitly omitted"""
6776,18859,Morrisons,Morrisons Chicken & Bacon Pasta,300.0,g,own_brand,0.0,4,ERROR,0.0,"""Could not resolve authentication method. Expected either api_key or auth_token to be set. Or for one of the `X-Api-Key` or `Authorization` headers to be explicitly omitted"""
6776,44061,Sains,Sainsbury's Chicken & Bacon Tortelloni 300g,300.0,g,own_brand,0.0,4,ERROR,0.0,"""Could not resolve authentication method. Expected either api_key or auth_token to be set. Or for one of the `X-Api-Key` or `Authorization` headers to be explicitly omitted"""
6776,62470,Tesco,Tesco Chicken & Bacon Pasta 300G,300.0,g,own_brand,0.0,4,ERROR,0.0,"""Could not resolve authentication method. Expected either api_key or auth_token to be set. Or for one of the `X-Api-Key` or `Authorization` headers to be explicitly omitted"""
6779,12054,ASDA,ASDA Meal For One Macaroni Cheese 400g,400.0,g,own_brand,0.0,2,ERROR,0.0,"""Could not resolve authentication method. Expected either api_key or auth_token to be set. Or for one of the `X-Api-Key` or `Authorization` headers to be explicitly omitted"""
6779,58383,Tesco,Tesco Macaroni Cheese In Sauce 385G,385.0,g,own_brand,0.0,2,ERROR,0.0,"""Could not resolve authentication method. Expected either api_key or auth_token to be set. Or for one of the `X-Api-Key` or `Authorization` headers to be explicitly omitted"""
6844,12219,ASDA,Bistro by ASDA Melt in the Middle Belgian Chocolate Puddings 2 x 155g (310g),310.0,g,own_brand,0.0,3,ERROR,0.0,"""Could not resolve authentication method. Expected either api_key or auth_token to be set. Or for one of the `X-Api-Key` or `Authorization` headers to be explicitly omitted"""
6844,44604,Sains,Sainsbury's Melting Middle Chocolate Puddings 2x135g,270.0,g,own_brand,0.0,3,ERROR,0.0,"""Could not resolve authentication method. Expected either api_key or auth_token to be set. Or for one of the `X-Api-Key` or `Authorization` headers to be explicitly omitted"""
6844,54460,Tesco,Tesco Finest 2 Belgian Chocolate Melt in Middle Puddings 270g,270.0,g,own_brand,0.0,3,ERROR,0.0,"""Could not resolve authentication method. Expected either api_key or auth_token to be set. Or for one of the `X-Api-Key` or `Authorization` headers to be explicitly omitted"""
7140,12705,ASDA,Mallow & Marsh Raspberry Marshmallows Coated in 70% Dark Chocolate,100.0,g,unbranded,0.0,3,ERROR,0.0,"""Could not resolve authentication method. Expected either api_key or auth_token to be set. Or for one of the `X-Api-Key` or `Authorization` headers to be explicitly omitted"""
7140,35342,Sains,Mallow & Marsh Raspberry Marshmallows Coated in 70% Dark Chocolate 100g,100.0,g,unbranded,0.0,3,ERROR,0.0,"""Could not resolve authentication method. Expected either api_key or auth_token to be set. Or for one of the `X-Api-Key` or `Authorization` headers to be explicitly omitted"""
7140,58244,Tesco,Mallow & Marsh Raspberry Marshmallow Coat Dark Chocolate 100G,100.0,g,unbranded,0.0,3,ERROR,0.0,"""Could not resolve authentication method. Expected either api_key or auth_token to be set. Or for one of the `X-Api-Key` or `Authorization` headers to be explicitly omitted"""
7168,12748,ASDA,Milkybar Gold Caramel Flavour White Chocolate Sharing Bar,84.9,g,branded,0.0,4,ERROR,0.0,"""Could not resolve authentication method. Expected either api_key or auth_token to be set. Or for one of the `X-Api-Key` or `Authorization` headers to be explicitly omitted"""
7168,27356,Morrisons,Milkybar White Chocolate Sharing Bar,90.0,g,branded,0.0,4,ERROR,0.0,"""Could not resolve authentication method. Expected either api_key or auth_token to be set. Or for one of the `X-Api-Key` or `Authorization` headers to be explicitly omitted"""
7168,47437,Sains,Milkybar Bunny White Chocolate Easter Hollow Figure 88g,88.0,g,branded,0.0,4,ERROR,0.0,"""Could not resolve authentication method. Expected either api_key or auth_token to be set. Or for one of the `X-Api-Key` or `Authorization` headers to be explicitly omitted"""
7168,55225,Tesco,Milkybar White Chocolate Sharing Bar 90g,90.0,g,branded,0.0,4,ERROR,0.0,"""Could not resolve authentication method. Expected either api_key or auth_token to be set. Or for one of the `X-Api-Key` or `Authorization` headers to be explicitly omitted"""
7497,13340,ASDA,19 Crimes Red Wine,750.0,ml,unbranded,0.0,4,ERROR,0.0,"""Could not resolve authentication method. Expected either api_key or auth_token to be set. Or for one of the `X-Api-Key` or `Authorization` headers to be explicitly omitted"""
7497,24407,Morrisons,19 Crimes The Uprising Red Wine,750.0,ml,unbranded,0.0,4,ERROR,0.0,"""Could not resolve authentication method. Expected either api_key or auth_token to be set. Or for one of the `X-Api-Key` or `Authorization` headers to be explicitly omitted"""
7497,38710,Sains,19 Crimes Red Wine 75cl,750.0,ml,unbranded,0.0,4,ERROR,0.0,"""Could not resolve authentication method. Expected either api_key or auth_token to be set. Or for one of the `X-Api-Key` or `Authorization` headers to be explicitly omitted"""
7497,62143,Tesco,19 Crimes Red Wine 75Cl,750.0,ml,unbranded,0.0,4,ERROR,0.0,"""Could not resolve authentication method. Expected either api_key or auth_token to be set. Or for one of the `X-Api-Key` or `Authorization` headers to be explicitly omitted"""
7520,13367,ASDA,Burdizzo Chianti Riserva,750.0,ml,unbranded,0.0,4,ERROR,0.0,"""Could not resolve authentication method. Expected either api_key or auth_token to be set. Or for one of the `X-Api-Key` or `Authorization` headers to be explicitly omitted"""
7520,25621,Morrisons,Piccini Collezione Oro Chianti Riserva,750.0,ml,unbranded,0.0,4,ERROR,0.0,"""Could not resolve authentication method. Expected either api_key or auth_token to be set. Or for one of the `X-Api-Key` or `Authorization` headers to be explicitly omitted"""
7520,39551,Sains,Piccini Chianti Riserva 75cl,750.0,ml,unbranded,0.0,4,ERROR,0.0,"""Could not resolve authentication method. Expected either api_key or auth_token to be set. Or for one of the `X-Api-Key` or `Authorization` headers to be explicitly omitted"""
7520,61907,Tesco,Piccini Chianti Riserva 75Cl,750.0,ml,unbranded,0.0,4,ERROR,0.0,"""Could not resolve authentication method. Expected either api_key or auth_token to be set. Or for one of the `X-Api-Key` or `Authorization` headers to be explicitly omitted"""
7683,13734,ASDA,Grace Chicken Vienna Sausage,200.0,g,branded,0.0,3,ERROR,0.0,"""Could not resolve authentication method. Expected either api_key or auth_token to be set. Or for one of the `X-Api-Key` or `Authorization` headers to be explicitly omitted"""
7683,23624,Morrisons,Grace Halal Chicken Vienna Sausages (200g),200.0,g,branded,0.0,3,ERROR,0.0,"""Could not resolve authentication method. Expected either api_key or auth_token to be set. Or for one of the `X-Api-Key` or `Authorization` headers to be explicitly omitted"""
7683,36510,Sains,Grace Chicken Vienna Sausages 200g (120g*),200.0,g,branded,0.0,3,ERROR,0.0,"""Could not resolve authentication method. Expected either api_key or auth_token to be set. Or for one of the `X-Api-Key` or `Authorization` headers to be explicitly omitted"""
7777,13927,ASDA,Dunn's River Fish Seasoning,100.0,g,unbranded,0.0,3,ERROR,0.0,"""Could not resolve authentication method. Expected either api_key or auth_token to be set. Or for one of the `X-Api-Key` or `Authorization` headers to be explicitly omitted"""
7777,35207,Sains,Dunn's River Caribbean Seasoning 100g,100.0,g,unbranded,0.0,3,ERROR,0.0,"""Could not resolve authentication method. Expected either api_key or auth_token to be set. Or for one of the `X-Api-Key` or `Authorization` headers to be explicitly omitted"""
7777,49449,Tesco,Dunns River Caribbean Fish Seasoning 100G,100.0,g,unbranded,0.0,3,ERROR,0.0,"""Could not resolve authentication method. Expected either api_key or auth_token to be set. Or for one of the `X-Api-Key` or `Authorization` headers to be explicitly omitted"""
7866,14173,ASDA,Meiji Hello Panda Biscuits with Chocolate Flavoured Filling,50.0,g,unbranded,0.0,3,ERROR,0.0,"""Could not resolve authentication method. Expected either api_key or auth_token to be set. Or for one of the `X-Api-Key` or `Authorization` headers to be explicitly omitted"""
7866,18125,Morrisons,Hello Panda Chocolate Biscuits,50.0,g,unbranded,0.0,3,ERROR,0.0,"""Could not resolve authentication method. Expected either api_key or auth_token to be set. Or for one of the `X-Api-Key` or `Authorization` headers to be explicitly omitted"""
7866,63758,Tesco,Hello Panda Chocolate Biscuits 50G,50.0,g,unbranded,0.0,3,ERROR,0.0,"""Could not resolve authentication method. Expected either api_key or auth_token to be set. Or for one of the `X-Api-Key` or `Authorization` headers to be explicitly omitted"""
7906,14263,ASDA,Ramona's Jalapeño Heavenly Houmous 500g,500.0,g,unbranded,0.0,4,ERROR,0.0,"""Could not resolve authentication method. Expected either api_key or auth_token to be set. Or for one of the `X-Api-Key` or `Authorization` headers to be explicitly omitted"""
7906,19903,Morrisons,Ramona's Jalapeno Houmous,500.0,g,unbranded,0.0,4,ERROR,0.0,"""Could not resolve authentication method. Expected either api_key or auth_token to be set. Or for one of the `X-Api-Key` or `Authorization` headers to be explicitly omitted"""
7906,42185,Sains,Ramona's Heavenly Jalapeno Houmous 500g,500.0,g,unbranded,0.0,4,ERROR,0.0,"""Could not resolve authentication method. Expected either api_key or auth_token to be set. Or for one of the `X-Api-Key` or `Authorization` headers to be explicitly omitted"""
7906,52542,Tesco,Ramona's Heavenly Houmous Jalapeno 500G,500.0,g,unbranded,0.0,4,ERROR,0.0,"""Could not resolve authentication method. Expected either api_key or auth_token to be set. Or for one of the `X-Api-Key` or `Authorization` headers to be explicitly omitted"""
8310,15307,ASDA,ASDA Extra Special 2 Lightly Dusted Haddock Fillets,260.0,g,own_brand,0.0,4,ERROR,0.0,"""Could not resolve authentication method. Expected either api_key or auth_token to be set. Or for one of the `X-Api-Key` or `Authorization` headers to be explicitly omitted"""
8310,18343,Morrisons,Morrisons Market St 2 Battered Haddock Fillets,300.0,g,own_brand,0.0,4,ERROR,0.0,"""Could not resolve authentication method. Expected either api_key or auth_token to be set. Or for one of the `X-Api-Key` or `Authorization` headers to be explicitly omitted"""
8310,41936,Sains,Sainsbury's Lightly Dusted MSC Haddock Fillets x2 255g,255.0,g,own_brand,0.0,4,ERROR,0.0,"""Could not resolve authentication method. Expected either api_key or auth_token to be set. Or for one of the `X-Api-Key` or `Authorization` headers to be explicitly omitted"""
8310,57316,Tesco,Tesco Lightly Dusted Haddock Fillets 255G,255.0,g,own_brand,0.0,4,ERROR,0.0,"""Could not resolve authentication method. Expected either api_key or auth_token to be set. Or for one of the `X-Api-Key` or `Authorization` headers to be explicitly omitted"""
8362,15448,ASDA,NOMO Choc Fudge Bunny 30g,30.0,g,branded,0.0,2,ERROR,0.0,"""Could not resolve authentication method. Expected either api_key or auth_token to be set. Or for one of the `X-Api-Key` or `Authorization` headers to be explicitly omitted"""
8362,49020,Sains,Nomo Choc Fudge Bunny 30g,30.0,g,branded,0.0,2,ERROR,0.0,"""Could not resolve authentication method. Expected either api_key or auth_token to be set. Or for one of the `X-Api-Key` or `Authorization` headers to be explicitly omitted"""
8443,15626,ASDA,Emmi Caffè Latte Popcorn Flavour,228.6,ml,unbranded,0.0,4,ERROR,0.0,"""Could not resolve authentication method. Expected either api_key or auth_token to be set. Or for one of the `X-Api-Key` or `Authorization` headers to be explicitly omitted"""
8443,29144,Morrisons,Emmi Caffe Latte Popcorn,230.2,ml,unbranded,0.0,4,ERROR,0.0,"""Could not resolve authentication method. Expected either api_key or auth_token to be set. Or for one of the `X-Api-Key` or `Authorization` headers to be explicitly omitted"""
8443,38797,Sains,Emmi Caffe Latte Skinny Iced Coffee 230ml,230.0,ml,unbranded,0.0,4,ERROR,0.0,"""Could not resolve authentication method. Expected either api_key or auth_token to be set. Or for one of the `X-Api-Key` or `Authorization` headers to be explicitly omitted"""
8443,53043,Tesco,Emmi Caffe Latte Skinny 230Ml,230.0,ml,unbranded,0.0,4,ERROR,0.0,"""Could not resolve authentication method. Expected either api_key or auth_token to be set. Or for one of the `X-Api-Key` or `Authorization` headers to be explicitly omitted"""
8788,16370,ASDA,Niru Faluda Drink,300.0,ml,unbranded,0.0,3,ERROR,0.0,"""Could not resolve authentication method. Expected either api_key or auth_token to be set. Or for one of the `X-Api-Key` or `Authorization` headers to be explicitly omitted"""
8788,38208,Sains,Niru Faluda Drink 290ml,290.0,ml,unbranded,0.0,3,ERROR,0.0,"""Could not resolve authentication method. Expected either api_key or auth_token to be set. Or for one of the `X-Api-Key` or `Authorization` headers to be explicitly omitted"""
8788,51298,Tesco,Niru Faluda Drink 290Ml,290.0,ml,unbranded,0.0,3,ERROR,0.0,"""Could not resolve authentication method. Expected either api_key or auth_token to be set. Or for one of the `X-Api-Key` or `Authorization` headers to be explicitly omitted"""
8993,16992,ASDA,HECK Simply Chicken Chipolatas,340.0,g,branded,0.0,4,ERROR,0.0,"""Could not resolve authentication method. Expected either api_key or auth_token to be set. Or for one of the `X-Api-Key` or `Authorization` headers to be explicitly omitted"""
8993,29429,Morrisons,Heck Sweet Chilli Chicken Chipolatas,340.0,g,branded,0.0,4,ERROR,0.0,"""Could not resolve authentication method. Expected either api_key or auth_token to be set. Or for one of the `X-Api-Key` or `Authorization` headers to be explicitly omitted"""
8993,47855,Sains,Heck Simply Chicken Chipolatas x10 340g,340.0,g,branded,0.0,4,ERROR,0.0,"""Could not resolve authentication method. Expected either api_key or auth_token to be set. Or for one of the `X-Api-Key` or `Authorization` headers to be explicitly omitted"""
8993,62120,Tesco,Heck Simply Chicken Chipolatas 340G,340.0,g,branded,0.0,4,ERROR,0.0,"""Could not resolve authentication method. Expected either api_key or auth_token to be set. Or for one of the `X-Api-Key` or `Authorization` headers to be explicitly omitted"""
9083,10968,ASDA,ASDA Free From 5 Lemon Cake Slices,150.0,g,own_brand,0.0,3,ERROR,0.0,"""Could not resolve authentication method. Expected either api_key or auth_token to be set. Or for one of the `X-Api-Key` or `Authorization` headers to be explicitly omitted"""
9083,17360,Morrisons,Morrisons Free From 4 Lemon Cake Slices,80.0,g,own_brand,0.0,3,ERROR,0.0,"""Could not resolve authentication method. Expected either api_key or auth_token to be set. Or for one of the `X-Api-Key` or `Authorization` headers to be explicitly omitted"""
9083,51643,Tesco,Tesco Free From 5 Lemon Slices,,,own_brand,0.0,3,ERROR,0.0,"""Could not resolve authentication method. Expected either api_key or auth_token to be set. Or for one of the `X-Api-Key` or `Authorization` headers to be explicitly omitted"""
9155,14093,ASDA,Mlekovita Sour Cream,400.0,g,unbranded,0.0,4,ERROR,0.0,"""Could not resolve authentication method. Expected either api_key or auth_token to be set. Or for one of the `X-Api-Key` or `Authorization` headers to be explicitly omitted"""
9155,17696,Morrisons,Piatnica Smietana Soured Cream,400.0,g,unbranded,0.0,4,ERROR,0.0,"""Could not resolve authentication method. Expected either api_key or auth_token to be set. Or for one of the `X-Api-Key` or `Authorization` headers to be explicitly omitted"""
9155,35194,Sains,Piatnica Soured Cream 400g,400.0,g,unbranded,0.0,4,ERROR,0.0,"""Could not resolve authentication method. Expected either api_key or auth_token to be set. Or for one of the `X-Api-Key` or `Authorization` headers to be explicitly omitted"""
9155,50756,Tesco,Mlekovita 18% Fat Sour Cream 400G,400.0,g,unbranded,0.0,4,ERROR,0.0,"""Could not resolve authentication method. Expected either api_key or auth_token to be set. Or for one of the `X-Api-Key` or `Authorization` headers to be explicitly omitted"""
9516,19484,Morrisons,Cravendale Fresher for Longer Skimmed Milk,1000.0,ml,branded,0.0,3,ERROR,0.0,"""Could not resolve authentication method. Expected either api_key or auth_token to be set. Or for one of the `X-Api-Key` or `Authorization` headers to be explicitly omitted"""
9516,38646,Sains,Cravendale Filtered Fresh Skimmed Milk Fresher for Longer 1L,1000.0,ml,branded,0.0,3,ERROR,0.0,"""Could not resolve authentication method. Expected either api_key or auth_token to be set. Or for one of the `X-Api-Key` or `Authorization` headers to be explicitly omitted"""
9516,55122,Tesco,Cravendale Semi Skimmed Milk 1 Litre,1000.0,ml,branded,0.0,3,ERROR,0.0,"""Could not resolve authentication method. Expected either api_key or auth_token to be set. Or for one of the `X-Api-Key` or `Authorization` headers to be explicitly omitted"""
9663,2000,ASDA,Innocent Smoothie Guavas Pineapples & Apples,750.0,ml,branded,0.0,4,ERROR,0.0,"""Could not resolve authentication method. Expected either api_key or auth_token to be set. Or for one of the `X-Api-Key` or `Authorization` headers to be explicitly omitted"""
9663,20162,Morrisons,Innocent Smoothie Strawberrie…,750.0,ml,branded,0.0,4,ERROR,0.0,"""Could not resolve authentication method. Expected either api_key or auth_token to be set. Or for one of the `X-Api-Key` or `Authorization` headers to be explicitly omitted"""
9663,39420,Sains,Innocent Smoothie Blueberries Peaches & Apples 750ml,750.0,ml,branded,0.0,4,ERROR,0.0,"""Could not resolve authentication method. Expected either api_key or auth_token to be set. Or for one of the `X-Api-Key` or `Authorization` headers to be explicitly omitted"""
9663,51404,Tesco,innocent Smoothie Guavas Pineapples & Apples 750ml,750.0,ml,branded,0.0,4,ERROR,0.0,"""Could not resolve authentication method. Expected either api_key or auth_token to be set. Or for one of the `X-Api-Key` or `Authorization` headers to be explicitly omitted"""
9772,20640,Morrisons,Scott's Porage Old Fashioned Porridge Oats,1000.0,g,unbranded,0.0,3,ERROR,0.0,"""Could not resolve authentication method. Expected either api_key or auth_token to be set. Or for one of the `X-Api-Key` or `Authorization` headers to be explicitly omitted"""
9772,33068,Sains,Scott's Porage Old Fashioned Porridge Oats 1kg,1000.0,g,unbranded,0.0,3,ERROR,0.0,"""Could not resolve authentication method. Expected either api_key or auth_token to be set. Or for one of the `X-Api-Key` or `Authorization` headers to be explicitly omitted"""
9772,50435,Tesco,Scott's Porage Old Fashioned Porridge Oats 1kg,1000.0,g,unbranded,0.0,3,ERROR,0.0,"""Could not resolve authentication method. Expected either api_key or auth_token to be set. Or for one of the `X-Api-Key` or `Authorization` headers to be explicitly omitted"""
9797,8901,ASDA,Colman's Chicken Chasseur Recipe Mix,42.9,g,branded,0.0,3,ERROR,0.0,"""Could not resolve authentication method. Expected either api_key or auth_token to be set. Or for one of the `X-Api-Key` or `Authorization` headers to be explicitly omitted"""
9797,20773,Morrisons,Colman's Chicken Chasseur Recipe Mix,42.9,g,branded,0.0,3,ERROR,0.0,"""Could not resolve authentication method. Expected either api_key or auth_token to be set. Or for one of the `X-Api-Key` or `Authorization` headers to be explicitly omitted"""
9797,37194,Sains,Colman's Recipe Mix Chicken Chasseur 43g,43.0,g,branded,0.0,3,ERROR,0.0,"""Could not resolve authentication method. Expected either api_key or auth_token to be set. Or for one of the `X-Api-Key` or `Authorization` headers to be explicitly omitted"""
9823,20877,Morrisons,Morrisons The Best Radiatori,500.0,g,own_brand,0.0,3,ERROR,0.0,"""Could not resolve authentication method. Expected either api_key or auth_token to be set. Or for one of the `X-Api-Key` or `Authorization` headers to be explicitly omitted"""
9823,35394,Sains,"Sainsbury's Mezzi Rigatoni, Taste the Difference 500g",500.0,g,own_brand,0.0,3,ERROR,0.0,"""Could not resolve authentication method. Expected either api_key or auth_token to be set. Or for one of the `X-Api-Key` or `Authorization` headers to be explicitly omitted"""
9823,59372,Tesco,Tesco Finest Rigatoni 500G 500G,500.0,g,own_brand,0.0,3,ERROR,0.0,"""Could not resolve authentication method. Expected either api_key or auth_token to be set. Or for one of the `X-Api-Key` or `Authorization` headers to be explicitly omitted"""
10161,22250,Morrisons,Morrisons Sesame Seeds,100.0,g,own_brand,0.0,3,ERROR,0.0,"""Could not resolve authentication method. Expected either api_key or auth_token to be set. Or for one of the `X-Api-Key` or `Authorization` headers to be explicitly omitted"""
10161,32400,Sains,Sainsbury's Sesame Seeds 100g,100.0,g,own_brand,0.0,3,ERROR,0.0,"""Could not resolve authentication method. Expected either api_key or auth_token to be set. Or for one of the `X-Api-Key` or `Authorization` headers to be explicitly omitted"""
10161,56665,Tesco,Tesco Sesame Seeds 100G,100.0,g,own_brand,0.0,3,ERROR,0.0,"""Could not resolve authentication method. Expected either api_key or auth_token to be set. Or for one of the `X-Api-Key` or `Authorization` headers to be explicitly omitted"""
11067,10358,ASDA,The BAKERY at ASDA 6 Soft White Rolls,,,own_brand,0.0,4,ERROR,0.0,"""Could not resolve authentication method. Expected either api_key or auth_token to be set. Or for one of the `X-Api-Key` or `Authorization` headers to be explicitly omitted"""
11067,25979,Morrisons,Morrisons Soft White Rolls,,,own_brand,0.0,4,ERROR,0.0,"""Could not resolve authentication method. Expected either api_key or auth_token to be set. Or for one of the `X-Api-Key` or `Authorization` headers to be explicitly omitted"""
11067,46514,Sains,Sainsbury's Scottish White Morning Rolls x6,,,own_brand,0.0,4,ERROR,0.0,"""Could not resolve authentication method. Expected either api_key or auth_token to be set. Or for one of the `X-Api-Key` or `Authorization` headers to be explicitly omitted"""
11067,57160,Tesco,Tesco Soft White Rolls 6 Pack,,,own_brand,0.0,4,ERROR,0.0,"""Could not resolve authentication method. Expected either api_key or auth_token to be set. Or for one of the `X-Api-Key` or `Authorization` headers to be explicitly omitted"""
11264,5517,ASDA,Birds Eye 4 Battered Cod Fish Fillets,450.0,g,branded,0.0,4,ERROR,0.0,"""Could not resolve authentication method. Expected either api_key or auth_token to be set. Or for one of the `X-Api-Key` or `Authorization` headers to be explicitly omitted"""
11264,26795,Morrisons,Birds Eye 4 Breaded Cod Fish Fillets,450.0,g,branded,0.0,4,ERROR,0.0,"""Could not resolve authentication method. Expected either api_key or auth_token to be set. Or for one of the `X-Api-Key` or `Authorization` headers to be explicitly omitted"""
11264,41553,Sains,Birds Eye Breaded Cod Fish Fillets x4 440g,440.0,g,branded,0.0,4,ERROR,0.0,"""Could not resolve authentication method. Expected either api_key or auth_token to be set. Or for one of the `X-Api-Key` or `Authorization` headers to be explicitly omitted"""
11264,57137,Tesco,Birds Eye 4 Large Breaded Cod Fillets 440G,440.0,g,branded,0.0,4,ERROR,0.0,"""Could not resolve authentication method. Expected either api_key or auth_token to be set. Or for one of the `X-Api-Key` or `Authorization` headers to be explicitly omitted"""
11340,9922,ASDA,Lindt CLASSIC RECIPE Vegan Hazelnut,100.0,g,branded,0.0,4,ERROR,0.0,"""Could not resolve authentication method. Expected either api_key or auth_token to be set. Or for one of the `X-Api-Key` or `Authorization` headers to be explicitly omitted"""
11340,27150,Morrisons,Lindt Excellence Dark Cranb…,100.0,g,branded,0.0,4,ERROR,0.0,"""Could not resolve authentication method. Expected either api_key or auth_token to be set. Or for one of the `X-Api-Key` or `Authorization` headers to be explicitly omitted"""
11340,36577,Sains,Lindt Excellence Dark Caramelised Hazelnut 100g,100.0,g,branded,0.0,4,ERROR,0.0,"""Could not resolve authentication method. Expected either api_key or auth_token to be set. Or for one of the `X-Api-Key` or `Authorization` headers to be explicitly omitted"""
11340,58515,Tesco,Lindt Excellence Caramel With Touch Of Sea Salt 100G,100.0,g,branded,0.0,4,ERROR,0.0,"""Could not resolve authentication method. Expected either api_key or auth_token to be set. Or for one of the `X-Api-Key` or `Authorization` headers to be explicitly omitted"""
11425,12821,ASDA,Maynards BASSETTS Sports Mix Juicies,130.0,g,branded,0.0,4,ERROR,0.0,"""Could not resolve authentication method. Expected either api_key or auth_token to be set. Or for one of the `X-Api-Key` or `Authorization` headers to be explicitly omitted"""
11425,27546,Morrisons,Maynard Bassets Sports Mix,130.0,g,unbranded,0.0,4,ERROR,0.0,"""Could not resolve authentication method. Expected either api_key or auth_token to be set. Or for one of the `X-Api-Key` or `Authorization` headers to be explicitly omitted"""
11425,48688,Sains,Maynards Bassetts Sports Mix 165g,165.0,g,branded,0.0,4,ERROR,0.0,"""Could not resolve authentication method. Expected either api_key or auth_token to be set. Or for one of the `X-Api-Key` or `Authorization` headers to be explicitly omitted"""
11425,53898,Tesco,Maynards Bassetts Sports Mix Juicies Sweets Bag 130G,130.0,g,branded,0.0,4,ERROR,0.0,"""Could not resolve authentication method. Expected either api_key or auth_token to be set. Or for one of the `X-Api-Key` or `Authorization` headers to be explicitly omitted"""
11438,4270,ASDA,Volvic Touch of Fruit Strawberry Flavoured Water,1500.0,ml,branded,0.0,4,ERROR,0.0,"""Could not resolve authentication method. Expected either api_key or auth_token to be set. Or for one of the `X-Api-Key` or `Authorization` headers to be explicitly omitted"""
11438,27592,Morrisons,Volvic Touch of Fruit Strawberr…,1428.6,ml,branded,0.0,4,ERROR,0.0,"""Could not resolve authentication method. Expected either api_key or auth_token to be set. Or for one of the `X-Api-Key` or `Authorization` headers to be explicitly omitted"""
11438,38736,Sains,Volvic Touch of Fruit Strawberry Flavoured Water 1.5L,1500.0,ml,branded,0.0,4,ERROR,0.0,"""Could not resolve authentication method. Expected either api_key or auth_token to be set. Or for one of the `X-Api-Key` or `Authorization` headers to be explicitly omitted"""
11438,49390,Tesco,Volvic Touch of Fruit Strawberry Still Flavoured Water 1.5L,1500.0,ml,branded,0.0,4,ERROR,0.0,"""Could not resolve authentication method. Expected either api_key or auth_token to be set. Or for one of the `X-Api-Key` or `Authorization` headers to be explicitly omitted"""
11622,28393,Morrisons,Morrisons Seedless Red Grapes,400.0,g,own_brand,0.0,2,ERROR,0.0,"""Could not resolve authentication method. Expected either api_key or auth_token to be set. Or for one of the `X-Api-Key` or `Authorization` headers to be explicitly omitted"""
11622,60738,Tesco,Tesco Finest Red Grapes Seedless 400G,400.0,g,own_brand,0.0,2,ERROR,0.0,"""Could not resolve authentication method. Expected either api_key or auth_token to be set. Or for one of the `X-Api-Key` or `Authorization` headers to be explicitly omitted"""
11967,15856,ASDA,Violife Original Flavour Slices Vegan Alternative to Cheese 200g,200.0,g,branded,0.0,4,ERROR,0.0,"""Could not resolve authentication method. Expected either api_key or auth_token to be set. Or for one of the `X-Api-Key` or `Authorization` headers to be explicitly omitted"""
11967,30256,Morrisons,Violife Original Flavour Grated Vegan Alternative to Cheese,200.0,g,branded,0.0,4,ERROR,0.0,"""Could not resolve authentication method. Expected either api_key or auth_token to be set. Or for one of the `X-Api-Key` or `Authorization` headers to be explicitly omitted"""
11967,35517,Sains,Violife Creamy Original Flavour Vegan Alternative To Cheese 200g,200.0,g,branded,0.0,4,ERROR,0.0,"""Could not resolve authentication method. Expected either api_key or auth_token to be set. Or for one of the `X-Api-Key` or `Authorization` headers to be explicitly omitted"""
11967,56991,Tesco,Free From Violife Cream Cheese Alternative 200G,200.0,g,branded,0.0,4,ERROR,0.0,"""Could not resolve authentication method. Expected either api_key or auth_token to be set. Or for one of the `X-Api-Key` or `Authorization` headers to be explicitly omitted"""
12229,300,ASDA,Kenco Latte Instant Coffee Sachets,130.0,g,branded,0.0,4,ERROR,0.0,"""Could not resolve authentication method. Expected either api_key or auth_token to be set. Or for one of the `X-Api-Key` or `Authorization` headers to be explicitly omitted"""
12229,20403,Morrisons,Kenco Latte Instant Coffee Sachets,130.0,g,branded,0.0,4,ERROR,0.0,"""Could not resolve authentication method. Expected either api_key or auth_token to be set. Or for one of the `X-Api-Key` or `Authorization` headers to be explicitly omitted"""
12229,32042,Sains,Kenco Latte Instant Coffee Sachets 130.4g,130.4,g,branded,0.0,4,ERROR,0.0,"""Could not resolve authentication method. Expected either api_key or auth_token to be set. Or for one of the `X-Api-Key` or `Authorization` headers to be explicitly omitted"""
12229,55132,Tesco,Kenco Original Latte Instant Coffee 8 X 16.3G,130.4,g,branded,0.0,4,ERROR,0.0,"""Could not resolve authentication method. Expected either api_key or auth_token to be set. Or for one of the `X-Api-Key` or `Authorization` headers to be explicitly omitted"""
12380,12721,ASDA,Kinder Surprise Eggs 3x,60.0,g,branded,0.0,4,ERROR,0.0,"""Could not resolve authentication method. Expected either api_key or auth_token to be set. Or for one of the `X-Api-Key` or `Authorization` headers to be explicitly omitted"""
12380,27097,Morrisons,Kinder Surprise Multipack,60.0,g,branded,0.0,4,ERROR,0.0,"""Could not resolve authentication method. Expected either api_key or auth_token to be set. Or for one of the `X-Api-Key` or `Authorization` headers to be explicitly omitted"""
12380,33132,Sains,Kinder Surprise Eggs 3x20,60.0,g,branded,0.0,4,ERROR,0.0,"""Could not resolve authentication method. Expected either api_key or auth_token to be set. Or for one of the `X-Api-Key` or `Authorization` headers to be explicitly omitted"""
12380,59393,Tesco,Kinder Surprise Egg 3 X 20G,60.0,g,branded,0.0,4,ERROR,0.0,"""Could not resolve authentication method. Expected either api_key or auth_token to be set. Or for one of the `X-Api-Key` or `Authorization` headers to be explicitly omitted"""
12619,35045,Sains,Doves Farm Wholemeal Buckwheat Flour 1kg,1000.0,g,branded,0.0,2,ERROR,0.0,"""Could not resolve authentication method. Expected either api_key or auth_token to be set. Or for one of the `X-Api-Key` or `Authorization` headers to be explicitly omitted"""
12619,59590,Tesco,Doves Farm Organic Wholemeal 1Kg Buckwheat Flour,1000.0,g,branded,0.0,2,ERROR,0.0,"""Could not resolve authentication method. Expected either api_key or auth_token to be set. Or for one of the `X-Api-Key` or `Authorization` headers to be explicitly omitted"""
12750,36005,Sains,Lindt Master Chocolatier Collection 320g,320.0,g,branded,0.0,2,ERROR,0.0,"""Could not resolve authentication method. Expected either api_key or auth_token to be set. Or for one of the `X-Api-Key` or `Authorization` headers to be explicitly omitted"""
12750,60267,Tesco,Lindt Master Chocolatier Collection 320G,320.0,g,branded,0.0,2,ERROR,0.0,"""Could not resolve authentication method. Expected either api_key or auth_token to be set. Or for one of the `X-Api-Key` or `Authorization` headers to be explicitly omitted"""
12997,38242,Sains,Fruit Bowl Yummy Yogurt Fruit Goals 5x18g,90.0,g,unbranded,0.0,2,ERROR,0.0,"""Could not resolve authentication method. Expected either api_key or auth_token to be set. Or for one of the `X-Api-Key` or `Authorization` headers to be explicitly omitted"""
12997,58901,Tesco,Fruit Bowl Yogurt Fruit Goals 5x18g,90.0,g,unbranded,0.0,2,ERROR,0.0,"""Could not resolve authentication method. Expected either api_key or auth_token to be set. Or for one of the `X-Api-Key` or `Authorization` headers to be explicitly omitted"""
13600,43463,Sains,Sainsbury's Echalion Shallots 400g,400.0,g,own_brand,0.0,2,ERROR,0.0,"""Could not resolve authentication method. Expected either api_key or auth_token to be set. Or for one of the `X-Api-Key` or `Authorization` headers to be explicitly omitted"""
13600,59550,Tesco,Tesco Finest Echalion Shallots 400G,400.0,g,own_brand,0.0,2,ERROR,0.0,"""Could not resolve authentication method. Expected either api_key or auth_token to be set. Or for one of the `X-Api-Key` or `Authorization` headers to be explicitly omitted"""
13760,44743,Sains,Wasabi Chicken Katsu Yakisoba 450g,450.0,g,branded,0.0,2,ERROR,0.0,"""Could not resolve authentication method. Expected either api_key or auth_token to be set. Or for one of the `X-Api-Key` or `Authorization` headers to be explicitly omitted"""
13760,56162,Tesco,Wasabi Chicken Katsu Yakisoba 450G,450.0,g,branded,0.0,2,ERROR,0.0,"""Could not resolve authentication method. Expected either api_key or auth_token to be set. Or for one of the `X-Api-Key` or `Authorization` headers to be explicitly omitted"""
13777,14289,ASDA,The Jolly Hog Soft Set Yolk Scotch Egg,125.0,g,unbranded,0.0,3,ERROR,0.0,"""Could not resolve authentication method. Expected either api_key or auth_token to be set. Or for one of the `X-Api-Key` or `Authorization` headers to be explicitly omitted"""
13777,44849,Sains,The Jolly Hog Scotch Egg 120g,120.0,g,unbranded,0.0,3,ERROR,0.0,"""Could not resolve authentication method. Expected either api_key or auth_token to be set. Or for one of the `X-Api-Key` or `Authorization` headers to be explicitly omitted"""
13777,59423,Tesco,The Jolly Hog Outdoor Bred Roasted Ham 100G,100.0,g,unbranded,0.0,3,ERROR,0.0,"""Could not resolve authentication method. Expected either api_key or auth_token to be set. Or for one of the `X-Api-Key` or `Authorization` headers to be explicitly omitted"""
