supermarket,prices_(£),prices_unit_(£),unit,names,date,category,own_brand,is_truncated,original_name,supermarket_brand,tier_type,tier_keyword,known_brand,pack_quantity,pack_pattern,unit_value,unit_type,abv_percentage,unit_inferred,attributes_types,attributes_keywords,descriptors,core_product_name,normalized_name,product_idx,known_brand_clean,product_type,has_unit,has_pack,cat_norm,cluster_size,cluster_id,match_type,avg_pairwise_score
ASDA,6.5,68.4,kg,L'OR Artiste Vigoroso Instant Coffee,20240413,drinks,False,False,L'OR Artiste Vigoroso Instant Coffee,,,,L'or,,,95.0,g,,True,,,,Artiste Vigoroso Instant Coffee,lor artiste vigoroso instant coffee,167,L'or,branded,True,False,drinks,3,108,branded,0.0
Morrisons,4.0,42.1,kg,L'OR Artiste Vigoroso Instant Coffee Intensity 8,20240413,food_cupboard,False,False,L'OR Artiste Vigoroso Instant Coffee Intensity 8,,,,L'or,,,95.0,g,,True,,,,Artiste Vigoroso Instant Coffee Intensity 8,lor artiste vigoroso instant coffee intensity 8,23774,L'or,branded,True,False,food_cupboard,3,108,branded,0.0
Sains,4.0,42.1,kg,L'OR Artiste Vigoroso Intensity 8 Instant Coffee 95g,20240413,food_cupboard,False,False,L'OR Artiste Vigoroso Intensity 8 Instant Coffee 95g,,,,L'or,,,95.0,g,,False,,,,Artiste Vigoroso Intensity 8 Instant Coffee,lor artiste vigoroso intensity 8 instant coffee,37848,L'or,branded,True,False,food_cupboard,3,108,branded,0.0
ASDA,1.09,0.55,unit,ASDA Sweet & Crisp Romaine Lettuce Hearts,20240413,fresh_food,True,False,ASDA Sweet & Crisp Romaine Lettuce Hearts,ASDA,standard,,,,,,,,False,,,{'flavor': ['sweet']},Sweet and Crisp Romaine Lettuce Hearts,sweet and crisp romaine lettuce hearts,885,,own_brand,False,False,fresh_food,4,362,own_brand,0.0
Morrisons,1.09,0.55,unit,Morrisons Romaine Lettuce Hearts,20240413,fresh_food,True,False,Morrisons Romaine Lettuce Hearts,Morrisons,standard,,,,,,,,False,,,,Romaine Lettuce Hearts,romaine lettuce hearts,28531,,own_brand,False,False,fresh_food,4,362,own_brand,0.0
Sains,1.15,0.58,unit,"Sainsbury's Romaine Lettuce Hearts, Twin Pack x2",20240413,fresh_food,True,False,"Sainsbury's Romaine Lettuce Hearts, Twin Pack x2",Sainsbury's,standard,,,2.0,x_count,,,,False,,,,"Romaine Lettuce Hearts, Twin Pack",romaine lettuce hearts twin pack,43360,,own_brand,False,True,fresh_food,4,362,own_brand,0.0
Tesco,1.15,0.58,unit,Tesco Romaine Lettuce Hearts Twin Pac,20240413,fresh_food,True,False,Tesco Romaine Lettuce Hearts Twin Pac,Tesco,standard,,,,,,,,False,,,,Romaine Lettuce Hearts Twin Pac,romaine lettuce hearts twin pac,52048,,own_brand,False,False,fresh_food,4,362,own_brand,0.0
ASDA,1.0,35.7,kg,Popworks Sweet & Salty Popped Crisps,20240413,fresh_food,False,False,Popworks Sweet & Salty Popped Crisps,,,,Popworks,,,28.0,g,,True,,,"{'flavor': ['sweet', 'salty']}",Sweet and Salty Popped Crisps,popworks sweet and salty popped crisps,1732,Popworks,branded,True,False,fresh_food,3,776,branded,0.0
Morrisons,1.0,35.7,kg,Popworks Sweet & Salty Popped Crisps,20240413,free-from,False,False,Popworks Sweet & Salty Popped Crisps,,,,Popworks,,,28.0,g,,True,,,"{'flavor': ['sweet', 'salty']}",Sweet and Salty Popped Crisps,popworks sweet and salty popped crisps,17112,Popworks,branded,True,False,free_from,3,776,branded,0.0
Tesco,1.0,35.7,kg,Popworks Sweet & Salty Grab Bag Popped Crisps 28g,20240406,food_cupboard,False,False,Popworks Sweet & Salty Grab Bag Popped Crisps 28g,,,,Popworks,,,28.0,g,,False,,,"{'flavor': ['sweet', 'salty']}",Sweet and Salty Grab Bag Popped Crisps,popworks sweet and salty grab bag popped crisps,63488,Popworks,branded,True,False,food_cupboard,3,776,branded,0.0
ASDA,1.25,2.5,kg,ASDA Seedless Raisins,20240413,food_cupboard,True,False,ASDA Seedless Raisins,ASDA,standard,,,,,500.0,g,,True,,,{'prep_produce': ['seedless']},Seedless Raisins,seedless raisins,2110,,own_brand,True,False,food_cupboard,4,969,own_brand,0.0
Morrisons,1.99,3.98,kg,Morrisons Raisins,20240413,food_cupboard,True,False,Morrisons Raisins,Morrisons,standard,,,,,500.0,g,,True,,,,Raisins,raisins,22004,,own_brand,True,False,food_cupboard,4,969,own_brand,0.0
Sains,1.85,3.7,kg,"Sainsbury's Raisins, Seedless 500g",20240413,food_cupboard,True,False,"Sainsbury's Raisins, Seedless 500g",Sainsbury's,standard,,,,,500.0,g,,False,,,{'prep_produce': ['seedless']},"Raisins, Seedless",raisins seedless,31515,,own_brand,True,False,food_cupboard,4,969,own_brand,0.0
Tesco,1.85,3.7,kg,Tesco Seedless Raisins 500G,20240413,food_cupboard,True,False,Tesco Seedless Raisins 500G,Tesco,standard,,,,,500.0,g,,False,,,{'prep_produce': ['seedless']},Seedless Raisins,seedless raisins,59524,,own_brand,True,False,food_cupboard,4,969,own_brand,0.0
ASDA,2.6,3.5,l,Shloer Zero White Grape Sparkling Zero Calorie Fruit Drink,20240413,drinks,False,False,Shloer Zero White Grape Sparkling Zero Calorie Fruit Drink,,,,Shloer,,,750.0,ml,,True,,,{'bakery_type': ['white']},Zero White Grape Sparkling Zero Calorie Fruit Drink,shloer zero white grape sparkling zero calorie fruit drink,2663,Shloer,branded,True,False,drinks,3,1289,branded,0.0
Morrisons,1.75,2.3,l,Shloer Zero White Grape Drink,20240413,drinks,False,False,Shloer Zero White Grape Drink,,,,Shloer,,,750.0,ml,,True,,,{'bakery_type': ['white']},Zero White Grape Drink,shloer zero white grape drink,27711,Shloer,branded,True,False,drinks,3,1289,branded,0.0
Tesco,1.75,2.3,l,Shloer Zero Calorie Sparkling White Grape 750Ml,20240413,drinks,False,False,Shloer Zero Calorie Sparkling White Grape 750Ml,,,,Shloer,,,750.0,ml,,False,,,{'bakery_type': ['white']},Zero Calorie Sparkling White Grape,shloer zero calorie sparkling white grape,50668,Shloer,branded,True,False,drinks,3,1289,branded,0.0
ASDA,0.9,4.5,kg,Maryland Choc & Caramel 200g,20240413,food_cupboard,False,False,Maryland Choc & Caramel 200g,,,,Maryland,,,200.0,g,,False,,,,Choc and Caramel,maryland choc and caramel,3355,Maryland,branded,True,False,food_cupboard,3,1690,branded,0.0
Morrisons,0.9,4.5,kg,Maryland Cookies Caramel,20240413,food_cupboard,False,False,Maryland Cookies Caramel,,,,Maryland,,,200.0,g,,True,,,,Cookies Caramel,maryland cookies caramel,20998,Maryland,branded,True,False,food_cupboard,3,1690,branded,0.0
Sains,1.5,7.5,kg,Maryland Choc & Caramel 200g,20240413,food_cupboard,False,False,Maryland Choc & Caramel 200g,,,,Maryland,,,200.0,g,,False,,,,Choc and Caramel,maryland choc and caramel,37943,Maryland,branded,True,False,food_cupboard,3,1690,branded,0.0
ASDA,1.1,8.8,kg,Bakery Delights Bakery Delights Crispbakes,20240413,food_cupboard,False,False,Bakery Delights Bakery Delights Crispbakes,,,,,,,125.0,g,,True,,,,Bakery Delights Bakery Delights Crispbakes,bakery delights bakery delights crispbakes,3460,,unbranded,True,False,food_cupboard,3,1763,unbranded,0.0
Sains,1.15,9.2,kg,Bakery Delights Crispbakes 125g,20240413,food_cupboard,False,False,Bakery Delights Crispbakes 125g,,,,,,,125.0,g,,False,,,,Bakery Delights Crispbakes,bakery delights crispbakes,35840,,unbranded,True,False,food_cupboard,3,1763,unbranded,0.0
Tesco,1.1,8.8,kg,Bakery Delights Crisp Bakes 125G,20240413,food_cupboard,False,False,Bakery Delights Crisp Bakes 125G,,,,,,,125.0,g,,False,,,,Bakery Delights Crisp Bakes,bakery delights crisp bakes,53294,,unbranded,True,False,food_cupboard,3,1763,unbranded,0.0
ASDA,2.5,11.9,kg,Nature Valley Crunchy Canadian Maple Syrup Cereal Bars,20240413,food_cupboard,False,False,Nature Valley Crunchy Canadian Maple Syrup Cereal Bars,,,,Nature Valley,,,210.0,g,,True,,,{'texture': ['crunchy']},Crunchy Canadian Maple Syrup Cereal Bars,nature valley crunchy canadian maple syrup cereal bars,3492,Nature Valley,branded,True,False,food_cupboard,3,1778,branded,0.0
Morrisons,2.5,11.9,kg,Nature Valley Crunchy Oats…,20240413,food_cupboard,False,True,Nature Valley Crunchy Oats…,,,,Nature Valley,,,210.0,g,,True,,,{'texture': ['crunchy']},Crunchy Oats…,nature valley crunchy oats,22983,Nature Valley,branded,True,False,food_cupboard,3,1778,branded,0.0
Tesco,1.75,8.3,kg,Nature Valley Crunchy Canadian Maple Syrup 5 x 42g (210g),20240413,food_cupboard,False,False,Nature Valley Crunchy Canadian Maple Syrup 5 x 42g (210g),,,,Nature Valley,5.0,count_x_size,210.0,g,,False,,,{'texture': ['crunchy']},Crunchy Canadian Maple Syrup,nature valley crunchy canadian maple syrup,54412,Nature Valley,branded,True,True,food_cupboard,3,1778,branded,0.0
ASDA,1.35,10.2,kg,Kellogg's Special K Juicy Red Berry Bars,20240413,food_cupboard,False,False,Kellogg's Special K Juicy Red Berry Bars,,,,Kellogg's,,,130.0,g,,True,,,,Special K Juicy Red Berry Bars,kelloggs special k juicy red berry bars,3512,Kellogg's,branded,True,False,food_cupboard,4,1792,branded,0.0
Morrisons,1.4,10.9,kg,Kellogg's Special K Juicy Red Berry Bars,20240413,food_cupboard,False,False,Kellogg's Special K Juicy Red Berry Bars,,,,Kellogg's,,,125.0,g,,True,,,,Special K Juicy Red Berry Bars,kelloggs special k juicy red berry bars,22573,Kellogg's,branded,True,False,food_cupboard,4,1792,branded,0.0
Sains,1.35,10.5,kg,Kellogg's Special K Juicy Red Berry Snack Bars 6x21.5g,20240413,food_cupboard,False,False,Kellogg's Special K Juicy Red Berry Snack Bars 6x21.5g,,,,Kellogg's,6.0,count_x_size,129.0,g,,False,,,,Special K Juicy Red Berry Snack Bars,kelloggs special k juicy red berry snack bars,32758,Kellogg's,branded,True,True,food_cupboard,4,1792,branded,0.0
Tesco,1.3,10.1,kg,Kellogg's Special K Juicy Red Berry Snack Bars 6x21.5g,20240413,food_cupboard,False,False,Kellogg's Special K Juicy Red Berry Snack Bars 6x21.5g,,,,Kellogg's,6.0,count_x_size,129.0,g,,False,,,,Special K Juicy Red Berry Snack Bars,kelloggs special k juicy red berry snack bars,53842,Kellogg's,branded,True,True,food_cupboard,4,1792,branded,0.0
ASDA,1.0,10.1,kg,Batchelors Chef's Special Pasta 'n' Sauce Caramelised Onion and Smoky Bacon Flavour 99g,20240413,food_cupboard,False,False,Batchelors Chef's Special Pasta 'n' Sauce Caramelised Onion and Smoky Bacon Flavour 99g,,,,Batchelors,,,99.0,g,,False,,,,Chef's Special Pasta 'n' Sauce Caramelised Onion and Smoky Bacon Flavour,batchelors chefs special pasta n sauce caramelised onion and smoky bacon flavor,3876,Batchelors,branded,True,False,food_cupboard,3,1997,branded,0.0
Sains,1.1,11.11,kg,Batchelors Pasta 'n' Sauce Chefs Special Caramelised Onion & Smoky Bacon Flavour Pasta Sachet 99g,20240413,food_cupboard,False,False,Batchelors Pasta 'n' Sauce Chefs Special Caramelised Onion & Smoky Bacon Flavour Pasta Sachet 99g,,,,Batchelors,,,99.0,g,,False,,,,Pasta 'n' Sauce Chefs Special Caramelised Onion and Smoky Bacon Flavour Pasta Sachet,batchelors pasta n sauce chefs special caramelised onion and smoky bacon flavor pasta sachet,37430,Batchelors,branded,True,False,food_cupboard,3,1997,branded,0.0
Tesco,0.95,9.59,kg,Batchelors Pasta & Sauce Caramelised Onion & Smoky Bacon 99G,20240412,food_cupboard,False,False,Batchelors Pasta & Sauce Caramelised Onion & Smoky Bacon 99G,,,,Batchelors,,,99.0,g,,False,,,,Pasta and Sauce Caramelised Onion and Smoky Bacon,batchelors pasta and sauce caramelised onion and smoky bacon,62704,Batchelors,branded,True,False,food_cupboard,3,1997,branded,0.0
ASDA,1.25,5.0,l,The Distiller Passion Fruit Martini 250ml,20240413,fresh_food,False,False,The Distiller Passion Fruit Martini 250ml,,,,,,,250.0,ml,,False,,,,The Distiller Passion Fruit Martini,the distiller passion fruit martini,4262,,unbranded,True,False,fresh_food,2,2176,unbranded,0.0
Sains,2.6,10.4,l,Tribeology Premium Cocktails Passion Fruit Martini 250ml,20240413,food_cupboard,False,False,Tribeology Premium Cocktails Passion Fruit Martini 250ml,,,,,,,250.0,ml,,False,,,,Tribeology Premium Cocktails Passion Fruit Martini,tribeology premium cocktails passion fruit martini,38069,,unbranded,True,False,food_cupboard,2,2176,unbranded,0.0
ASDA,22.0,22.0,l,Gordon's Premium Pink Gin,20240413,drinks,False,False,Gordon's Premium Pink Gin,,,,Gordon's,,,1000.0,ml,,True,,,,Premium Pink Gin,gordons premium pink gin,4448,Gordon's,branded,True,False,drinks,4,2298,branded,0.0
Morrisons,2.25,9.0,l,Gordon's Pink Gin & Tonic (Abv 5%),20240413,drinks,False,False,Gordon's Pink Gin & Tonic (Abv 5%),,,,Gordon's,,,250.0,ml,,True,,,,Pink Gin and Tonic (Abv 5%),gordons pink gin and tonic abv 5,24393,Gordon's,branded,True,False,drinks,4,2298,branded,0.0
Sains,1.8,7.2,l,Gordon's Gin & Tonic 250ml,20240413,drinks,False,False,Gordon's Gin & Tonic 250ml,,,,Gordon's,,,250.0,ml,,False,,,,Gin and Tonic,gordons gin and tonic,39101,Gordon's,branded,True,False,drinks,4,2298,branded,0.0
Tesco,2.15,8.6,l,Gordon's Gin & Tonic 250Ml Can,20240406,drinks,False,False,Gordon's Gin & Tonic 250Ml Can,,,,Gordon's,,,250.0,ml,,False,,,{'packaging': ['can']},Gin and Tonic Can,gordons gin and tonic can,63491,Gordon's,branded,True,False,drinks,4,2298,branded,0.0
ASDA,9.0,119.97,l,Apothic Merlot 750ml,20240413,drinks,False,False,Apothic Merlot 750ml,,,,Apothic,,,750.0,ml,,False,,,,Merlot,apothic merlot,4722,Apothic,branded,True,False,drinks,2,2468,branded,0.0
Tesco,10.5,13.96,l,Apothic Merlot 750Ml,20240413,drinks,False,False,Apothic Merlot 750Ml,,,,Apothic,,,750.0,ml,,False,,,,Merlot,apothic merlot,56234,Apothic,branded,True,False,drinks,2,2468,branded,0.0
ASDA,7.25,96.64,l,Voga Pinot Grigio 750ml,20240413,drinks,False,False,Voga Pinot Grigio 750ml,,,,,,,750.0,ml,,False,,,,Voga Pinot Grigio,voga pinot grigio,4877,,unbranded,True,False,drinks,4,2565,unbranded,0.0
Morrisons,5.5,7.32,l,Terramare Pinot Grigio,20240413,drinks,False,False,Terramare Pinot Grigio,,,,,,,750.0,ml,,True,,,,Terramare Pinot Grigio,terramare pinot grigio,25165,,unbranded,True,False,drinks,4,2565,unbranded,0.0
Sains,6.0,7.98,l,PinotPinot Pinot Grigio 75cl,20240409,drinks,False,False,PinotPinot Pinot Grigio 75cl,,,,,,,750.0,ml,,False,,,,PinotPinot Pinot Grigio,pinotpinot pinot grigio,46984,,unbranded,True,False,drinks,4,2565,unbranded,0.0
Tesco,7.5,9.98,l,Wairau Cove Pinot Grigio 75Cl,20240413,drinks,False,False,Wairau Cove Pinot Grigio 75Cl,,,,,,,750.0,ml,,False,,,,Wairau Cove Pinot Grigio,wairau cove pinot grigio,61827,,unbranded,True,False,drinks,4,2565,unbranded,0.0
ASDA,7.0,93.31,l,Barefoot Sauvignon Blanc,20240413,drinks,False,False,Barefoot Sauvignon Blanc,,,,Barefoot,,,750.0,ml,,True,,,,Sauvignon Blanc,barefoot sauvignon blanc,4890,Barefoot,branded,True,False,drinks,2,2578,branded,0.0
Tesco,8.0,10.64,l,Barefoot Sauvignon Blanc 75Cl,20240413,drinks,False,False,Barefoot Sauvignon Blanc 75Cl,,,,Barefoot,,,750.0,ml,,False,,,,Sauvignon Blanc,barefoot sauvignon blanc,61572,Barefoot,branded,True,False,drinks,2,2578,branded,0.0
ASDA,4.95,65.98,l,Le Manoir du Baron Pinot Noir 75cl,20240413,drinks,False,False,Le Manoir du Baron Pinot Noir 75cl,,,,,,,750.0,ml,,False,,,,Le Manoir du Baron Pinot Noir,le manoir du baron pinot noir,4962,,unbranded,True,False,drinks,4,2618,unbranded,0.0
Morrisons,7.0,9.31,l,Cono Sur Bicicleta Viognier,20240413,drinks,False,False,Cono Sur Bicicleta Viognier,,,,,,,750.0,ml,,True,,,,Cono Sur Bicicleta Viognier,cono sur bicicleta viognier,25219,,unbranded,True,False,drinks,4,2618,unbranded,0.0
Sains,7.0,9.31,l,Zana Pinot Noir 75cl,20240413,drinks,False,False,Zana Pinot Noir 75cl,,,,,,,750.0,ml,,False,,,,Zana Pinot Noir,zana pinot noir,40841,,unbranded,True,False,drinks,4,2618,unbranded,0.0
Tesco,7.0,9.31,l,Cono Sur Bicicleta Pinot Noir 75Cl,20240413,drinks,False,False,Cono Sur Bicicleta Pinot Noir 75Cl,,,,,,,750.0,ml,,False,,,,Cono Sur Bicicleta Pinot Noir,cono sur bicicleta pinot noir,61243,,unbranded,True,False,drinks,4,2618,unbranded,0.0
ASDA,3.0,4.65,kg,Chicago Town Takeaway Large Stuffed Pepperoni Pizza,20240413,frozen,False,False,Chicago Town Takeaway Large Stuffed Pepperoni Pizza,,,,Chicago Town,,,650.0,g,,True,,,,Takeaway Large Stuffed Pepperoni Pizza,chicago town takeaway large stuffed pepperoni pizza,5037,Chicago Town,branded,True,False,frozen,4,2660,branded,0.0
Morrisons,2.29,1.15,unit,Chicago Town Deep Dish Pepperoni Pizzas,20240413,frozen,False,False,Chicago Town Deep Dish Pepperoni Pizzas,,,,Chicago Town,,,,,,False,,,,Deep Dish Pepperoni Pizzas,chicago town deep dish pepperoni pizzas,26191,Chicago Town,branded,False,False,frozen,4,2660,branded,0.0
Sains,3.75,5.86,kg,Chicago Town Takeaway Large Cheesy Stuffed Pepperoni Pizza 640g,20240413,frozen,False,False,Chicago Town Takeaway Large Cheesy Stuffed Pepperoni Pizza 640g,,,,Chicago Town,,,640.0,g,,False,,,,Takeaway Large Cheesy Stuffed Pepperoni Pizza,chicago town takeaway large cheesy stuffed pepperoni pizza,45690,Chicago Town,branded,True,False,frozen,4,2660,branded,0.0
Tesco,1.59,5.1,kg,Chicago Town Deep Dish Pepperoni Pizzas 2 X 155G,20240412,frozen,False,False,Chicago Town Deep Dish Pepperoni Pizzas 2 X 155G,,,,Chicago Town,2.0,count_x_size,310.0,g,,False,,,,Deep Dish Pepperoni Pizzas,chicago town deep dish pepperoni pizzas,62364,Chicago Town,branded,True,True,frozen,4,2660,branded,0.0
ASDA,3.0,8.93,kg,Birds Eye 12 Green Cuisine Vegan Fishless Fingers,20240413,frozen,False,False,Birds Eye 12 Green Cuisine Vegan Fishless Fingers,,,,Birds Eye,,,340.0,g,,True,diet,vegan,,12 Green Cuisine Fishless Fingers,birds eye 12 green cuisine fishless fingers,5316,Birds Eye,branded,True,False,frozen,4,2798,branded,0.0
Morrisons,2.69,1.35,unit,Birds Eye 2 Green Cuisine Vegan C…,20240413,frozen,False,True,Birds Eye 2 Green Cuisine Vegan C…,,,,Birds Eye,,,,,,False,diet,vegan,,2 Green Cuisine C…,birds eye 2 green cuisine c,26912,Birds Eye,branded,False,False,frozen,4,2798,branded,0.0
Sains,3.0,8.93,kg,Birds Eye Green Cuisine Vegan Fishless Fingers x12 336g,20240405,free-from,False,False,Birds Eye Green Cuisine Vegan Fishless Fingers x12 336g,,,,Birds Eye,12.0,x_count,336.0,g,,False,diet,vegan,,Green Cuisine Fishless Fingers,birds eye green cuisine fishless fingers,47048,Birds Eye,branded,True,True,free_from,4,2798,branded,0.0
Tesco,3.0,8.93,kg,Birds Eye Green Cuisine Fishless Fingers 12 Pack 336G,20240405,frozen,False,False,Birds Eye Green Cuisine Fishless Fingers 12 Pack 336G,,,,Birds Eye,12.0,count_pack,336.0,g,,False,,,,Green Cuisine Fishless Fingers,birds eye green cuisine fishless fingers,63535,Birds Eye,branded,True,True,frozen,4,2798,branded,0.0
ASDA,3.2,8.89,kg,Birds Eye 12 Gluten Free Fish Fingers,20240413,frozen,False,False,Birds Eye 12 Gluten Free Fish Fingers,,,,Birds Eye,,,350.0,g,,True,free_from,gluten free,,12 Fish Fingers,birds eye 12 fish fingers,5530,Birds Eye,branded,True,False,frozen,4,2926,branded,0.0
Morrisons,3.75,10.42,kg,Birds Eye Gluten Free 12 Fish Fingers,20240413,free-from,False,False,Birds Eye Gluten Free 12 Fish Fingers,,,,Birds Eye,,,350.0,g,,True,free_from,gluten free,,12 Fish Fingers,birds eye 12 fish fingers,17190,Birds Eye,branded,True,False,free_from,4,2926,branded,0.0
Sains,4.0,11.11,kg,Birds Eye Chunky Chip Shop Curry Fish Fingers x6 360g,20240318,frozen,False,False,Birds Eye Chunky Chip Shop Curry Fish Fingers x6 360g,,,,Birds Eye,6.0,x_count,360.0,g,,False,,,{'texture': ['chunky']},Chunky Chip Shop Curry Fish Fingers,birds eye chunky chip shop curry fish fingers,47757,Birds Eye,branded,True,True,frozen,4,2926,branded,0.0
Tesco,3.35,9.31,kg,Birds Eye 12 Gluten Free Fish Finger 360G,20240413,frozen,False,False,Birds Eye 12 Gluten Free Fish Finger 360G,,,,Birds Eye,,,360.0,g,,False,free_from,gluten free,,12 Fish Finger,birds eye 12 fish finger,62088,Birds Eye,branded,True,False,frozen,4,2926,branded,0.0
ASDA,4.0,9.09,kg,Birds Eye 4 Battered Haddock Fish Fillets,20240413,frozen,False,False,Birds Eye 4 Battered Haddock Fish Fillets,,,,Birds Eye,,,450.0,g,,True,,,{'texture': ['battered']},4 Battered Haddock Fish Fillets,birds eye 4 battered haddock fish fillets,5552,Birds Eye,branded,True,False,frozen,4,2942,branded,0.0
Morrisons,4.5,10.23,kg,Birds Eye 4 Large Haddock Fillets Battered,20240413,frozen,False,False,Birds Eye 4 Large Haddock Fillets Battered,,,,Birds Eye,,,450.0,g,,True,,,{'texture': ['battered']},4 Large Haddock Fillets Battered,birds eye 4 large haddock fillets battered,26261,Birds Eye,branded,True,False,frozen,4,2942,branded,0.0
Sains,6.5,14.77,kg,Birds Eye Breaded Haddock Fish Fillets x4 440g,20240413,free-from,False,False,Birds Eye Breaded Haddock Fish Fillets x4 440g,,,,Birds Eye,4.0,x_count,440.0,g,,False,,,{'texture': ['breaded']},Breaded Haddock Fish Fillets,birds eye breaded haddock fish fillets,41857,Birds Eye,branded,True,True,free_from,4,2942,branded,0.0
Tesco,6.5,14.77,kg,Birds Eye 4 Large Breaded Haddock 440G,20240413,frozen,False,False,Birds Eye 4 Large Breaded Haddock 440G,,,,Birds Eye,,,440.0,g,,False,,,{'texture': ['breaded']},4 Large Breaded Haddock,birds eye 4 large breaded haddock,57138,Birds Eye,branded,True,False,frozen,4,2942,branded,0.0
ASDA,2.5,6.2,l,Calippo Cola,20240413,frozen,False,False,Calippo Cola,,,,,,,400.0,ml,,True,,,,Calippo Cola,calippo cola,5802,,unbranded,True,False,frozen,4,3086,unbranded,0.0
Morrisons,2.5,6.2,l,Calippo Cola Ice Lollies,20240413,free-from,False,False,Calippo Cola Ice Lollies,,,,,,,400.0,ml,,True,,,,Calippo Cola Ice Lollies,calippo cola ice lollies,17057,,unbranded,True,False,free_from,4,3086,unbranded,0.0
Sains,2.6,6.5,l,Calippo Walls Cola Ice Lollies 5x80ml,20240413,frozen,False,False,Calippo Walls Cola Ice Lollies 5x80ml,,,,,5.0,count_x_size,400.0,ml,,False,,,,Calippo Walls Cola Ice Lollies,calippo walls cola ice lollies,45769,,unbranded,True,True,frozen,4,3086,unbranded,0.0
Tesco,2.0,5.0,l,Wall's Calippo Mini Cola Ice Lollies 5x80ml,20240413,frozen,False,False,Wall's Calippo Mini Cola Ice Lollies 5x80ml,,,,Wall's,5.0,count_x_size,400.0,ml,,False,,,,Calippo Mini Cola Ice Lollies,walls calippo mini cola ice lollies,52238,Wall's,branded,True,True,frozen,4,3086,branded,0.0
ASDA,2.5,3.47,kg,Aunt Bessie's Crispy & Fluffy Roasties,20240413,frozen,False,False,Aunt Bessie's Crispy & Fluffy Roasties,,,,Aunt Bessie's,,,700.0,g,,True,,,{'texture': ['crispy']},Crispy and Fluffy Roasties,aunt bessies crispy and fluffy roasties,5965,Aunt Bessie's,branded,True,False,frozen,4,3185,branded,0.0
Morrisons,2.5,3.47,kg,Aunt Bessie's Roast Potatoes,20240413,frozen,False,False,Aunt Bessie's Roast Potatoes,,,,Aunt Bessie's,,,700.0,g,,True,,,,Roast Potatoes,aunt bessies roast potatoes,26581,Aunt Bessie's,branded,True,False,frozen,4,3185,branded,0.0
Sains,2.4,3.33,kg,Aunt Bessie's Roast Potatoes 720g,20240413,free-from,False,False,Aunt Bessie's Roast Potatoes 720g,,,,Aunt Bessie's,,,720.0,g,,False,,,,Roast Potatoes,aunt bessies roast potatoes,41544,Aunt Bessie's,branded,True,False,free_from,4,3185,branded,0.0
Tesco,2.5,3.47,kg,Aunt Bessie's Crispy & Fluffy Roasties 720G,20240413,frozen,False,False,Aunt Bessie's Crispy & Fluffy Roasties 720G,,,,Aunt Bessie's,,,720.0,g,,False,,,{'texture': ['crispy']},Crispy and Fluffy Roasties,aunt bessies crispy and fluffy roasties,59415,Aunt Bessie's,branded,True,False,frozen,4,3185,branded,0.0
ASDA,1.5,13.0,kg,ASDA German Style Salami,20240413,fresh_food,True,False,ASDA German Style Salami,ASDA,standard,,,,,115.4,g,,True,,,,German Style Salami,german style salami,6578,,own_brand,True,False,fresh_food,4,3564,own_brand,0.0
Morrisons,1.35,13.5,kg,Morrisons German Salami,20240413,fresh_food,True,False,Morrisons German Salami,Morrisons,standard,,,,,100.0,g,,True,,,,German Salami,german salami,19393,,own_brand,True,False,fresh_food,4,3564,own_brand,0.0
Sains,1.35,13.5,kg,Sainsbury's French Style Salad 100g,20240413,fresh_food,True,False,Sainsbury's French Style Salad 100g,Sainsbury's,standard,,,,,100.0,g,,False,,,,French Style Salad,french style salad,43704,,own_brand,True,False,fresh_food,4,3564,own_brand,0.0
Tesco,2.25,18.8,kg,Tesco German Salami Selection 120G,20240412,fresh_food,True,False,Tesco German Salami Selection 120G,Tesco,standard,,,,,120.0,g,,False,,,,German Salami Selection,german salami selection,62646,,own_brand,True,False,fresh_food,4,3564,own_brand,0.0
ASDA,1.25,7.58,kg,Philadelphia Light Soft Cheese,20240413,fresh_food,False,False,Philadelphia Light Soft Cheese,,,,Philadelphia,,,170.0,g,,True,,,{'texture': ['soft']},Light Soft Cheese,philadelphia light soft cheese,7187,Philadelphia,branded,True,False,fresh_food,4,3857,branded,0.0
Morrisons,1.25,7.58,kg,Philadelphia Light Low Fat Soft Cream Cheese,20240413,fresh_food,False,False,Philadelphia Light Low Fat Soft Cream Cheese,,,,Philadelphia,,,170.0,g,,True,diet,low fat,{'texture': ['soft']},Light Soft Cream Cheese,philadelphia light soft cream cheese,19313,Philadelphia,branded,True,False,fresh_food,4,3857,branded,0.0
Sains,1.25,7.57,kg,Philadelphia Light Soft Cheese 165g,20240413,fresh_food,False,False,Philadelphia Light Soft Cheese 165g,,,,Philadelphia,,,165.0,g,,False,,,{'texture': ['soft']},Light Soft Cheese,philadelphia light soft cheese,43908,Philadelphia,branded,True,False,fresh_food,4,3857,branded,0.0
Tesco,2.2,13.33,kg,Philadelphia Light Low Fat Soft Cream Cheese 165G,20240413,fresh_food,False,False,Philadelphia Light Low Fat Soft Cream Cheese 165G,,,,Philadelphia,,,165.0,g,,False,diet,low fat,{'texture': ['soft']},Light Soft Cream Cheese,philadelphia light soft cream cheese,56936,Philadelphia,branded,True,False,fresh_food,4,3857,branded,0.0
ASDA,2.0,5.0,kg,Stagg Chili Dynamite Hot Chili Con Carne,20240413,food_cupboard,False,False,Stagg Chili Dynamite Hot Chili Con Carne,,,,,,,400.0,g,,True,,,{'flavor': ['hot']},Stagg Chili Dynamite Hot Chili Con Carne,stagg chili dynamite hot chili con carne,7710,,unbranded,True,False,food_cupboard,4,4152,unbranded,0.0
Morrisons,2.0,5.0,kg,Stagg Dynamite Hot Chili Con Carne,20240413,food_cupboard,False,False,Stagg Dynamite Hot Chili Con Carne,,,,,,,400.0,g,,True,,,{'flavor': ['hot']},Stagg Dynamite Hot Chili Con Carne,stagg dynamite hot chili con carne,20898,,unbranded,True,False,food_cupboard,4,4152,unbranded,0.0
Sains,2.2,5.5,kg,Stagg Dynamite Hot Chilli 400g,20240413,food_cupboard,False,False,Stagg Dynamite Hot Chilli 400g,,,,,,,400.0,g,,False,,,{'flavor': ['hot']},Stagg Dynamite Hot Chilli,stagg dynamite hot chilli,35088,,unbranded,True,False,food_cupboard,4,4152,unbranded,0.0
Tesco,1.85,4.72,kg,Stockwell & Co Chilli Con Carne 392G,20240413,food_cupboard,False,False,Stockwell & Co Chilli Con Carne 392G,Stockwell & Co,value,Stockwell,,,,392.0,g,,False,,,,Chilli Con Carne,chilli con carne,60225,,unbranded,True,False,food_cupboard,4,4152,unbranded,0.0
ASDA,3.5,7.7,l,Flying Goose Sriracha Hot Chilli Sauce 455ml,20240413,food_cupboard,False,False,Flying Goose Sriracha Hot Chilli Sauce 455ml,,,,Flying Goose,,,455.0,ml,,False,,,{'flavor': ['hot']},Sriracha Hot Chilli Sauce,flying goose sriracha hot chilli sauce,8110,Flying Goose,branded,True,False,food_cupboard,2,4380,branded,0.0
Sains,3.6,7.9,l,Flying Goose Sriracha Hot Chilli Sauce 455ml,20240413,food_cupboard,False,False,Flying Goose Sriracha Hot Chilli Sauce 455ml,,,,Flying Goose,,,455.0,ml,,False,,,{'flavor': ['hot']},Sriracha Hot Chilli Sauce,flying goose sriracha hot chilli sauce,34270,Flying Goose,branded,True,False,food_cupboard,2,4380,branded,0.0
ASDA,1.75,7.3,kg,Heinz Mild Yellow Mustard,20240413,food_cupboard,False,False,Heinz Mild Yellow Mustard,,,,Heinz,,,240.0,g,,True,,,"{'flavor': ['mild'], 'maturity': ['mild']}",Mild Yellow Mustard,heinz mild yellow mustard,8176,Heinz,branded,True,False,food_cupboard,2,4429,branded,0.0
Sains,1.75,7.3,kg,"Heinz Yellow Mustard, Mild 220ml",20240413,food_cupboard,False,False,"Heinz Yellow Mustard, Mild 220ml",,,,Heinz,,,220.0,ml,,False,,,"{'flavor': ['mild'], 'maturity': ['mild']}","Yellow Mustard, Mild",heinz yellow mustard mild,35201,Heinz,branded,True,False,food_cupboard,2,4429,branded,0.0
ASDA,3.5,5.8,kg,Heinz Light Salad Cream,20240413,food_cupboard,False,False,Heinz Light Salad Cream,,,,Heinz,,,600.0,g,,True,,,,Light Salad Cream,heinz light salad cream,8188,Heinz,branded,True,False,food_cupboard,3,4438,branded,0.0
Sains,3.75,6.2,l,Heinz Salad Cream Light 605g,20240413,food_cupboard,False,False,Heinz Salad Cream Light 605g,,,,Heinz,,,605.0,g,,False,,,,Salad Cream Light,heinz salad cream light,32751,Heinz,branded,True,False,food_cupboard,3,4438,branded,0.0
Tesco,3.9,6.4,kg,Heinz Salad Cream Light 605G,20240413,food_cupboard,False,False,Heinz Salad Cream Light 605G,,,,Heinz,,,605.0,g,,False,,,,Salad Cream Light,heinz salad cream light,52297,Heinz,branded,True,False,food_cupboard,3,4438,branded,0.0
ASDA,1.9,17.0,kg,Knorr Vegetable Stock Pot,20240413,food_cupboard,False,False,Knorr Vegetable Stock Pot,,,,Knorr,,,110.0,g,,True,,,,Vegetable Stock Pot,knorr vegetable stock pot,8368,Knorr,branded,True,False,food_cupboard,4,4561,branded,0.0
Morrisons,1.89,16.9,kg,Knorr Vegetable Stock Pot 4 Pack,20240413,food_cupboard,False,False,Knorr Vegetable Stock Pot 4 Pack,,,,Knorr,4.0,count_pack,110.0,g,,True,,,,Vegetable Stock Pot,knorr vegetable stock pot,22077,Knorr,branded,True,True,food_cupboard,4,4561,branded,0.0
Sains,1.9,17.0,kg,Knorr Stock Pot Vegetable 4x28g,20240413,food_cupboard,False,False,Knorr Stock Pot Vegetable 4x28g,,,,Knorr,4.0,count_x_size,112.0,g,,False,,,,Stock Pot Vegetable,knorr stock pot vegetable,32315,Knorr,branded,True,True,food_cupboard,4,4561,branded,0.0
Tesco,1.25,11.2,kg,Knorr Vegetable Stock Pot 4x28g,20240413,food_cupboard,False,False,Knorr Vegetable Stock Pot 4x28g,,,,Knorr,4.0,count_x_size,112.0,g,,False,,,,Vegetable Stock Pot,knorr vegetable stock pot,55648,Knorr,branded,True,True,food_cupboard,4,4561,branded,0.0
ASDA,1.0,10.0,kg,East End Hot Peri Peri Rub,20240413,food_cupboard,False,False,East End Hot Peri Peri Rub,,,,East End,,,100.0,g,,True,,,{'flavor': ['hot']},Hot Peri Peri Rub,east end hot peri peri rub,8557,East End,branded,True,False,food_cupboard,2,4691,branded,0.0
Sains,1.2,12.0,kg,East End Hot Peri Peri Seasoning 100g,20240413,food_cupboard,False,False,East End Hot Peri Peri Seasoning 100g,,,,East End,,,100.0,g,,False,,,{'flavor': ['hot']},Hot Peri Peri Seasoning,east end hot peri peri seasoning,38310,East End,branded,True,False,food_cupboard,2,4691,branded,0.0
ASDA,3.0,23.1,kg,KP Flavour Kravers Crunchy Coated Aromatic Thai Chilli Flavour Peanuts 130g,20240413,fresh_food,False,False,KP Flavour Kravers Crunchy Coated Aromatic Thai Chilli Flavour Peanuts 130g,,,,Kp,,,130.0,g,,False,,,"{'texture': ['crunchy', 'coated']}",Flavour Kravers Crunchy Coated Aromatic Thai Chilli Flavour Peanuts,kp flavor kravers crunchy coated aromatic thai chilli flavor peanuts,9001,Kp,branded,True,False,fresh_food,3,4996,branded,0.0
Sains,3.0,23.1,kg,KP Flavour Kravers Crunchy Coated Aromatic Thai Chilli Flavour Peanuts 130g,20240413,food_cupboard,False,False,KP Flavour Kravers Crunchy Coated Aromatic Thai Chilli Flavour Peanuts 130g,,,,Kp,,,130.0,g,,False,,,"{'texture': ['crunchy', 'coated']}",Flavour Kravers Crunchy Coated Aromatic Thai Chilli Flavour Peanuts,kp flavor kravers crunchy coated aromatic thai chilli flavor peanuts,38051,Kp,branded,True,False,food_cupboard,3,4996,branded,0.0
Tesco,3.0,23.1,kg,Kp Flavour Kravers Thai Chilli Coated Peanuts 130G,20240413,food_cupboard,False,False,Kp Flavour Kravers Thai Chilli Coated Peanuts 130G,,,,Kp,,,130.0,g,,False,,,{'texture': ['coated']},Flavour Kravers Thai Chilli Coated Peanuts,kp flavor kravers thai chilli coated peanuts,58046,Kp,branded,True,False,food_cupboard,3,4996,branded,0.0
ASDA,2.0,2.0,l,Alpro Not M*lk Whole Long Life Drink,20240413,fresh_food,False,False,Alpro Not M*lk Whole Long Life Drink,,,,Alpro,,,1000.0,ml,,True,,,{'form': ['whole']},Not M*lk Whole Long Life Drink,alpro not m lk whole long life drink,9324,Alpro,branded,True,False,fresh_food,4,5218,branded,0.0
Morrisons,1.5,1.5,l,Alpro Oat Long Life Drink,20240413,fresh_food,False,False,Alpro Oat Long Life Drink,,,,Alpro,,,1000.0,ml,,True,,,,Oat Long Life Drink,alpro oat long life drink,18528,Alpro,branded,True,False,fresh_food,4,5218,branded,0.0
Sains,1.5,1.5,l,Alpro Not Milk Whole Long Life Drink 1L,20240413,drinks,False,False,Alpro Not Milk Whole Long Life Drink 1L,,,,Alpro,,,1000.0,ml,,False,,,{'form': ['whole']},Not Milk Whole Long Life Drink,alpro not milk whole long life drink,40694,Alpro,branded,True,False,drinks,4,5218,branded,0.0
Tesco,2.0,2.0,l,Alpro This is Not M*lk Oat Whole Long Life Dairy Free Drink 1L,20240413,food_cupboard,False,False,Alpro This is Not M*lk Oat Whole Long Life Dairy Free Drink 1L,,,,Alpro,,,1000.0,ml,,False,free_from,dairy free,{'form': ['whole']},This is Not M*lk Oat Whole Long Life Drink,alpro this is not m lk oat whole long life drink,57687,Alpro,branded,True,False,food_cupboard,4,5218,branded,0.0
ASDA,1.0,6.7,kg,ASDA Cheese Balls Sharing Snacks,20240413,food_cupboard,True,False,ASDA Cheese Balls Sharing Snacks,ASDA,standard,,,,,150.0,g,,True,,,,Cheese Balls Sharing Snacks,cheese balls sharing snacks,9610,,own_brand,True,False,food_cupboard,4,5403,own_brand,0.0
Morrisons,1.0,7.1,kg,Morrisons Cheese Balls,20240413,food_cupboard,True,False,Morrisons Cheese Balls,Morrisons,standard,,,,,140.0,g,,True,,,,Cheese Balls,cheese balls,20750,,own_brand,True,False,food_cupboard,4,5403,own_brand,0.0
Sains,1.2,8.6,kg,Sainsbury's Cheese Balls 140g,20240403,food_cupboard,True,False,Sainsbury's Cheese Balls 140g,Sainsbury's,standard,,,,,140.0,g,,False,,,,Cheese Balls,cheese balls,47165,,own_brand,True,False,food_cupboard,4,5403,own_brand,0.0
Tesco,1.0,6.7,kg,Tesco Cheese Balls Snacks 150G,20240413,food_cupboard,True,False,Tesco Cheese Balls Snacks 150G,Tesco,standard,,,,,150.0,g,,False,,,,Cheese Balls Snacks,cheese balls snacks,52376,,own_brand,True,False,food_cupboard,4,5403,own_brand,0.0
ASDA,2.0,23.5,kg,Properchips Barbecue Lentil Chips Sharing Bag,20240413,food_cupboard,False,False,Properchips Barbecue Lentil Chips Sharing Bag,,,,Properchips,,,85.1,g,,True,,,{'cooking_method': ['barbecue']},Barbecue Lentil Chips Sharing Bag,properchips barbecue lentil chips sharing bag,9664,Properchips,branded,True,False,food_cupboard,3,5431,branded,0.0
Morrisons,1.5,17.6,kg,Properchips Barbecue Lentil Chips,20240413,free-from,False,False,Properchips Barbecue Lentil Chips,,,,Properchips,,,85.2,g,,True,,,{'cooking_method': ['barbecue']},Barbecue Lentil Chips,properchips barbecue lentil chips,17058,Properchips,branded,True,False,free_from,3,5431,branded,0.0
Sains,1.5,17.6,kg,Properchips Barbecue Lentil Chips 85g,20240413,food_cupboard,False,False,Properchips Barbecue Lentil Chips 85g,,,,Properchips,,,85.0,g,,False,,,{'cooking_method': ['barbecue']},Barbecue Lentil Chips,properchips barbecue lentil chips,32934,Properchips,branded,True,False,food_cupboard,3,5431,branded,0.0
ASDA,3.0,6.0,kg,Linda McCartney's Vegemince,20240413,free-from,False,False,Linda McCartney's Vegemince,,,,Linda Mccartney,,,500.0,g,,True,,,,'s Vegemince,linda mccartney s vegemince,9918,Linda Mccartney,branded,True,False,free_from,4,5549,branded,0.0
Morrisons,2.0,4.0,kg,Linda McCartney Mince,20240413,frozen,False,False,Linda McCartney Mince,,,,Linda Mccartney,,,500.0,g,,True,,,{'cut_meat': ['mince']},Mince,linda mccartney mince,26321,Linda Mccartney,branded,True,False,frozen,4,5549,branded,0.0
Sains,2.0,4.0,kg,Linda Mccartney Vegetarian Mince 500g,20240413,free-from,False,False,Linda Mccartney Vegetarian Mince 500g,,,,Linda Mccartney,,,500.0,g,,False,diet,vegetarian,{'cut_meat': ['mince']},Mince,linda mccartney mince,41915,Linda Mccartney,branded,True,False,free_from,4,5549,branded,0.0
Tesco,2.8,5.6,kg,Linda Mccartneys Vegemince 500G,20240413,frozen,False,False,Linda Mccartneys Vegemince 500G,,,,,,,500.0,g,,False,,,,Linda Mccartneys Vegemince,linda mccartneys vegemince,61088,,unbranded,True,False,frozen,4,5549,unbranded,0.0
ASDA,2.0,0.4,unit,Cadbury 5 Chocolate Mint Mini Rolls,20240413,bakery,False,False,Cadbury 5 Chocolate Mint Mini Rolls,,,,Cadbury,,,,,,False,,,,5 Chocolate Mint Mini Rolls,cadbury 5 chocolate mint mini rolls,11037,Cadbury,branded,False,False,bakery,4,6170,branded,0.0
Morrisons,1.25,0.25,unit,Cadbury Mint Mini Rolls,20240413,bakery,False,False,Cadbury Mint Mini Rolls,,,,Cadbury,,,,,,False,,,,Mint Mini Rolls,cadbury mint mini rolls,25940,Cadbury,branded,False,False,bakery,4,6170,branded,0.0
Sains,2.35,0.47,unit,Cadbury Chocolate Mini Rolls Cakes x5,20240405,bakery,False,False,Cadbury Chocolate Mini Rolls Cakes x5,,,,Cadbury,5.0,x_count,,,,False,,,,Chocolate Mini Rolls Cakes,cadbury chocolate mini rolls cakes,47085,Cadbury,branded,False,True,bakery,4,6170,branded,0.0
Tesco,1.25,0.25,unit,Cadbury Mini Rolls Chocolate Mint 5 Pack,20240413,bakery,False,False,Cadbury Mini Rolls Chocolate Mint 5 Pack,,,,Cadbury,5.0,count_pack,,,,False,,,,Mini Rolls Chocolate Mint,cadbury mini rolls chocolate mint,50954,Cadbury,branded,False,True,bakery,4,6170,branded,0.0
ASDA,4.0,1.5,l,Pepsi Max Cans,20240413,drinks,False,False,Pepsi Max Cans,,,,Pepsi,,,2666.7,ml,,True,,,{'packaging': ['cans']},Max Cans,pepsi max cans,11097,Pepsi,branded,True,False,drinks,4,6179,branded,0.0
Morrisons,3.75,1.4,l,Pepsi Max No Caffeine No Sugar Cola Cans,20240413,drinks,False,False,Pepsi Max No Caffeine No Sugar Cola Cans,,,,Pepsi,,,2678.6,ml,,True,,,{'packaging': ['cans']},Max No Caffeine No Sugar Cola Cans,pepsi max no caffeine no sugar cola cans,27876,Pepsi,branded,True,False,drinks,4,6179,branded,0.0
Sains,4.5,1.7,l,Pepsi Max Lime No Sugar Cola Cans 8x330ml,20240413,drinks,False,False,Pepsi Max Lime No Sugar Cola Cans 8x330ml,,,,Pepsi,8.0,count_x_size,2640.0,ml,,False,,,{'packaging': ['cans']},Max Lime No Sugar Cola Cans,pepsi max lime no sugar cola cans,39623,Pepsi,branded,True,True,drinks,4,6179,branded,0.0
Tesco,3.99,1.5,l,Pepsi Max No Sugar Cola Cans 8x330ml,20240413,drinks,False,False,Pepsi Max No Sugar Cola Cans 8x330ml,,,,Pepsi,8.0,count_x_size,2640.0,ml,,False,,,{'packaging': ['cans']},Max No Sugar Cola Cans,pepsi max no sugar cola cans,49667,Pepsi,branded,True,True,drinks,4,6179,branded,0.0
ASDA,0.6,4.0,l,Coca-Cola Zero Sugar Mini Can,20240413,drinks,False,False,Coca-Cola Zero Sugar Mini Can,,,,Coca-cola Zero,,,150.0,ml,,True,,,{'packaging': ['can']},Sugar Mini Can,coca cola zero sugar mini can,11114,Coca-cola Zero,branded,True,False,drinks,3,6195,branded,0.0
Sains,0.6,4.0,l,Coca-Cola Zero Sugar 150ml,20240413,drinks,False,False,Coca-Cola Zero Sugar 150ml,,,,Coca-cola Zero,,,150.0,ml,,False,,,,Sugar,coca cola zero sugar,39435,Coca-cola Zero,branded,True,False,drinks,3,6195,branded,0.0
Tesco,0.6,4.0,l,Coca Cola Zero Sugar 150Ml,20240413,drinks,False,False,Coca Cola Zero Sugar 150Ml,,,,Coca Cola Zero,,,150.0,ml,,False,,,,Sugar,coca cola zero sugar,50995,Coca Cola Zero,branded,True,False,drinks,3,6195,branded,0.0
ASDA,4.0,1.3,l,Lucozade Energy Orange Bottles,20240413,drinks,False,False,Lucozade Energy Orange Bottles,,,,Lucozade,,,3000.0,ml,,True,,,{'packaging': ['bottles']},Energy Orange Bottles,lucozade energy orange bottles,11391,Lucozade,branded,True,False,drinks,2,6354,branded,0.0
Tesco,4.5,11.8,l,Lucozade Energy Orange 8 Pack 380Ml,20240413,drinks,False,False,Lucozade Energy Orange 8 Pack 380Ml,,,,Lucozade,8.0,count_pack,380.0,ml,,False,,,,Energy Orange,lucozade energy orange,54406,Lucozade,branded,True,True,drinks,2,6354,branded,0.0
ASDA,1.75,3.9,kg,Patak's Balti Cooking Sauce,20240413,food_cupboard,False,False,Patak's Balti Cooking Sauce,,,,Patak's,,,450.0,g,,True,,,,Balti Cooking Sauce,pataks balti cooking sauce,11465,Patak's,branded,True,False,food_cupboard,4,6401,branded,0.0
Morrisons,1.75,3.9,kg,Patak's Balti Sauce,20240413,food_cupboard,False,False,Patak's Balti Sauce,,,,Patak's,,,450.0,g,,True,,,,Balti Sauce,pataks balti sauce,20915,Patak's,branded,True,False,food_cupboard,4,6401,branded,0.0
Sains,2.15,4.8,kg,Patak's Korma Curry Sauce 450g,20240413,food_cupboard,False,False,Patak's Korma Curry Sauce 450g,,,,Patak's,,,450.0,g,,False,,,,Korma Curry Sauce,pataks korma curry sauce,31912,Patak's,branded,True,False,food_cupboard,4,6401,branded,0.0
Tesco,1.75,3.9,kg,Pataks Medium Balti Sauce 450G,20240413,food_cupboard,False,False,Pataks Medium Balti Sauce 450G,,,,Pataks,,,450.0,g,,False,,,{'flavor': ['medium']},Medium Balti Sauce,pataks medium balti sauce,51434,Pataks,branded,True,False,food_cupboard,4,6401,branded,0.0
ASDA,2.1,13.3,kg,ASDA 12 Crunchy Taco Shells,20240413,food_cupboard,True,False,ASDA 12 Crunchy Taco Shells,ASDA,standard,,,12.0,leading_count,160.0,g,,True,,,{'texture': ['crunchy']},Crunchy Taco Shells,crunchy taco shells,11721,,own_brand,True,True,food_cupboard,3,6584,own_brand,0.0
Sains,1.8,12.0,kg,Sainsbury's Crunchy Taco Shells x12 150g,20240413,food_cupboard,True,False,Sainsbury's Crunchy Taco Shells x12 150g,Sainsbury's,standard,,,12.0,x_count,150.0,g,,False,,,{'texture': ['crunchy']},Crunchy Taco Shells,crunchy taco shells,33486,,own_brand,True,True,food_cupboard,3,6584,own_brand,0.0
Tesco,2.0,13.3,kg,Tesco 12 Crunchy Taco Shells 150G,20240413,food_cupboard,True,False,Tesco 12 Crunchy Taco Shells 150G,Tesco,standard,,,12.0,leading_count,150.0,g,,False,,,{'texture': ['crunchy']},Crunchy Taco Shells,crunchy taco shells,54815,,own_brand,True,True,food_cupboard,3,6584,own_brand,0.0
ASDA,3.25,8.12,kg,ASDA Meal For One Chicken & Bacon Pasta Bake 400g,20240413,fresh_food,True,False,ASDA Meal For One Chicken & Bacon Pasta Bake 400g,ASDA,standard,,,,,400.0,g,,False,preparation,meal for one,,Chicken and Bacon Pasta Bake,chicken and bacon pasta bake,12051,,own_brand,True,False,fresh_food,4,6776,own_brand,0.0
Morrisons,2.5,8.33,kg,Morrisons Chicken & Bacon Pasta,20240413,fresh_food,True,False,Morrisons Chicken & Bacon Pasta,Morrisons,standard,,,,,300.0,g,,True,,,,Chicken and Bacon Pasta,chicken and bacon pasta,18859,,own_brand,True,False,fresh_food,4,6776,own_brand,0.0
Sains,1.75,5.84,kg,Sainsbury's Chicken & Bacon Tortelloni 300g,20240413,fresh_food,True,False,Sainsbury's Chicken & Bacon Tortelloni 300g,Sainsbury's,standard,,,,,300.0,g,,False,,,,Chicken and Bacon Tortelloni,chicken and bacon tortelloni,44061,,own_brand,True,False,fresh_food,4,6776,own_brand,0.0
Tesco,2.85,9.5,kg,Tesco Chicken & Bacon Pasta 300G,20240412,fresh_food,True,False,Tesco Chicken & Bacon Pasta 300G,Tesco,standard,,,,,300.0,g,,False,,,,Chicken and Bacon Pasta,chicken and bacon pasta,62470,,own_brand,True,False,fresh_food,4,6776,own_brand,0.0
ASDA,3.25,8.12,kg,ASDA Meal For One Macaroni Cheese 400g,20240413,fresh_food,True,False,ASDA Meal For One Macaroni Cheese 400g,ASDA,standard,,,,,400.0,g,,False,preparation,meal for one,,Macaroni Cheese,macaroni cheese,12054,,own_brand,True,False,fresh_food,2,6779,own_brand,0.0
Tesco,1.0,2.6,kg,Tesco Macaroni Cheese In Sauce 385G,20240413,food_cupboard,True,False,Tesco Macaroni Cheese In Sauce 385G,Tesco,standard,,,,,385.0,g,,False,,,,Macaroni Cheese In Sauce,macaroni cheese in sauce,58383,,own_brand,True,False,food_cupboard,2,6779,own_brand,0.0
ASDA,2.5,8.1,kg,Bistro by ASDA Melt in the Middle Belgian Chocolate Puddings 2 x 155g (310g),20240413,fresh_food,True,False,Bistro by ASDA Melt in the Middle Belgian Chocolate Puddings 2 x 155g (310g),,,,,2.0,count_x_size,310.0,g,,False,,,,Bistro by ASDA Melt in the Middle Belgian Chocolate Puddings,bistro by asda melt in the middle belgian chocolate puddings,12219,,own_brand,True,True,fresh_food,3,6844,own_brand,0.0
Sains,2.75,10.2,kg,Sainsbury's Melting Middle Chocolate Puddings 2x135g,20240413,fresh_food,True,False,Sainsbury's Melting Middle Chocolate Puddings 2x135g,Sainsbury's,standard,,,2.0,count_x_size,270.0,g,,False,,,,Melting Middle Chocolate Puddings,melting middle chocolate puddings,44604,,own_brand,True,True,fresh_food,3,6844,own_brand,0.0
Tesco,3.25,12.0,kg,Tesco Finest 2 Belgian Chocolate Melt in Middle Puddings 270g,20240413,fresh_food,True,False,Tesco Finest 2 Belgian Chocolate Melt in Middle Puddings 270g,Tesco Finest,premium,Finest,,2.0,leading_count,270.0,g,,False,,,,Belgian Chocolate Melt in Middle Puddings,belgian chocolate melt in middle puddings,54460,,own_brand,True,True,fresh_food,3,6844,own_brand,0.0
ASDA,1.5,15.0,kg,Mallow & Marsh Raspberry Marshmallows Coated in 70% Dark Chocolate,20240413,food_cupboard,False,False,Mallow & Marsh Raspberry Marshmallows Coated in 70% Dark Chocolate,,,,,,,100.0,g,,True,,,{'texture': ['coated']},Mallow and Marsh Raspberry Marshmallows Coated in 70% Dark Chocolate,mallow and marsh raspberry marshmallows coated in 70 dark chocolate,12705,,unbranded,True,False,food_cupboard,3,7140,unbranded,0.0
Sains,2.65,26.5,kg,Mallow & Marsh Raspberry Marshmallows Coated in 70% Dark Chocolate 100g,20240413,food_cupboard,False,False,Mallow & Marsh Raspberry Marshmallows Coated in 70% Dark Chocolate 100g,,,,,,,100.0,g,,False,,,{'texture': ['coated']},Mallow and Marsh Raspberry Marshmallows Coated in 70% Dark Chocolate,mallow and marsh raspberry marshmallows coated in 70 dark chocolate,35342,,unbranded,True,False,food_cupboard,3,7140,unbranded,0.0
Tesco,2.5,25.0,kg,Mallow & Marsh Raspberry Marshmallow Coat Dark Chocolate 100G,20240413,food_cupboard,False,False,Mallow & Marsh Raspberry Marshmallow Coat Dark Chocolate 100G,,,,,,,100.0,g,,False,,,,Mallow and Marsh Raspberry Marshmallow Coat Dark Chocolate,mallow and marsh raspberry marshmallow coat dark chocolate,58244,,unbranded,True,False,food_cupboard,3,7140,unbranded,0.0
ASDA,1.35,15.9,kg,Milkybar Gold Caramel Flavour White Chocolate Sharing Bar,20240413,food_cupboard,False,False,Milkybar Gold Caramel Flavour White Chocolate Sharing Bar,,,,Milkybar,,,84.9,g,,True,,,{'bakery_type': ['white']},Gold Caramel Flavour White Chocolate Sharing Bar,milkybar gold caramel flavor white chocolate sharing bar,12748,Milkybar,branded,True,False,food_cupboard,4,7168,branded,0.0
Morrisons,1.35,15.0,kg,Milkybar White Chocolate Sharing Bar,20240413,food_cupboard,False,False,Milkybar White Chocolate Sharing Bar,,,,Milkybar,,,90.0,g,,True,,,{'bakery_type': ['white']},White Chocolate Sharing Bar,milkybar white chocolate sharing bar,27356,Milkybar,branded,True,False,food_cupboard,4,7168,branded,0.0
Sains,2.0,22.7,kg,Milkybar Bunny White Chocolate Easter Hollow Figure 88g,20240330,food_cupboard,False,False,Milkybar Bunny White Chocolate Easter Hollow Figure 88g,,,,Milkybar,,,88.0,g,,False,,,{'bakery_type': ['white']},Bunny White Chocolate Easter Hollow Figure,milkybar bunny white chocolate easter hollow figure,47437,Milkybar,branded,True,False,food_cupboard,4,7168,branded,0.0
Tesco,1.35,15.0,kg,Milkybar White Chocolate Sharing Bar 90g,20240413,food_cupboard,False,False,Milkybar White Chocolate Sharing Bar 90g,,,,Milkybar,,,90.0,g,,False,,,{'bakery_type': ['white']},White Chocolate Sharing Bar,milkybar white chocolate sharing bar,55225,Milkybar,branded,True,False,food_cupboard,4,7168,branded,0.0
ASDA,9.5,126.64,l,19 Crimes Red Wine,20240413,drinks,False,False,19 Crimes Red Wine,,,,,19.0,leading_count,750.0,ml,,True,,,,Crimes Red Wine,crimes red wine,13340,,unbranded,True,True,drinks,4,7497,unbranded,0.0
Morrisons,9.0,11.97,l,19 Crimes The Uprising Red Wine,20240413,drinks,False,False,19 Crimes The Uprising Red Wine,,,,,19.0,leading_count,750.0,ml,,True,,,,Crimes The Uprising Red Wine,crimes the uprising red wine,24407,,unbranded,True,True,drinks,4,7497,unbranded,0.0
Sains,8.0,10.64,l,19 Crimes Red Wine 75cl,20240413,drinks,False,False,19 Crimes Red Wine 75cl,,,,,19.0,leading_count,750.0,ml,,False,,,,Crimes Red Wine,crimes red wine,38710,,unbranded,True,True,drinks,4,7497,unbranded,0.0
Tesco,9.5,12.64,l,19 Crimes Red Wine 75Cl,20240413,drinks,False,False,19 Crimes Red Wine 75Cl,,,,,19.0,leading_count,750.0,ml,,False,,,,Crimes Red Wine,crimes red wine,62143,,unbranded,True,True,drinks,4,7497,unbranded,0.0
ASDA,7.25,96.64,l,Burdizzo Chianti Riserva,20240413,drinks,False,False,Burdizzo Chianti Riserva,,,,,,,750.0,ml,,True,,,,Burdizzo Chianti Riserva,burdizzo chianti riserva,13367,,unbranded,True,False,drinks,4,7520,unbranded,0.0
Morrisons,10.5,13.96,l,Piccini Collezione Oro Chianti Riserva,20240413,drinks,False,False,Piccini Collezione Oro Chianti Riserva,,,,,,,750.0,ml,,True,,,,Piccini Collezione Oro Chianti Riserva,piccini collezione oro chianti riserva,25621,,unbranded,True,False,drinks,4,7520,unbranded,0.0
Sains,7.25,9.64,l,Piccini Chianti Riserva 75cl,20240413,drinks,False,False,Piccini Chianti Riserva 75cl,,,,,,,750.0,ml,,False,,,,Piccini Chianti Riserva,piccini chianti riserva,39551,,unbranded,True,False,drinks,4,7520,unbranded,0.0
Tesco,7.5,9.98,l,Piccini Chianti Riserva 75Cl,20240413,drinks,False,False,Piccini Chianti Riserva 75Cl,,,,,,,750.0,ml,,False,,,,Piccini Chianti Riserva,piccini chianti riserva,61907,,unbranded,True,False,drinks,4,7520,unbranded,0.0
ASDA,1.45,7.25,kg,Grace Chicken Vienna Sausage,20240413,food_cupboard,False,False,Grace Chicken Vienna Sausage,,,,Grace,,,200.0,g,,True,,,{'cut_meat': ['sausage']},Chicken Vienna Sausage,grace chicken vienna sausage,13734,Grace,branded,True,False,food_cupboard,3,7683,branded,0.0
Morrisons,1.59,13.3,kg,Grace Halal Chicken Vienna Sausages (200g),20240413,food_cupboard,False,False,Grace Halal Chicken Vienna Sausages (200g),,,,Grace,,,200.0,g,,False,diet,halal,,Chicken Vienna Sausages,grace chicken vienna sausages,23624,Grace,branded,True,False,food_cupboard,3,7683,branded,0.0
Sains,1.45,7.3,kg,Grace Chicken Vienna Sausages 200g (120g*),20240413,food_cupboard,False,False,Grace Chicken Vienna Sausages 200g (120g*),,,,Grace,,,200.0,g,,False,,,,Chicken Vienna Sausages,grace chicken vienna sausages,36510,Grace,branded,True,False,food_cupboard,3,7683,branded,0.0
ASDA,0.95,9.5,kg,Dunn's River Fish Seasoning,20240413,food_cupboard,False,False,Dunn's River Fish Seasoning,,,,,,,100.0,g,,True,,,,Dunn's River Fish Seasoning,dunns river fish seasoning,13927,,unbranded,True,False,food_cupboard,3,7777,unbranded,0.0
Sains,0.95,10.0,kg,Dunn's River Caribbean Seasoning 100g,20240413,food_cupboard,False,False,Dunn's River Caribbean Seasoning 100g,,,,,,,100.0,g,,False,,,,Dunn's River Caribbean Seasoning,dunns river caribbean seasoning,35207,,unbranded,True,False,food_cupboard,3,7777,unbranded,0.0
Tesco,0.95,10.0,kg,Dunns River Caribbean Fish Seasoning 100G,20240413,food_cupboard,False,False,Dunns River Caribbean Fish Seasoning 100G,,,,,,,100.0,g,,False,,,,Dunns River Caribbean Fish Seasoning,dunns river caribbean fish seasoning,49449,,unbranded,True,False,food_cupboard,3,7777,unbranded,0.0
ASDA,1.4,28.0,kg,Meiji Hello Panda Biscuits with Chocolate Flavoured Filling,20240413,food_cupboard,False,False,Meiji Hello Panda Biscuits with Chocolate Flavoured Filling,,,,,,,50.0,g,,True,,,,Meiji Hello Panda Biscuits with Chocolate Flavoured Filling,meiji hello panda biscuits with chocolate flavored filling,14173,,unbranded,True,False,food_cupboard,3,7866,unbranded,0.0
Morrisons,1.05,21.0,kg,Hello Panda Chocolate Biscuits,20240413,food_cupboard,False,False,Hello Panda Chocolate Biscuits,,,,,,,50.0,g,,True,,,,Hello Panda Chocolate Biscuits,hello panda chocolate biscuits,18125,,unbranded,True,False,food_cupboard,3,7866,unbranded,0.0
Tesco,1.2,24.0,kg,Hello Panda Chocolate Biscuits 50G,20240329,food_cupboard,False,False,Hello Panda Chocolate Biscuits 50G,,,,,,,50.0,g,,False,,,,Hello Panda Chocolate Biscuits,hello panda chocolate biscuits,63758,,unbranded,True,False,food_cupboard,3,7866,unbranded,0.0
ASDA,3.25,6.5,kg,Ramona's Jalapeño Heavenly Houmous 500g,20240413,fresh_food,False,False,Ramona's Jalapeño Heavenly Houmous 500g,,,,,,,500.0,g,,False,,,,Ramona's Jalapeño Heavenly Houmous,ramonas jalapeno heavenly houmous,14263,,unbranded,True,False,fresh_food,4,7906,unbranded,0.0
Morrisons,3.25,6.5,kg,Ramona's Jalapeno Houmous,20240413,fresh_food,False,False,Ramona's Jalapeno Houmous,,,,,,,500.0,g,,True,,,,Ramona's Jalapeno Houmous,ramonas jalapeno houmous,19903,,unbranded,True,False,fresh_food,4,7906,unbranded,0.0
Sains,3.5,7.0,kg,Ramona's Heavenly Jalapeno Houmous 500g,20240413,free-from,False,False,Ramona's Heavenly Jalapeno Houmous 500g,,,,,,,500.0,g,,False,,,,Ramona's Heavenly Jalapeno Houmous,ramonas heavenly jalapeno houmous,42185,,unbranded,True,False,free_from,4,7906,unbranded,0.0
Tesco,3.5,7.0,kg,Ramona's Heavenly Houmous Jalapeno 500G,20240413,fresh_food,False,False,Ramona's Heavenly Houmous Jalapeno 500G,,,,,,,500.0,g,,False,,,,Ramona's Heavenly Houmous Jalapeno,ramonas heavenly houmous jalapeno,52542,,unbranded,True,False,fresh_food,4,7906,unbranded,0.0
ASDA,5.0,19.23,kg,ASDA Extra Special 2 Lightly Dusted Haddock Fillets,20240407,fresh_food,True,False,ASDA Extra Special 2 Lightly Dusted Haddock Fillets,ASDA Extra Special,premium,Extra Special,,2.0,leading_count,260.0,g,,True,,,,Lightly Dusted Haddock Fillets,lightly dusted haddock fillets,15307,,own_brand,True,True,fresh_food,4,8310,own_brand,0.0
Morrisons,3.75,12.5,kg,Morrisons Market St 2 Battered Haddock Fillets,20240413,fresh_food,True,False,Morrisons Market St 2 Battered Haddock Fillets,Morrisons,standard,,,,,300.0,g,,True,,,{'texture': ['battered']},Market St 2 Battered Haddock Fillets,market st 2 battered haddock fillets,18343,,own_brand,True,False,fresh_food,4,8310,own_brand,0.0
Sains,3.95,15.49,kg,Sainsbury's Lightly Dusted MSC Haddock Fillets x2 255g,20240413,free-from,True,False,Sainsbury's Lightly Dusted MSC Haddock Fillets x2 255g,Sainsbury's,standard,,,2.0,x_count,255.0,g,,False,,,,Lightly Dusted MSC Haddock Fillets,lightly dusted msc haddock fillets,41936,,own_brand,True,True,free_from,4,8310,own_brand,0.0
Tesco,4.15,16.28,kg,Tesco Lightly Dusted Haddock Fillets 255G,20240413,fresh_food,True,False,Tesco Lightly Dusted Haddock Fillets 255G,Tesco,standard,,,,,255.0,g,,False,,,,Lightly Dusted Haddock Fillets,lightly dusted haddock fillets,57316,,own_brand,True,False,fresh_food,4,8310,own_brand,0.0
ASDA,0.9,30.0,kg,NOMO Choc Fudge Bunny 30g,20240403,food_cupboard,False,False,NOMO Choc Fudge Bunny 30g,,,,Nomo,,,30.0,g,,False,,,,Choc Fudge Bunny,nomo choc fudge bunny,15448,Nomo,branded,True,False,food_cupboard,2,8362,branded,0.0
Sains,0.9,30.0,kg,Nomo Choc Fudge Bunny 30g,20240124,food_cupboard,False,False,Nomo Choc Fudge Bunny 30g,,,,Nomo,,,30.0,g,,False,,,,Choc Fudge Bunny,nomo choc fudge bunny,49020,Nomo,branded,True,False,food_cupboard,2,8362,branded,0.0
ASDA,1.6,7.0,l,Emmi Caffè Latte Popcorn Flavour,20240328,fresh_food,False,False,Emmi Caffè Latte Popcorn Flavour,,,,,,,228.6,ml,,True,,,,Emmi Caffè Latte Popcorn Flavour,emmi caffe latte popcorn flavor,15626,,unbranded,True,False,fresh_food,4,8443,unbranded,0.0
Morrisons,1.25,5.43,l,Emmi Caffe Latte Popcorn,20240405,drinks,False,False,Emmi Caffe Latte Popcorn,,,,,,,230.2,ml,,True,,,,Emmi Caffe Latte Popcorn,emmi caffe latte popcorn,29144,,unbranded,True,False,drinks,4,8443,unbranded,0.0
Sains,1.85,8.0,l,Emmi Caffe Latte Skinny Iced Coffee 230ml,20240413,drinks,False,False,Emmi Caffe Latte Skinny Iced Coffee 230ml,,,,,,,230.0,ml,,False,,,,Emmi Caffe Latte Skinny Iced Coffee,emmi caffe latte skinny iced coffee,38797,,unbranded,True,False,drinks,4,8443,unbranded,0.0
Tesco,1.25,5.4,l,Emmi Caffe Latte Skinny 230Ml,20240413,drinks,False,False,Emmi Caffe Latte Skinny 230Ml,,,,,,,230.0,ml,,False,,,,Emmi Caffe Latte Skinny,emmi caffe latte skinny,53043,,unbranded,True,False,drinks,4,8443,unbranded,0.0
ASDA,0.85,2.9,l,Niru Faluda Drink,20240222,drinks,False,False,Niru Faluda Drink,,,,,,,300.0,ml,,True,,,,Niru Faluda Drink,niru faluda drink,16370,,unbranded,True,False,drinks,3,8788,unbranded,0.0
Sains,1.3,4.5,l,Niru Faluda Drink 290ml,20240413,food_cupboard,False,False,Niru Faluda Drink 290ml,,,,,,,290.0,ml,,False,,,,Niru Faluda Drink,niru faluda drink,38208,,unbranded,True,False,food_cupboard,3,8788,unbranded,0.0
Tesco,1.3,4.5,l,Niru Faluda Drink 290Ml,20240413,food_cupboard,False,False,Niru Faluda Drink 290Ml,,,,,,,290.0,ml,,False,,,,Niru Faluda Drink,niru faluda drink,51298,,unbranded,True,False,food_cupboard,3,8788,unbranded,0.0
ASDA,2.0,5.88,kg,HECK Simply Chicken Chipolatas,20240110,fresh_food,False,False,HECK Simply Chicken Chipolatas,,,,Heck,,,340.0,g,,True,,,,Simply Chicken Chipolatas,heck simply chicken chipolatas,16992,Heck,branded,True,False,fresh_food,4,8993,branded,0.0
Morrisons,3.15,9.26,kg,Heck Sweet Chilli Chicken Chipolatas,20240328,fresh_food,False,False,Heck Sweet Chilli Chicken Chipolatas,,,,Heck,,,340.0,g,,True,,,{'flavor': ['sweet']},Sweet Chilli Chicken Chipolatas,heck sweet chilli chicken chipolatas,29429,Heck,branded,True,False,fresh_food,4,8993,branded,0.0
Sains,2.5,7.35,kg,Heck Simply Chicken Chipolatas x10 340g,20240311,free-from,False,False,Heck Simply Chicken Chipolatas x10 340g,,,,Heck,10.0,x_count,340.0,g,,False,,,,Simply Chicken Chipolatas,heck simply chicken chipolatas,47855,Heck,branded,True,True,free_from,4,8993,branded,0.0
Tesco,2.0,5.88,kg,Heck Simply Chicken Chipolatas 340G,20240413,fresh_food,False,False,Heck Simply Chicken Chipolatas 340G,,,,Heck,,,340.0,g,,False,,,,Simply Chicken Chipolatas,heck simply chicken chipolatas,62120,Heck,branded,True,False,fresh_food,4,8993,branded,0.0
ASDA,2.0,13.2,kg,ASDA Free From 5 Lemon Cake Slices,20240413,bakery,True,False,ASDA Free From 5 Lemon Cake Slices,ASDA Free From,dietary,Free From,,5.0,leading_count,150.0,g,,True,,,,Lemon Cake Slices,lemon cake slices,10968,,own_brand,True,True,bakery,3,9083,own_brand,0.0
Morrisons,2.25,27.4,kg,Morrisons Free From 4 Lemon Cake Slices,20240413,free-from,True,False,Morrisons Free From 4 Lemon Cake Slices,Morrisons Free From,dietary,Free From,,4.0,leading_count,80.0,g,,True,,,,Lemon Cake Slices,lemon cake slices,17360,,own_brand,True,True,free_from,3,9083,own_brand,0.0
Tesco,2.5,0.5,unit,Tesco Free From 5 Lemon Slices,20240413,bakery,True,False,Tesco Free From 5 Lemon Slices,Tesco Free From,dietary,Free From,,5.0,leading_count,,,,False,,,,Lemon Slices,lemon slices,51643,,own_brand,False,True,bakery,3,9083,own_brand,0.0
ASDA,1.3,3.3,kg,Mlekovita Sour Cream,20240413,food_cupboard,False,False,Mlekovita Sour Cream,,,,,,,400.0,g,,True,,,{'flavor': ['sour']},Mlekovita Sour Cream,mlekovita sour cream,14093,,unbranded,True,False,food_cupboard,4,9155,unbranded,0.0
Morrisons,1.49,3.7,kg,Piatnica Smietana Soured Cream,20240413,food_cupboard,False,False,Piatnica Smietana Soured Cream,,,,,,,400.0,g,,True,,,,Piatnica Smietana Soured Cream,piatnica smietana soured cream,17696,,unbranded,True,False,food_cupboard,4,9155,unbranded,0.0
Sains,1.5,3.75,kg,Piatnica Soured Cream 400g,20240413,food_cupboard,False,False,Piatnica Soured Cream 400g,,,,,,,400.0,g,,False,,,,Piatnica Soured Cream,piatnica soured cream,35194,,unbranded,True,False,food_cupboard,4,9155,unbranded,0.0
Tesco,1.4,3.5,kg,Mlekovita 18% Fat Sour Cream 400G,20240413,food_cupboard,False,False,Mlekovita 18% Fat Sour Cream 400G,,,,,,,400.0,g,,False,,,{'flavor': ['sour']},Mlekovita 18% Fat Sour Cream,mlekovita 18 fat sour cream,50756,,unbranded,True,False,food_cupboard,4,9155,unbranded,0.0
Morrisons,1.65,1.65,l,Cravendale Fresher for Longer Skimmed Milk,20240413,fresh_food,False,False,Cravendale Fresher for Longer Skimmed Milk,,,,Cravendale,,,1000.0,ml,,True,,,,Fresher for Longer Skimmed Milk,cravendale fresher for longer skimmed milk,19484,Cravendale,branded,True,False,fresh_food,3,9516,branded,0.0
Sains,1.5,1.5,l,Cravendale Filtered Fresh Skimmed Milk Fresher for Longer 1L,20240413,drinks,False,False,Cravendale Filtered Fresh Skimmed Milk Fresher for Longer 1L,,,,Cravendale,,,1000.0,ml,,False,,,,Filtered Fresh Skimmed Milk Fresher for Longer,cravendale filtered fresh skimmed milk fresher for longer,38646,Cravendale,branded,True,False,drinks,3,9516,branded,0.0
Tesco,1.25,1.25,l,Cravendale Semi Skimmed Milk 1 Litre,20240413,drinks,False,False,Cravendale Semi Skimmed Milk 1 Litre,,,,Cravendale,,,1000.0,ml,,False,,,,Semi Skimmed Milk,cravendale semiskimmed milk,55122,Cravendale,branded,True,False,drinks,3,9516,branded,0.0
ASDA,2.0,2.7,l,Innocent Smoothie Guavas Pineapples & Apples,20240413,drinks,False,False,Innocent Smoothie Guavas Pineapples & Apples,,,,Innocent,,,750.0,ml,,True,,,,Smoothie Guavas Pineapples and Apples,innocent smoothie guavas pineapples and apples,2000,Innocent,branded,True,False,drinks,4,9663,branded,0.0
Morrisons,3.5,4.7,l,Innocent Smoothie Strawberrie…,20240413,fresh_food,False,True,Innocent Smoothie Strawberrie…,,,,Innocent,,,750.0,ml,,True,,,,Smoothie Strawberrie…,innocent smoothie strawberrie,20162,Innocent,branded,True,False,fresh_food,4,9663,branded,0.0
Sains,3.5,4.7,l,Innocent Smoothie Blueberries Peaches & Apples 750ml,20240413,drinks,False,False,Innocent Smoothie Blueberries Peaches & Apples 750ml,,,,Innocent,,,750.0,ml,,False,,,,Smoothie Blueberries Peaches and Apples,innocent smoothie blueberries peaches and apples,39420,Innocent,branded,True,False,drinks,4,9663,branded,0.0
Tesco,2.25,3.0,l,innocent Smoothie Guavas Pineapples & Apples 750ml,20240413,drinks,False,False,innocent Smoothie Guavas Pineapples & Apples 750ml,,,,Innocent,,,750.0,ml,,False,,,,Smoothie Guavas Pineapples and Apples,innocent smoothie guavas pineapples and apples,51404,Innocent,branded,True,False,drinks,4,9663,branded,0.0
Morrisons,2.95,2.9,kg,Scott's Porage Old Fashioned Porridge Oats,20240413,food_cupboard,False,False,Scott's Porage Old Fashioned Porridge Oats,,,,,,,1000.0,g,,True,,,,Scott's Porage Old Fashioned Porridge Oats,scotts porage old fashioned porridge oats,20640,,unbranded,True,False,food_cupboard,3,9772,unbranded,0.0
Sains,2.95,3.0,kg,Scott's Porage Old Fashioned Porridge Oats 1kg,20240413,food_cupboard,False,False,Scott's Porage Old Fashioned Porridge Oats 1kg,,,,,,,1000.0,g,,False,,,,Scott's Porage Old Fashioned Porridge Oats,scotts porage old fashioned porridge oats,33068,,unbranded,True,False,food_cupboard,3,9772,unbranded,0.0
Tesco,2.0,2.0,kg,Scott's Porage Old Fashioned Porridge Oats 1kg,20240413,food_cupboard,False,False,Scott's Porage Old Fashioned Porridge Oats 1kg,,,,,,,1000.0,g,,False,,,,Scott's Porage Old Fashioned Porridge Oats,scotts porage old fashioned porridge oats,50435,,unbranded,True,False,food_cupboard,3,9772,unbranded,0.0
ASDA,1.0,23.3,kg,Colman's Chicken Chasseur Recipe Mix,20240413,food_cupboard,False,False,Colman's Chicken Chasseur Recipe Mix,,,,Colman's,,,42.9,g,,True,,,,Chicken Chasseur Recipe Mix,colmans chicken chasseur recipe mix,8901,Colman's,branded,True,False,food_cupboard,3,9797,branded,0.0
Morrisons,1.0,23.3,kg,Colman's Chicken Chasseur Recipe Mix,20240413,food_cupboard,False,False,Colman's Chicken Chasseur Recipe Mix,,,,Colman's,,,42.9,g,,True,,,,Chicken Chasseur Recipe Mix,colmans chicken chasseur recipe mix,20773,Colman's,branded,True,False,food_cupboard,3,9797,branded,0.0
Sains,0.6,14.0,kg,Colman's Recipe Mix Chicken Chasseur 43g,20240413,food_cupboard,False,False,Colman's Recipe Mix Chicken Chasseur 43g,,,,Colman's,,,43.0,g,,False,,,,Recipe Mix Chicken Chasseur,colmans recipe mix chicken chasseur,37194,Colman's,branded,True,False,food_cupboard,3,9797,branded,0.0
Morrisons,1.89,3.8,kg,Morrisons The Best Radiatori,20240413,food_cupboard,True,False,Morrisons The Best Radiatori,Morrisons The Best,premium,The Best,,,,500.0,g,,True,,,,Radiatori,radiatori,20877,,own_brand,True,False,food_cupboard,3,9823,own_brand,0.0
Sains,2.0,4.0,kg,"Sainsbury's Mezzi Rigatoni, Taste the Difference 500g",20240413,food_cupboard,True,False,"Sainsbury's Mezzi Rigatoni, Taste the Difference 500g",Sainsbury's,premium,Taste The Difference,,,,500.0,g,,True,,,,Mezzi Rigatoni,mezzi rigatoni,35394,,own_brand,True,False,food_cupboard,3,9823,own_brand,0.0
Tesco,1.7,3.4,kg,Tesco Finest Rigatoni 500G 500G,20240413,food_cupboard,True,False,Tesco Finest Rigatoni 500G 500G,Tesco Finest,premium,Finest,,,,500.0,g,,False,,,,Rigatoni,rigatoni,59372,,own_brand,True,False,food_cupboard,3,9823,own_brand,0.0
Morrisons,1.15,11.5,kg,Morrisons Sesame Seeds,20240413,food_cupboard,True,False,Morrisons Sesame Seeds,Morrisons,standard,,,,,100.0,g,,True,,,,Sesame Seeds,sesame seeds,22250,,own_brand,True,False,food_cupboard,3,10161,own_brand,0.0
Sains,1.2,12.0,kg,Sainsbury's Sesame Seeds 100g,20240413,food_cupboard,True,False,Sainsbury's Sesame Seeds 100g,Sainsbury's,standard,,,,,100.0,g,,False,,,,Sesame Seeds,sesame seeds,32400,,own_brand,True,False,food_cupboard,3,10161,own_brand,0.0
Tesco,1.2,12.0,kg,Tesco Sesame Seeds 100G,20240413,food_cupboard,True,False,Tesco Sesame Seeds 100G,Tesco,standard,,,,,100.0,g,,False,,,,Sesame Seeds,sesame seeds,56665,,own_brand,True,False,food_cupboard,3,10161,own_brand,0.0
ASDA,1.0,0.17,unit,The BAKERY at ASDA 6 Soft White Rolls,20240413,bakery,True,False,The BAKERY at ASDA 6 Soft White Rolls,The BAKERY at ASDA,standard,,,6.0,leading_count,,,,False,,,"{'texture': ['soft'], 'bakery_type': ['white']}",Soft White Rolls,soft white rolls,10358,,own_brand,False,True,bakery,4,11067,own_brand,0.0
Morrisons,0.89,0.15,unit,Morrisons Soft White Rolls,20240413,bakery,True,False,Morrisons Soft White Rolls,Morrisons,standard,,,,,,,,False,,,"{'texture': ['soft'], 'bakery_type': ['white']}",Soft White Rolls,soft white rolls,25979,,own_brand,False,False,bakery,4,11067,own_brand,0.0
Sains,0.9,0.15,unit,Sainsbury's Scottish White Morning Rolls x6,20240413,bakery,True,False,Sainsbury's Scottish White Morning Rolls x6,Sainsbury's,standard,,,6.0,x_count,,,,False,,,{'bakery_type': ['white']},Scottish White Morning Rolls,scottish white morning rolls,46514,,own_brand,False,True,bakery,4,11067,own_brand,0.0
Tesco,0.9,0.15,unit,Tesco Soft White Rolls 6 Pack,20240413,bakery,True,False,Tesco Soft White Rolls 6 Pack,Tesco,standard,,,6.0,count_pack,,,,False,,,"{'texture': ['soft'], 'bakery_type': ['white']}",Soft White Rolls,soft white rolls,57160,,own_brand,False,True,bakery,4,11067,own_brand,0.0
ASDA,4.0,9.09,kg,Birds Eye 4 Battered Cod Fish Fillets,20240413,frozen,False,False,Birds Eye 4 Battered Cod Fish Fillets,,,,Birds Eye,,,450.0,g,,True,,,{'texture': ['battered']},4 Battered Cod Fish Fillets,birds eye 4 battered cod fish fillets,5517,Birds Eye,branded,True,False,frozen,4,11264,branded,0.0
Morrisons,6.5,14.77,kg,Birds Eye 4 Breaded Cod Fish Fillets,20240413,frozen,False,False,Birds Eye 4 Breaded Cod Fish Fillets,,,,Birds Eye,,,450.0,g,,True,,,{'texture': ['breaded']},4 Breaded Cod Fish Fillets,birds eye 4 breaded cod fish fillets,26795,Birds Eye,branded,True,False,frozen,4,11264,branded,0.0
Sains,4.0,9.09,kg,Birds Eye Breaded Cod Fish Fillets x4 440g,20240413,free-from,False,False,Birds Eye Breaded Cod Fish Fillets x4 440g,,,,Birds Eye,4.0,x_count,440.0,g,,False,,,{'texture': ['breaded']},Breaded Cod Fish Fillets,birds eye breaded cod fish fillets,41553,Birds Eye,branded,True,True,free_from,4,11264,branded,0.0
Tesco,6.5,14.77,kg,Birds Eye 4 Large Breaded Cod Fillets 440G,20240413,frozen,False,False,Birds Eye 4 Large Breaded Cod Fillets 440G,,,,Birds Eye,,,440.0,g,,False,,,{'texture': ['breaded']},4 Large Breaded Cod Fillets,birds eye 4 large breaded cod fillets,57137,Birds Eye,branded,True,False,frozen,4,11264,branded,0.0
ASDA,2.85,28.5,kg,Lindt CLASSIC RECIPE Vegan Hazelnut,20240413,free-from,False,False,Lindt CLASSIC RECIPE Vegan Hazelnut,,,,Lindt,,,100.0,g,,True,diet,vegan,,CLASSIC RECIPE Hazelnut,lindt classic recipe hazelnut,9922,Lindt,branded,True,False,free_from,4,11340,branded,0.0
Morrisons,2.15,21.5,kg,Lindt Excellence Dark Cranb…,20240413,food_cupboard,False,True,Lindt Excellence Dark Cranb…,,,,Lindt,,,100.0,g,,True,,,,Excellence Dark Cranb…,lindt excellence dark cranb,27150,Lindt,branded,True,False,food_cupboard,4,11340,branded,0.0
Sains,2.15,21.5,kg,Lindt Excellence Dark Caramelised Hazelnut 100g,20240413,food_cupboard,False,False,Lindt Excellence Dark Caramelised Hazelnut 100g,,,,Lindt,,,100.0,g,,False,,,,Excellence Dark Caramelised Hazelnut,lindt excellence dark caramelised hazelnut,36577,Lindt,branded,True,False,food_cupboard,4,11340,branded,0.0
Tesco,2.15,21.5,kg,Lindt Excellence Caramel With Touch Of Sea Salt 100G,20240413,food_cupboard,False,False,Lindt Excellence Caramel With Touch Of Sea Salt 100G,,,,Lindt,,,100.0,g,,False,,,,Excellence Caramel With Touch Of Sea Salt,lindt excellence caramel with touch of sea salt,58515,Lindt,branded,True,False,food_cupboard,4,11340,branded,0.0
ASDA,1.35,10.4,kg,Maynards BASSETTS Sports Mix Juicies,20240413,food_cupboard,False,False,Maynards BASSETTS Sports Mix Juicies,,,,Maynards Bassetts,,,130.0,g,,True,,,,Sports Mix Juicies,maynards bassetts sports mix juicies,12821,Maynards Bassetts,branded,True,False,food_cupboard,4,11425,branded,0.0
Morrisons,1.35,10.4,kg,Maynard Bassets Sports Mix,20240413,food_cupboard,False,False,Maynard Bassets Sports Mix,,,,,,,130.0,g,,True,,,,Maynard Bassets Sports Mix,maynard bassets sports mix,27546,,unbranded,True,False,food_cupboard,4,11425,unbranded,0.0
Sains,1.5,9.1,kg,Maynards Bassetts Sports Mix 165g,20240208,food_cupboard,False,False,Maynards Bassetts Sports Mix 165g,,,,Maynards Bassetts,,,165.0,g,,False,,,,Sports Mix,maynards bassetts sports mix,48688,Maynards Bassetts,branded,True,False,food_cupboard,4,11425,branded,0.0
Tesco,1.35,10.4,kg,Maynards Bassetts Sports Mix Juicies Sweets Bag 130G,20240413,food_cupboard,False,False,Maynards Bassetts Sports Mix Juicies Sweets Bag 130G,,,,Maynards Bassetts,,,130.0,g,,False,,,,Sports Mix Juicies Sweets Bag,maynards bassetts sports mix juicies sweets bag,53898,Maynards Bassetts,branded,True,False,food_cupboard,4,11425,branded,0.0
ASDA,1.35,0.9,l,Volvic Touch of Fruit Strawberry Flavoured Water,20240413,fresh_food,False,False,Volvic Touch of Fruit Strawberry Flavoured Water,,,,Volvic,,,1500.0,ml,,True,,,,Touch of Fruit Strawberry Flavoured Water,volvic touch of fruit strawberry flavored water,4270,Volvic,branded,True,False,fresh_food,4,11438,branded,0.0
Morrisons,1.0,0.7,l,Volvic Touch of Fruit Strawberr…,20240413,drinks,False,True,Volvic Touch of Fruit Strawberr…,,,,Volvic,,,1428.6,ml,,True,,,,Touch of Fruit Strawberr…,volvic touch of fruit strawberr,27592,Volvic,branded,True,False,drinks,4,11438,branded,0.0
Sains,1.0,0.6,l,Volvic Touch of Fruit Strawberry Flavoured Water 1.5L,20240413,drinks,False,False,Volvic Touch of Fruit Strawberry Flavoured Water 1.5L,,,,Volvic,,,1500.0,ml,,False,,,,Touch of Fruit Strawberry Flavoured Water,volvic touch of fruit strawberry flavored water,38736,Volvic,branded,True,False,drinks,4,11438,branded,0.0
Tesco,1.35,0.9,l,Volvic Touch of Fruit Strawberry Still Flavoured Water 1.5L,20240413,drinks,False,False,Volvic Touch of Fruit Strawberry Still Flavoured Water 1.5L,,,,Volvic,,,1500.0,ml,,False,,,,Touch of Fruit Strawberry Still Flavoured Water,volvic touch of fruit strawberry still flavored water,49390,Volvic,branded,True,False,drinks,4,11438,branded,0.0
Morrisons,1.99,4.98,kg,Morrisons Seedless Red Grapes,20240413,fresh_food,True,False,Morrisons Seedless Red Grapes,Morrisons,standard,,,,,400.0,g,,True,,,{'prep_produce': ['seedless']},Seedless Red Grapes,seedless red grapes,28393,,own_brand,True,False,fresh_food,2,11622,own_brand,0.0
Tesco,2.3,5.75,kg,Tesco Finest Red Grapes Seedless 400G,20240413,fresh_food,True,False,Tesco Finest Red Grapes Seedless 400G,Tesco Finest,premium,Finest,,,,400.0,g,,False,,,{'prep_produce': ['seedless']},Red Grapes Seedless,red grapes seedless,60738,,own_brand,True,False,fresh_food,2,11622,own_brand,0.0
ASDA,2.85,14.25,kg,Violife Original Flavour Slices Vegan Alternative to Cheese 200g,20240321,fresh_food,False,False,Violife Original Flavour Slices Vegan Alternative to Cheese 200g,,,,Violife,,,200.0,g,,False,diet,vegan,,Original Flavour Slices Alternative to Cheese,violife original flavor slices alternative to cheese,15856,Violife,branded,True,False,fresh_food,4,11967,branded,0.0
Morrisons,2.0,10.0,kg,Violife Original Flavour Grated Vegan Alternative to Cheese,20240306,free-from,False,False,Violife Original Flavour Grated Vegan Alternative to Cheese,,,,Violife,,,200.0,g,,True,diet,vegan,{'form': ['grated']},Original Flavour Grated Alternative to Cheese,violife original flavor grated alternative to cheese,30256,Violife,branded,True,False,free_from,4,11967,branded,0.0
Sains,2.75,13.75,kg,Violife Creamy Original Flavour Vegan Alternative To Cheese 200g,20240413,food_cupboard,False,False,Violife Creamy Original Flavour Vegan Alternative To Cheese 200g,,,,Violife,,,200.0,g,,False,diet,vegan,{'texture': ['creamy']},Creamy Original Flavour Alternative To Cheese,violife creamy original flavor alternative to cheese,35517,Violife,branded,True,False,food_cupboard,4,11967,branded,0.0
Tesco,2.0,10.0,kg,Free From Violife Cream Cheese Alternative 200G,20240413,fresh_food,False,False,Free From Violife Cream Cheese Alternative 200G,,,,Violife,,,200.0,g,,False,free_from,free from,,Cream Cheese Alternative,violife cream cheese alternative,56991,Violife,branded,True,False,fresh_food,4,11967,branded,0.0
ASDA,2.1,16.2,kg,Kenco Latte Instant Coffee Sachets,20240413,drinks,False,False,Kenco Latte Instant Coffee Sachets,,,,Kenco,,,130.0,g,,True,,,,Latte Instant Coffee Sachets,kenco latte instant coffee sachets,300,Kenco,branded,True,False,drinks,4,12229,branded,0.0
Morrisons,1.89,14.5,kg,Kenco Latte Instant Coffee Sachets,20240413,food_cupboard,False,False,Kenco Latte Instant Coffee Sachets,,,,Kenco,,,130.0,g,,True,,,,Latte Instant Coffee Sachets,kenco latte instant coffee sachets,20403,Kenco,branded,True,False,food_cupboard,4,12229,branded,0.0
Sains,1.9,14.6,kg,Kenco Latte Instant Coffee Sachets 130.4g,20240413,food_cupboard,False,False,Kenco Latte Instant Coffee Sachets 130.4g,,,,Kenco,,,130.4,g,,False,,,,Latte Instant Coffee Sachets,kenco latte instant coffee sachets,32042,Kenco,branded,True,False,food_cupboard,4,12229,branded,0.0
Tesco,1.9,14.6,kg,Kenco Original Latte Instant Coffee 8 X 16.3G,20240413,drinks,False,False,Kenco Original Latte Instant Coffee 8 X 16.3G,,,,Kenco,8.0,count_x_size,130.4,g,,False,,,,Original Latte Instant Coffee,kenco original latte instant coffee,55132,Kenco,branded,True,True,drinks,4,12229,branded,0.0
ASDA,2.7,45.0,kg,Kinder Surprise Eggs 3x,20240413,food_cupboard,False,False,Kinder Surprise Eggs 3x,,,,Kinder Surprise,,,60.0,g,,True,,,,Eggs 3x,kinder surprise eggs 3x,12721,Kinder Surprise,branded,True,False,food_cupboard,4,12380,branded,0.0
Morrisons,2.0,33.3,kg,Kinder Surprise Multipack,20240413,food_cupboard,False,False,Kinder Surprise Multipack,,,,Kinder Surprise,,,60.0,g,,True,,,{'packaging': ['multipack']},Multipack,kinder surprise multipack,27097,Kinder Surprise,branded,True,False,food_cupboard,4,12380,branded,0.0
Sains,2.4,40.0,kg,Kinder Surprise Eggs 3x20,20240413,food_cupboard,False,False,Kinder Surprise Eggs 3x20,,,,Kinder Surprise,,,60.0,g,,True,,,,Eggs 3x20,kinder surprise eggs 3x20,33132,Kinder Surprise,branded,True,False,food_cupboard,4,12380,branded,0.0
Tesco,2.05,34.2,kg,Kinder Surprise Egg 3 X 20G,20240413,food_cupboard,False,False,Kinder Surprise Egg 3 X 20G,,,,Kinder Surprise,3.0,count_x_size,60.0,g,,False,,,,Egg,kinder surprise egg,59393,Kinder Surprise,branded,True,True,food_cupboard,4,12380,branded,0.0
Sains,3.8,3.8,kg,Doves Farm Wholemeal Buckwheat Flour 1kg,20240413,food_cupboard,False,False,Doves Farm Wholemeal Buckwheat Flour 1kg,,,,Doves Farm,,,1000.0,g,,False,,,{'bakery_type': ['wholemeal']},Wholemeal Buckwheat Flour,doves farm wholemeal buckwheat flour,35045,Doves Farm,branded,True,False,food_cupboard,2,12619,branded,0.0
Tesco,3.8,3.8,kg,Doves Farm Organic Wholemeal 1Kg Buckwheat Flour,20240413,food_cupboard,False,False,Doves Farm Organic Wholemeal 1Kg Buckwheat Flour,,,,Doves Farm,,,1000.0,g,,False,organic,organic,{'bakery_type': ['wholemeal']},Wholemeal Buckwheat Flour,doves farm wholemeal buckwheat flour,59590,Doves Farm,branded,True,False,food_cupboard,2,12619,branded,0.0
Sains,16.0,50.0,kg,Lindt Master Chocolatier Collection 320g,20240413,food_cupboard,False,False,Lindt Master Chocolatier Collection 320g,,,,Lindt,,,320.0,g,,False,,,,Master Chocolatier Collection,lindt master chocolatier collection,36005,Lindt,branded,True,False,food_cupboard,2,12750,branded,0.0
Tesco,15.5,48.4,kg,Lindt Master Chocolatier Collection 320G,20240413,food_cupboard,False,False,Lindt Master Chocolatier Collection 320G,,,,Lindt,,,320.0,g,,False,,,,Master Chocolatier Collection,lindt master chocolatier collection,60267,Lindt,branded,True,False,food_cupboard,2,12750,branded,0.0
Sains,1.5,16.7,kg,Fruit Bowl Yummy Yogurt Fruit Goals 5x18g,20240413,food_cupboard,False,False,Fruit Bowl Yummy Yogurt Fruit Goals 5x18g,,,,,5.0,count_x_size,90.0,g,,False,,,,Fruit Bowl Yummy Yogurt Fruit Goals,fruit bowl yummy yogurt fruit goals,38242,,unbranded,True,True,food_cupboard,2,12997,unbranded,0.0
Tesco,2.25,25.0,kg,Fruit Bowl Yogurt Fruit Goals 5x18g,20240413,food_cupboard,False,False,Fruit Bowl Yogurt Fruit Goals 5x18g,,,,,5.0,count_x_size,90.0,g,,False,,,,Fruit Bowl Yogurt Fruit Goals,fruit bowl yogurt fruit goals,58901,,unbranded,True,True,food_cupboard,2,12997,unbranded,0.0
Sains,1.5,3.75,kg,Sainsbury's Echalion Shallots 400g,20240413,fresh_food,True,False,Sainsbury's Echalion Shallots 400g,Sainsbury's,standard,,,,,400.0,g,,False,,,,Echalion Shallots,echalion shallots,43463,,own_brand,True,False,fresh_food,2,13600,own_brand,0.0
Tesco,1.5,3.75,kg,Tesco Finest Echalion Shallots 400G,20240413,fresh_food,True,False,Tesco Finest Echalion Shallots 400G,Tesco Finest,premium,Finest,,,,400.0,g,,False,,,,Echalion Shallots,echalion shallots,59550,,own_brand,True,False,fresh_food,2,13600,own_brand,0.0
Sains,4.5,10.0,kg,Wasabi Chicken Katsu Yakisoba 450g,20240413,fresh_food,False,False,Wasabi Chicken Katsu Yakisoba 450g,,,,Wasabi,,,450.0,g,,False,,,,Chicken Katsu Yakisoba,wasabi chicken katsu yakisoba,44743,Wasabi,branded,True,False,fresh_food,2,13760,branded,0.0
Tesco,4.0,8.89,kg,Wasabi Chicken Katsu Yakisoba 450G,20240413,fresh_food,False,False,Wasabi Chicken Katsu Yakisoba 450G,,,,Wasabi,,,450.0,g,,False,,,,Chicken Katsu Yakisoba,wasabi chicken katsu yakisoba,56162,Wasabi,branded,True,False,fresh_food,2,13760,branded,0.0
ASDA,2.95,23.2,kg,The Jolly Hog Soft Set Yolk Scotch Egg,20240413,fresh_food,False,False,The Jolly Hog Soft Set Yolk Scotch Egg,,,,,,,125.0,g,,True,,,{'texture': ['soft']},The Jolly Hog Soft Set Yolk Scotch Egg,the jolly hog soft set yolk scotch egg,14289,,unbranded,True,False,fresh_food,3,13777,unbranded,0.0
Sains,2.95,24.6,kg,The Jolly Hog Scotch Egg 120g,20240413,fresh_food,False,False,The Jolly Hog Scotch Egg 120g,,,,,,,120.0,g,,False,,,,The Jolly Hog Scotch Egg,the jolly hog scotch egg,44849,,unbranded,True,False,fresh_food,3,13777,unbranded,0.0
Tesco,3.5,35.0,kg,The Jolly Hog Outdoor Bred Roasted Ham 100G,20240413,fresh_food,False,False,The Jolly Hog Outdoor Bred Roasted Ham 100G,,,,,,,100.0,g,,False,,,{'cooking_method': ['roasted']},The Jolly Hog Outdoor Bred Roasted Ham,the jolly hog outdoor bred roasted ham,59423,,unbranded,True,False,fresh_food,3,13777,unbranded,0.0
