ensemble_cluster_id,product_idx,supermarket,source,confidence,reason
9474,12205,ASDA,llm_completion,0.95,"ASDA Bistro Cauliflower Cheese 400g matches the core product: cauliflower cheese, 400g, own-brand equivalent to Morrisons/Sainsbury's/Tesco premium own-brands. "
905,27640,Morrisons,llm_completion,0.95,"Robinsons brand, Fruit & Barley, Apple & Pear flavour, No Added Sugar, 1000ml - matches cluster criteria despite truncated product name"
11656,991,ASDA,llm_completion,0.95,"ASDA Light & Fluffy Maris Piper Potatoes 2kg matches the core product: Maris Piper variety, 2kg weight, same supermarket own-brand format as cluster. Descriptor"
5659,30615,Morrisons,llm_completion,0.95,"Kylie Minogue Alcohol Free Sparkling Rosé, 750ml - matches brand, variety (rosé), volume, and pack count of cluster. Text truncation ('Alco…') is typical for di"
1514,35172,Sains,llm_completion,0.95,"Same brand (Nutella), same variety (Chocolate & Hazelnut Biscuits), same pack count (20 pieces), weight matches cluster range (270-276g). The 'Multipack' descri"
1447,33353,Sains,llm_completion,0.95,"Free From Lasagne Sheets, 250g - same core product as cluster. Sainsbury's own-brand equivalent to ASDA/Morrisons/Tesco own-brands, matching variety and weight."
11121,5119,ASDA,llm_completion,0.95,"ASDA Frozen for Freshness Sweetcorn 1000g matches the cluster: all are own-brand sweetcorn, super sweet/sweet variety, 1kg/1000g weight, single pack. Candidates"
1302,51724,Tesco,llm_completion,0.95,"Same brand (J20/J2O), same variety (Blackberry & Blueberry Martini), same volume (250ml), same pack count (1). Minor spelling variation in brand name (J20 vs J2"
1298,51725,Tesco,llm_completion,0.95,"Same brand (J2O/J20), same flavour (White Peach & Mango Daiquiri - 'White' is implicit in cluster's 'Peach & Mango'), same volume (250ml), same pack count (1). "
5679,51647,Tesco,llm_completion,0.95,"Hartley's brand, Mango & Passion Fruit flavour, 175g size. Cluster shows 10 Cal/Reduced Sugar variants across different SMs - B is the Tesco equivalent of this "
1293,39771,Sains,llm_completion,0.95,"Same brand (Shloer), same flavour (Red Grape), same volume (750ml), same zero-calorie/light formulation. 'Light Zero' is equivalent naming to 'Zero' across diff"
1283,50771,Tesco,llm_completion,0.95,"Shloer Rose 750ml matches the cluster's brand (Shloer), variety (Rose), and volume (750ml). The full product name is abbreviated in the Tesco listing but repres"
5798,27947,Morrisons,llm_completion,0.95,"Aqua Libra brand, sparkling water, 1340ml volume matches cluster. Likely same Cucumber Mint & Lime variety (truncated in listing). Same brand and volume as ASDA"
9974,13296,ASDA,llm_completion,0.95,"ASDA Crunchy Peanut Butter 1kg matches the core product: crunchy peanut butter, 1000g weight. Own-brand equivalent to the branded products in cluster (Pip & Nut"
8327,22197,Morrisons,llm_completion,0.95,"Light Brown Soft Sugar, 500g matches the cluster's core product (light soft brown sugar). Brand difference (Silver Spoon vs own-brands) is acceptable as it's th"
13891,26446,Morrisons,llm_completion,0.95,"Matches cluster: Chicago Town Weekender Stuffed Crust Salt & Pepper Chicken, 680g weight consistent with cluster products (680-692g range). Candidate A lacks 'W"
13237,24629,Morrisons,llm_completion,0.95,"Freixenet brand, alcohol-free sparkling wine, 750ml. Minor descriptor variation ('White' added) but core product is identical to cluster listings."
7516,61902,Tesco,llm_completion,0.95,"Same brand (Campo Viejo), same variety (Rioja Blanco white wine), same volume (750ml/75cl). Only minor wording order difference compared to cluster listings."
7487,32627,Sains,llm_completion,0.95,"Sainsbury's Yeast Extract is own-brand yeast extract matching the cluster's own-brand products (ASDA, Morrisons, Tesco). Weight 225g matches Tesco. Reduced Salt"
9337,63113,Tesco,llm_completion,0.95,Tesco Plant Chef Meat Free Spaghetti Bolognese 400G matches the cluster: all are own-brand spaghetti bolognese at 400g. The cluster includes a vegetarian varian
7912,48978,Sains,llm_completion,0.95,"Wall's Mini Savoury Eggs 216g matches the cluster's core product: mini savoury eggs, 216g weight, consistent with the 12-pack format seen in cluster. Candidate "
5415,37399,Sains,llm_completion,0.95,"Same brand (Tyrrells), same flavour (Tomato & Chilli Chutney), same weight (150g). Minor naming variation ('Hand Cooked English Crisps' descriptor) does not cha"
5019,38449,Sains,llm_completion,0.95,"Dairy Pride UHT Skimmed Milk 1L matches the cluster's core product: skimmed milk, UHT/long life, 1000ml. Different brand is acceptable as cluster contains own-b"
10902,4657,ASDA,llm_completion,0.95,"Yellow Tail Merlot, 750ml - matches brand, variety, and volume exactly. The addition of 'Red Wine' descriptor does not change the core product."
7988,46167,Sains,llm_completion,0.95,Sainsbury's British or Irish Stir Fry Beef 350g matches the core product (beef stir fry strips) at comparable weight (350g vs 300-357g range). Own-brand beef st
10498,8415,ASDA,llm_completion,0.95,"Very Lazy Ginger, 190g matches cluster exactly. The addition of 'in White Wine Vinegar' is a processing/preservation detail that doesn't change the core product"
4718,58059,Tesco,llm_completion,0.95,"Maggi So Juicy Mixed Herbs Recipe Mix 30g matches the cluster's brand (Maggi), variety (Mixed Herbs Chicken), and weight (30g). The cluster contains Mixed Herbs"
8108,24735,Morrisons,llm_completion,0.95,"Same brand (Corona), same variety (Lager), same volume (619.4ml matches cluster entries at ~620ml), same pack count (single bottle)"
10483,7635,ASDA,llm_completion,0.95,"La Doria Sweetcorn in Water 325g matches the cluster's core product (sweetcorn in water, 325g weight). All three cluster items are the same unbranded core produ"
4889,18225,Morrisons,llm_completion,0.95,Ayumi Organic Virgin Coconut Oil is the same core product - organic virgin coconut oil in similar volume (284ml vs 275-300ml). All three cluster products are or
8300,60022,Tesco,llm_completion,0.95,"Tesco Peri Peri Spatchcock with Sauce 1.2kg matches the cluster: same core product (peri peri spatchcock chicken), same weight (1200g), own-brand Tesco equivale"
5300,22658,Morrisons,llm_completion,0.95,"Same brand (Walkers Sensations), same flavour (Roast Chicken & Thyme), same weight (150g). The truncated text in candidate A matches the cluster product."
11047,46376,Sains,llm_completion,0.95,"Sainsbury's Sultana Scones, Taste the Difference x4 matches the cluster: all-butter sultana scones in a 4-pack. All four supermarket own-brands (ASDA Extra Spec"
9330,12135,ASDA,llm_completion,0.95,"ASDA Meal For One Tuna Conchiglie Bake 400g matches the cluster: same core product (tuna pasta bake), same weight (400g), same pack count (1), own-brand equival"
2042,60099,Tesco,llm_completion,0.95,"Tesco Black Forest Fruits Mix 500G matches the cluster: same core product (Black Forest Fruits), same weight (500g), own-brand of different SM (Tesco vs ASDA/Mo"
5228,18440,Morrisons,llm_completion,0.95,Market Street Egg Custard Tarts matches the core product (egg custard tarts) across all three supermarkets. Market Street is Morrison's own-brand equivalent to 
1943,57025,Tesco,llm_completion,0.95,"Same brand (Mug Shot/Mugshot), same variety (Creamy Cheese Pasta), same weight (68g). Minor spelling variation (Mugshot vs Mug Shot) is inconsequential."
1940,57298,Tesco,llm_completion,0.95,"Same brand (Naked), same variety (Japanese Style Katsu Curry), same weight (78g). Candidate A matches the cluster specifications exactly."
1888,22147,Morrisons,llm_completion,0.95,"Same brand (Pot Noodle), same flavour (Piri Piri Chicken), same weight (90g). Minor naming variation ('Piri Piri' vs 'Piri-Piri') is immaterial."
2517,64061,Tesco,llm_completion,0.95,"Brancott Estate Sauvignon Blanc, 750ml - same brand, same variety, same volume. The 'Reserve' designation is a product line variant within the same core product"
9311,40655,Sains,llm_completion,0.95,"Sainsbury's Apple & Elderflower 1L matches the cluster's core product: apple & elderflower flavour, 1000ml volume, own-brand juice drink. Cluster contains same "
7387,34626,Sains,llm_completion,0.95,"Same brand (Bonne Maman), same flavour (Damson), same weight (370g). Cluster has minor weight variation (375g vs 370g) but candidate A matches the Tesco 370g va"
7313,30608,Morrisons,llm_completion,0.95,"Morrisons The Best Prosecco Rose DOC 750ml matches the cluster's core product: Prosecco DOC Rosé variety, 750ml volume. Own-brand equivalent to the branded prod"
11635,4083,ASDA,llm_completion,0.95,"ASDA Tangy & Crisp Jazz Apples matches the cluster's core product: Jazz Apple variety, 6-pack format (implied by 'Tangy & Crisp' descriptor matching standard Ja"
9481,14276,ASDA,llm_completion,0.95,"ASDA 4 Pork Scotch Eggs 450g matches the cluster: same pack count (4), same weight (450g), same core product (Scotch Eggs). Own-brand variants across different "
8700,56692,Tesco,llm_completion,0.95,"Tesco Finest Strawberries 227g matches the cluster's core product: premium own-brand strawberries, consistent 227g weight across ASDA and Tesco, same variety (p"
6679,33955,Sains,llm_completion,0.95,"Same brand (Itsu), same variety (Miso Easy Traditional), same weight (105g), same pack count (5x21g). Product name includes 'Soup' descriptor but this is a mino"
6718,52587,Tesco,llm_completion,0.95,"Same brand (Nestlé), same variety (Honey Nut Flakes), same weight (350g), gluten-free specification matches. Minor naming variations (GoFree vs Go Free) are for"
395,29483,Morrisons,llm_completion,0.95,"Morrisons Organic Potatoes 1500g matches the cluster: organic white potatoes, 1500g weight, own-brand across different SMs is allowed for identical core product"
9492,9043,ASDA,llm_completion,0.95,"ASDA Organic Semi Skimmed Milk 1136ml matches the cluster's core product: organic, semi-skimmed milk, British origin implied by cluster, same ~1136ml volume (2 "
334,54840,Tesco,llm_completion,0.95,"Same brand (Ovaltine), same variety (Original), same weight (300g). 'Add Water Drink' is a product descriptor, not a variety distinction from 'Light' - both ref"
13869,28912,Morrisons,llm_completion,0.95,"Weight Watchers from Heinz Chicken Tikka Masala, 320g - matches brand, variety, and weight of cluster. A and B appear identical (truncated names), both match th"
11563,15246,ASDA,llm_completion,0.95,"ASDA Flavoursome 2 Smoked Gammon Steaks 450g matches the cluster: same core product (smoked gammon steaks), same pack count (2 steaks), same weight (450g). Own-"
11576,63414,Tesco,llm_completion,0.95,"Woodside Farms Smoked Back Bacon 300G matches the cluster's core product: smoked back bacon, 300g weight. Brand differs but core product (variety, flavour, weig"
6848,19752,Morrisons,llm_completion,0.95,"Same brand (Covent Garden), same variety (Vegetable Soup), same weight (550g). Minor name variation ('Covent Garden Vegetable' vs 'New Covent Garden Vegetable S"
220,21588,Morrisons,llm_completion,0.95,"A matches the cluster: same brand (Starbucks), same flavour (Vanilla), same pack count (10), same weight (50g matches the Sainsbury's listing). The 'By Nespress"
6905,62633,Tesco,llm_completion,0.95,"Pieminister Free Ranger Pie 270G matches the cluster's core product (Chicken & Ham/Leek variant). Same brand, same weight (270g), same pack count (1). The clust"
7008,32856,Sains,llm_completion,0.95,"Lion Bar 4x42g matches the cluster: same brand (Lion), same variety (Milk Chocolate), same pack count (4), same individual bar weight (42g), and total weight ap"
7120,27538,Morrisons,llm_completion,0.95,"Thorntons Continental Milk, Dark, White Chocolate Gift Box at 270g matches the cluster's core product (same brand, same variety combining milk/dark/white chocol"
564,19698,Morrisons,llm_completion,0.95,"Rustlers Mini Beefburger matches brand (Rustlers), variety (Mini Beef), and weight (100g vs 101g cluster - negligible difference within tolerance). Candidate B "
11515,2642,ASDA,llm_completion,0.95,"J2O brand, Apple & Mango flavour, 4 bottles, 1097.6ml - matches cluster exactly"
11509,1783,ASDA,llm_completion,0.95,"Same brand (J2O), same flavour (Orange & Passion Fruit), same volume (1097.6ml), same pack count (4). Matches cluster across all key attributes."
6549,17720,Morrisons,llm_completion,0.95,"Same brand (The Spice Tailor), same variety (Classic Butter Chicken), same weight (300g), same pack count (1). Truncated title is consistent with cluster produc"
6242,39760,Sains,llm_completion,0.95,"Same brand (Rubicon), same flavour (Mango), same volume (1980ml), same pack count (6x330ml). Cluster lists 'Raw Energy' and 'Mango' variants which are different"
6253,50791,Tesco,llm_completion,0.95,"Carousel Oyster Delights, 6 pack, matches cluster across ASDA/Morrisons/Sainsbury's. Candidate B is different flavour (Nougat Wafers), not a match."
6252,49265,Tesco,llm_completion,0.95,"Tesco Sparkling Lemonade matches the cluster's core product (lemonade, 2000ml). Candidate A is Diet Lemonade, a different variety/flavour variant, so it does no"
850,64097,Tesco,llm_completion,0.95,"Same brand (Regal), same flavour (Mango), same volume (320ml). 'Basil Seed Juice' vs 'Basil Seed Drink' are functionally equivalent product names. Matches the S"
843,34890,Sains,llm_completion,0.95,"Same brand (Rubicon), same variety (Sparkling Lychee), same volume (330ml). Candidate A matches all core product criteria of the cluster."
11874,6318,ASDA,llm_completion,0.95,"ASDA 3 Strawberry Jelly & Custard Pots 375g matches the cluster: same core product (jelly & custard pots), same pack count (3), same total weight (375g). Own-br"
11445,11109,ASDA,llm_completion,0.95,"Pepsi Diet 2000ml matches the cluster's core product (Diet Pepsi Cola, 2L/2000ml). Brand, variety, and volume all align. The Sains listing mentions 'Caffeine Fr"
9528,12314,ASDA,llm_completion,0.95,"All cluster items are fish pie 400g from different UK supermarket own-brands (Morrisons, Sainsbury's, Tesco). Candidate A is Bistro by ASDA Fish Pie 400g - same"
716,30767,Morrisons,llm_completion,0.95,"Fridge Raiders brand, chicken-based snack bites, similar weight (69.9g matches cluster items), same product line as cluster items"
6373,61878,Tesco,llm_completion,0.95,"Same brand (Malibu), same variety (Coconut Rum & Cola), same volume (250ml), same pack count (single can). Candidate B matches all core product criteria."
661,20005,Morrisons,llm_completion,0.95,"Ginsters brand, chicken fajita flavour, 170g weight. Matches cluster specifications despite slightly different product naming format."
11456,1798,ASDA,llm_completion,0.95,"Same brand (J2O), same variety (Orange & Passion Fruit), same volume (1000ml), same pack count (4x250ml cans). Minor descriptor variation ('Juice Drink' vs unla"
579,19228,Morrisons,llm_completion,0.95,"Wildlife Choobs brand, strawberry/raspberry flavour yogurt tubes, 220g vs 222g (negligible difference), 6-pack format matches cluster composition"
11475,2633,ASDA,llm_completion,0.95,"Same brand (Big Tom), same volume (750ml), same core product (spiced tomato juice). 'Mix' vs 'Juice' in name is minor nomenclature variation for identical produ"
7286,31084,Morrisons,llm_completion,0.92,"Extra Cool Breeze Sugar Free Chewing Gum Multipack matches brand, variety, and flavor across cluster. Pack count varies (5x10 vs 6x10) but candidate A doesn't s"
10357,58394,Tesco,llm_completion,0.92,"Same core product (chickpeas in salted water), same weight category (380g). Different brand (Summer Pride vs KTC/Cirio) but acceptable as own-brand alternative "
9386,44974,Sains,llm_completion,0.92,"Sainsbury's Garlic Bread matches the core product (garlic flatbread) across all three SMs. Weight not specified for candidate A, but garlic flatbread is the con"
2588,61589,Tesco,llm_completion,0.92,"Cave Des Roches Vouvray is the same core product: Vouvray wine (Chenin Blanc variety), 750ml bottle. All cluster items are Vouvray wines from the same Loire Val"
11681,1113,ASDA,llm_completion,0.92,"ASDA Red Chillies matches cluster variety (red chillies), similar weight (57.8g vs 50-65g range), own-brand equivalent to Morrisons/Sainsbury's/Tesco own-brands"
9560,44616,Sains,llm_completion,0.92,All are premium own-brand steak pies in 500g packs. A matches weight and core product (steak pie). Different flavor variation (red wine vs plain) but same core 
6,31768,Sains,llm_completion,0.92,"Sainsbury's Fairtrade Colombian Coffee matches the cluster: same origin (Colombian), same weight (227g), Fairtrade certified like cluster products, regular (non"
1237,28050,Morrisons,llm_completion,0.92,"Same brand (London Essence Co), same variety (Pomelo & Pink Pepper), same volume (900ml), same pack count (6x150ml implied by volume). Candidate A matches all c"
10981,13038,ASDA,llm_completion,0.92,"Same brand (Freixenet), same variety (Rosado/Rosé Cava), same volume (750ml). 'Seco' (dry) and 'Cava' are both accurate descriptors of the same product - Freixe"
11642,15451,ASDA,llm_completion,0.92,ASDA Extra Special 4 English Apples matches the cluster's core product: British/English apples in a small multi-pack (4-5 pack range). All candidates are own-br
11104,48353,Sains,llm_completion,0.92,"Sainsbury's Caramel Shortcake Slices x4 — 120g matches the cluster's core product (millionaire's shortbread: caramel + shortbread base), pack count (4), and wei"
8021,44780,Sains,llm_completion,0.85,"Hot Buffalo chicken wings, cooked, similar weight (525g vs 500g cluster), same core product type and flavour profile as TGI Fridays Buffalo/Spicy Buffalo varian"
7425,51753,Tesco,llm_completion,0.85,"Streamline brand, orange marmalade, thick cut, reduced/less sugar, 340g. Matches the core product despite 'Reduced' vs 'Less' sugar terminology and one listing "
8518,19601,Morrisons,llm_completion,0.85,"Yamas! Greek Feta Cheese 200g matches the core product: Greek feta cheese, same 200g weight. Different brand from cluster (which are own-brands), but same core "
8488,27169,Morrisons,llm_completion,0.85,Reese's Hollow Egg matches brand (Reese's) and weight (~250g vs 252g cluster average). Core product is a Reese's peanut butter chocolate Easter egg. B is own-br
885,27874,Morrisons,llm_completion,0.85,"B matches the cluster's core product: own-brand orange squash, no added sugar, high juice content, 946ml volume. A lacks the 'no added sugar' specification pres"
896,53084,Tesco,llm_completion,0.85,"Dole brand, fruit in juice, 4-pack format (4 x 113g = 452g), same weight as cluster. Matches core product structure despite different fruit variety (mandarins v"
8389,48345,Sains,llm_completion,0.85,"Lemon Slices x6 matches the core product (lemon flavour, 6 pack count). Sainsbury's own-brand is allowed as the unbranded product is identical to Mr Kipling Lem"
6105,52149,Tesco,llm_completion,0.85,Tesco Free From 5 Chocolate Coated Cake Slices matches the cluster's core product: all are own-brand chocolate cake slices with similar pack counts (5-6 slices)
7479,52490,Tesco,llm_completion,0.85,"Peanut butter, crunchy variety, 340g weight matches cluster. Different brand (Nuts About Nature vs cluster's own-brands) but same core unbranded product specifi"
9700,7729,ASDA,llm_completion,0.85,"ASDA Chilli Beans in Chilli Sauce 390g matches the core product: red kidney beans in chilli sauce, own-brand across SMs, weight 390g aligns with Tesco variant i"
9706,3829,ASDA,llm_completion,0.85,"ASDA Juicy & Sweet Pineapple Chunks is pineapple chunks in juice, same core product as cluster. Weight ~400g matches cluster range (425-435g). Own-brand variati"
13903,28146,Morrisons,llm_completion,0.85,"Morrisons The Best Dry Cured Back Bacon matches the cluster's core product (unsmoked, dry cured, back bacon). Own-brand premium lines are equivalent across SMs."
5941,26121,Morrisons,llm_completion,0.85,Market Street Chocolate Cupcakes matches the core product - chocolate cupcakes in a standard pack format consistent with cluster (2-4 pack). Own-brand equivalen
713,19015,Morrisons,llm_completion,0.85,"Same brand (Fridge Raiders), same weight (45g), same variety (Southern Style Chicken Bites/Meal Deal). Minor naming variation between SMs but core product is id"
11878,12083,ASDA,llm_completion,0.85,"A is a fish pie product (700g) from ASDA's own-brand range, matching the cluster's core product of fish pies from different UK supermarket own-brands at compara"
5944,52478,Tesco,llm_completion,0.85,"Rainbow Cupcakes in 4 pack matches the core product. Cluster shows 9, 4, and unspecified counts - A's 4 pack aligns with Sainsbury's x4. Brand is different (The"
606,47178,Sains,llm_completion,0.85,"Brand: Yeo Valley ✓, Product line: Little Yeos ✓, Type: Organic yogurt ✓, Pack count: 4 units ✓, Weight: 360g vs 340g (minor variance acceptable for same core p"
8924,19661,Morrisons,llm_completion,0.85,Morrisons 50% Lighter Mature White Cheddar 240g matches the cluster's core product (mature grated cheddar with reduced fat) despite minor weight difference (240
199,50026,Tesco,llm_completion,0.85,"Cadbury brand, Mini Rolls format, 5 pack size matches the Sainsbury's listing in cluster. Raspberry flavour matches the Sainsbury's Milk Chocolate Raspberry Min"
11913,10388,ASDA,llm_completion,0.85,8 plain wraps matching the cluster's 8 plain tortilla wraps. Pack count and product type align. 'Wraps' vs 'Tortillas' are synonymous for this product category.
6871,18759,Morrisons,llm_completion,0.85,"Morrisons Aromatic Shredded Duck Kit 210g matches the core product - aromatic shredded duck with pancakes, own-brand across different SMs is allowed, weight 210"
243,53933,Tesco,llm_completion,0.85,"Tesco Loaded Triple Chocolate Brownie matches the cluster's core product: chocolate brownie/melting pudding format, similar weight range (380g vs 310-340g clust"
338,43503,Sains,llm_completion,0.85,"Sainsbury's Sweet & Crunchy Stir Fry 600g matches the cluster's core product (vegetable stir-fry, similar weight/size to cluster items). Own-brand stir-fries ac"
6797,45125,Sains,llm_completion,0.85,"Stamford Street Co. Spaghetti Bolognese 400g matches the cluster's core product (spaghetti bolognese, 400g). Cluster contains own-brand equivalents from differe"
6771,38307,Sains,llm_completion,0.85,"Plain waffle cones, pack of 10, gluten-free variant matches the 'Free From' positioning of cluster items. Core product is identical (waffle cones x10), only bra"
8806,29262,Morrisons,llm_completion,0.85,"Cadbury Twirl brand, 240g weight matches cluster. 'Special Gesture' appears to be gift/occasion packaging variant of the same core Twirl product. Flavour (milk "
372,43423,Sains,llm_completion,0.85,"Sainsbury's Sundream Plum Vine Tomatoes matches the cluster's core product: vine-ripened tomatoes, 250g weight, premium/flavored variety (plum/sweet), and Sains"
402,52563,Tesco,llm_completion,0.85,"All-rounder potatoes are general purpose white potatoes, matching the cluster's white potato variety. 2kg weight matches. Own-brand products from different supe"
9227,14131,ASDA,llm_completion,0.85,Krakus Kabanossy is the same brand (Krakus) and core product (smoked pork snack/kabanos) as cluster. Weight 175g matches Morrisons entry. 'Kabanossy' is a varia
6656,21537,Morrisons,llm_completion,0.85,"Loyd Grossman Sundried Tomato matches the core product: sundried tomato pesto/paste variety, 190g weight, consistent with cluster products from different brands"
8563,19593,Morrisons,llm_completion,0.85,Morrisons Mature White Cheddar is the same core product as the cluster - all are mature cheddar cheese in similar weights (240g vs 220-250g range). Candidates B
9284,1026,ASDA,llm_completion,0.85,"Sweet chilli/spicy beetroot product, similar weight range (170g vs 180-200g cluster), own-brand supermarket equivalent. Core product matches: beetroot with swee"
9369,2908,ASDA,llm_completion,0.85,Bucatini spaghetti at 500g matches the cluster's core product (Sainsbury's and Tesco both offer Bucatini). ASDA's Pastificio Liguori Bucatini No.6 500g is the s
10643,36479,Sains,llm_completion,0.85,"Cake Decor Edible Cake Pens matching brand and core product. Pack count x8 and weight 16g align with cluster items. Cluster shows variation in pack counts (8, 1"
7964,63311,Tesco,llm_completion,0.85,"Unsmoked gammon steaks, 300g weight matches cluster. Woodside Farms is a branded product but represents the same core unsmoked gammon steaks as the cluster's ow"
8034,45962,Sains,llm_completion,0.85,"Sirloin steak, 30-day matured, premium range (Taste the Difference matches Finest/The Best/Extra Special), 225g weight matches cluster. Own-brand premium sirloi"
9448,7212,ASDA,llm_completion,0.85,"ASDA Creamy Original Soft Cheese 200g matches the cluster's core product: plain/original soft cheese, 200g weight, own-brand across different SMs (Morrisons Sav"
2289,63019,Tesco,llm_completion,0.85,"XIX Premium Vodka matches Xix Premium Vodka from Morrisons in the cluster. Same brand (XIX/Xix), same variety (Premium Vodka), same volume (700ml). The slight s"
4592,50058,Tesco,llm_completion,0.85,Chop Ginger Puree is ginger paste/puree matching the cluster's core product (ginger paste). All three cluster items are ginger-based condiments in similar sizes
2216,62716,Tesco,llm_completion,0.85,"Same core product: peach schnapps, 700ml volume. Brand difference (Tesco own-brand vs Angels/Orchards) is acceptable as own-brands represent identical core prod"
11705,892,ASDA,llm_completion,0.85,ASDA Tangy & Rich Caesar Dressing 175ml matches the core product - Caesar dressing in 175ml format. Different ASDA own-brand variant but same core product as cl
7955,45939,Sains,llm_completion,0.85,"Sainsbury's British Fresh Large Whole Chicken 1.9kg matches the cluster's core product (whole chicken, large size, ~1.9kg weight). Own-brand equivalents across "
4974,28646,Morrisons,llm_completion,0.85,Morrisons The Best Roasted Nut Mix matches the cluster's core product (roasted & salted mixed nuts). Own-brand equivalent across SMs is allowed. Weight is 175g 
2097,50538,Tesco,llm_completion,0.85,"Tesco Lemons Each matches the cluster's core product: unwaxed lemons, own-brand, no specific pack count stated (similar to other SMs' variable pack presentation"
11676,3937,ASDA,llm_completion,0.85,"ASDA Soft & Sweet Kiwi Fruit is a kiwi fruit product matching the cluster's core product (fresh kiwi fruit). While 'Soft & Sweet' is a variety descriptor, it re"
2055,55555,Tesco,llm_completion,0.85,"Pure avocado oil, 250ml volume matches the cluster products (Morrisons and Sainsbury's avocado oils at 250ml). While brand differs (Pure South Press vs cluster "
11069,10441,ASDA,llm_completion,0.85,"All items are 800g own-brand multiseed loaves from different UK supermarkets. ASDA Extra Special Superseeded Loaf matches the core product (multiseed bread, 800"
7546,38830,Sains,llm_completion,0.85,"Gallo Family brand match, White Grenache variety match, 75cl volume match. Note: Cluster shows both White Grenache and Moscato variants, but B matches the Grena"
10241,7591,ASDA,llm_completion,0.85,"ASDA own-brand chopped tomatoes with garlic in tomato juice, 400g matches the cluster pattern of own-brand Italian/garlic chopped tomatoes across UK supermarket"
1868,31191,Morrisons,llm_completion,0.85,Own-brand squash with cherry & berry flavour and no added sugar. Volume ~1400ml is closest match to cluster (1500-1583ml). 'Double concentrate' aligns with 'dou
5632,51275,Tesco,llm_completion,0.85,"Warburtons Protein Thin Bagels x4 matches the Sainsbury's cluster item - same brand (Warburtons), same variety (Protein Thin Bagels), same pack count (4). Weigh"
7554,64195,Tesco,llm_completion,0.85,"Candidate A is Sancerre wine at 750ml, matching the core product (variety and volume) of the cluster. Candidates are comparing named Sancerre wines from differe"
9335,12044,ASDA,llm_completion,0.85,"ASDA Main for Two is ASDA's premium own-brand equivalent to Morrisons The Best, Sainsbury's Taste the Difference, and Tesco Finest. All are chicken tikka masala"
10071,409,ASDA,llm_completion,0.85,"ASDA Cafe Cappuccino 8 x 16g matches the cluster's core product: instant cappuccino sachets, 8-pack format, ~128g total weight. Brand differs (ASDA own-brand vs"
7837,18058,Morrisons,llm_completion,0.85,"Same brand (Sokolow), same weight (600g), same core product (poultry & pork sausages). 'Bukowe' variety appears in Tesco listing, suggesting this is a recognize"
1296,28048,Morrisons,llm_completion,0.85,"Purdey's Energy Rejuvenate with Grape & Apple flavour, 1000ml total volume matches cluster. Text truncation in candidate listing prevents full confirmation of g"
10869,11189,ASDA,llm_completion,0.85,"Pepsi Max No Caffeine matches the cluster variety (Tesco lists 'No Caffeine No Sugar', Sainsbury's and Morrisons list standard Max which is no sugar). Volume 80"
11078,10918,ASDA,llm_completion,0.85,"La Boulangère Selection 6 All Butter Croissants matches the cluster's core product (all butter croissants, 6-pack). While La Boulangère is a branded product ver"
5506,28975,Morrisons,llm_completion,0.85,"Same brand (Pizza Express), same variety (Margherita), similar weight (258.5g vs 245g average), same pack count (1). Minor weight difference acceptable for sing"
5462,18628,Morrisons,llm_completion,0.85,"Morrisons Italian Tagliatelle 500g matches the core product: tagliatelle pasta, 500g weight, own-brand across all four SMs. Cluster specifies 'Fresh Egg' but ca"
11071,50907,Tesco,llm_completion,0.85,"Plain bagels in 5-pack format matching the cluster. New York Bakery is a branded alternative to the own-brand plain bagels, but represents the same core product"
8308,45934,Sains,llm_completion,0.75,Sainsbury's Butcher's choice British Pork Sausage x8 454g matches the cluster's core product (standard pork sausages) with comparable weight (454g vs 400-450g r
8522,18495,Morrisons,llm_completion,0.75,"Rustlers brand cheese burger, similar weight (~170g), same core product. 'Flame Grilled' vs 'Essential' are likely variant names for the same burger across diff"
12112,1164,ASDA,llm_completion,0.75,"ASDA Prawn Mayo on Oatmeal Bread is a prawn mayonnaise sandwich. However, the bread type differs (oatmeal vs unspecified in cluster), and weight/pack details ar"
7939,59849,Tesco,llm_completion,0.75,"Plain whole chicken, medium size (~1.5kg), own-brand, matches cluster's core product. C and D have added flavours/stuffing, A is larger/variable weight, E is wi"
8037,28220,Morrisons,llm_completion,0.75,Same core product: rump steak. Own-brand variants across different supermarkets are acceptable. Weight (280g) is closest match to cluster range (225-250g). Diff
8316,48370,Sains,llm_completion,0.75,"All cluster items are caterpillar cakes (same core product type). Candidate A is Sainsbury's caterpillar cakes, matching the product category. Different pack fo"
7980,46009,Sains,llm_completion,0.75,"Generic beef roasting joint, similar weight (~1.4kg), no specific variety descriptor like Silverside or Rib. Matches cluster's non-specific roasting joint posit"
5532,61078,Tesco,llm_completion,0.75,Plant-based sausages with caramelised onion flavour. Different brand (Tesco Plant Chef vs This Isn't Pork) but same core product type. Weight differs (300g vs 2
4932,37839,Sains,llm_completion,0.75,"Maggi Air Fryer Fajita is a fajita seasoning variant, closest match to cluster. Weight (27g) is slightly lower than cluster range (30-34.5g) but acceptable vari"
1102,38178,Sains,llm_completion,0.75,"Chocolate baking mix kit, similar weight (285g matches cluster), same product category and purpose as brownie mix kits. Different variety (cake vs brownie) but "
10899,15107,ASDA,llm_completion,0.75,"Same brand (Corona), same variety (Extra Premium Lager), same volume (~6000ml total). PerfectDraft is a different format (draught system vs bottles) but represe"
9828,469,ASDA,llm_completion,0.75,Canderel Sweetener Tablets matches the brand and product type (tablet sachet refills) from the cluster. While exact weight/pack count not specified for candidat
10411,12412,ASDA,llm_completion,0.75,"ASDA own-brand chocolate hazelnut spread matching core product (hazelnut + chocolate), though 400g vs cluster's 350g is a weight mismatch. B has hazelnut pralin"
9646,12213,ASDA,llm_completion,0.75,"Chocolate cheesecake slices, 2 pack format, ~190g (cluster is 180g, minor variation acceptable for own-brand). Salted caramel is additional flavour but core pro"
11270,3980,ASDA,llm_completion,0.75,"Berry-based smoothie mix, similar weight (500g), own-brand ASDA product matching the core berry smoothie category of the cluster. However, includes banana which"
6510,46285,Sains,llm_completion,0.75,Sainsbury's Toulouse Inspired Cassoulet matches the sausage cassoulet core product. While 'Toulouse' is a specific variety and 'Taste the Difference' is a premi
2081,51055,Tesco,llm_completion,0.72,All cluster items are unbranded apples (own-brand from different SMs). Candidate A is Tesco own-brand apples matching this pattern. B is organic (cluster has or
89,52374,Tesco,llm_completion,0.99,"Tetley Original Tea Bags, 240 pack, 750g - matches cluster exactly across brand, variety, pack count, and weight"
9287,44401,Sains,llm_completion,0.95,Both cluster items and candidate B are yellowfin tuna steaks/fillets at 240g. A is a completely different product (tomato). B matches the core product despite d
11375,54670,Tesco,llm_completion,0.95,"Galaxy Minstrels same brand and variety, similar sharing pouch format, weight 217g matches cluster range (220-240g), same pack type"
11155,5281,ASDA,llm_completion,0.95,"Plant-based vegetable burgers, 4 pack, 450g. Own-brand products from different supermarkets (Morrisons, Tesco, ASDA) selling identical core product (veggie burg"
11165,64526,Tesco,llm_completion,0.95,"Ben & Jerry's Cookie & Brownie variety, 400ml total (4x100ml multipack), matches cluster across all criteria"
12121,49396,Tesco,llm_completion,0.95,"Growers Harvest Orange Juice Smooth 2L matches the cluster's core product: smooth orange juice, 2000ml volume. Different brand from Morrisons/Sainsbury's own-br"
9303,38413,Sains,llm_completion,0.95,"100% pure pineapple juice, 1L volume, own-brand product matching cluster's core product (pure pineapple juice). 'Squeezed' and 'Not From Concentrate' are proces"
11079,62331,Tesco,llm_completion,0.95,"Mr Kipling Cherry Bakewells, 6 pack. The '30% Less Sugar' variant is a different formulation but same core product (Cherry Bakewells), brand, and pack count as "
11268,5546,ASDA,llm_completion,0.95,"Same brand (Young's), same variety (Scampi), same weight (400g). Candidate A is the standard Young's Scampi product with description of the breading type, which"
11902,4009,ASDA,llm_completion,0.95,"All three are own-brand papayas from different UK supermarkets (Morrisons, Tesco, ASDA). Core product is identical: fresh papaya fruit. Weight specification (35"
11508,39557,Sains,llm_completion,0.95,"Same brand (J2O), same variety (Apple & Watermelon Spritz), same pack count (4x275ml), same total volume (1100ml). Minor wording difference ('Sparkling Apple & "
11019,40183,Sains,llm_completion,0.95,"Same core product: Sauternes wine, 375ml volume. All three are own-brand premium lines (Morrisons The Best, Tesco Finest, Sainsbury's Taste the Difference) from"
11554,46111,Sains,llm_completion,0.95,Both cluster items are 24 beef meatballs from UK supermarket own-brands. Candidate A is Sainsbury's 24 meatballs matching the pack count and core product. Weigh
12262,3230,ASDA,llm_completion,0.95,"Same brand (Caxton), same variety (Pink & White/Pink 'n' Whites Mallow Wafers), same weight (85g/85.4g - negligible difference), same pack count (6 Pack). Minor"
12257,7570,ASDA,llm_completion,0.95,"Same brand (Napolina), same variety (Peeled Plum Tomatoes), same pack count (4x400g ≈ 1595.7g), same core product as cluster"
12283,137,ASDA,llm_completion,0.95,"Tetley Original 80 Tea Bags at 250g matches the cluster exactly: same brand (Tetley), same variety (Original/Everyday are equivalent standard lines), same pack "
11579,14691,ASDA,llm_completion,0.95,"Same core product: breaded garlic chicken kievs, pack of 2, weight 260-270g range. Own-brand equivalent across different supermarkets is allowed. B and C are ju"
9213,3804,ASDA,llm_completion,0.95,"Vifon brand, chicken flavour variety, 70g weight - matches cluster products from Morrisons and Tesco. 'Chinese' vs 'Chinski' and 'Golden' are minor naming varia"
9219,14822,ASDA,llm_completion,0.95,"Same brand (Tarczynski), same weight (220g), same core product (ham/pork frankfurters). 'Frankfurters' is a common alternative term for 'Hot Dogs' - both are th"
11628,43390,Sains,llm_completion,0.95,"Same core product: large flat mushrooms, 250g weight. 'White' descriptor in Sainsbury's matches the unmarked variety in cluster (flat mushrooms are typically wh"
11599,6529,ASDA,llm_completion,0.95,"Both cluster items are slow cooked boneless beef ribs with BBQ sauce. ASDA option B matches this core product - same meat cut, same cooking method, same BBQ fla"
9138,14165,ASDA,llm_completion,0.95,"Same brand (Nissin), same product line (Demae Ramen), same flavour (Beef), same weight (100g), same pack count (1). Matches cluster core product exactly."
11584,45988,Sains,llm_completion,0.95,"Same core product: turkey thigh mince, 500g weight, 7% fat specification. Own-brand products from different supermarkets (Morrisons, Tesco, Sainsbury's) represe"
11553,14501,ASDA,llm_completion,0.95,"ASDA Extra Large Chicken matches the cluster: whole chicken, extra large size (~2.25kg), fresh/uncooked, British. Own-brand from different SM is allowed as core"
10936,14979,ASDA,llm_completion,0.95,"Coors Lager Beer 4 Pack Can matches the cluster: same brand (Coors), same variety (lager/standard), same volume (1750ml), same pack format (4x440ml cans). Candi"
9315,9720,ASDA,llm_completion,0.95,"Same core product: cheese & garlic bread/pizza bread, same weight (280g), same own-brand format across UK supermarkets. 'Thin Stonebaked' and 'Pizza Bread' are "
10980,39347,Sains,llm_completion,0.95,"Same brand (Aperol), same variety (Aperitivo), same volume (700ml/70cl), same pack count (1). Candidate A matches all criteria of the cluster."
11931,62452,Tesco,llm_completion,0.95,"Same brand (Sacla), same variety (vegan cheese sauce), same weight (350g). Minor description difference ('Cheese Flavoured White Sauce With Soya' vs 'Cheese Sau"
9459,38370,Sains,llm_completion,0.95,"Sainsbury's British Semi Skimmed Milk SO Organic 2.27L matches the cluster's core product: same variety (semi skimmed), same fat content, same volume (2273.04ml"
9548,53164,Tesco,llm_completion,0.95,"Tesco Cheese Crust 6 X Mini Pork Pies 300G matches the cluster: same core product (mini pork pies with cheese), same pack count (6), same weight (300g). Differe"
9593,38460,Sains,llm_completion,0.95,"Same brand (Tropicana), same variety (Original Orange with bits), same volume (900ml). Minor wording variation ('Fruit Juice with Bits' vs 'Orange with Juicy Bi"
9694,1914,ASDA,llm_completion,0.95,"ASDA Smooth Orange Juice from Concentrate is 1000ml, matches the volume and type (from concentrate) of the cluster. Own-brand products from different supermarke"
11985,58915,Tesco,llm_completion,0.95,"Pimm's No.1 Original, 700ml volume matches cluster exactly. Brand, variety, and volume all identical across Morrisons, Sainsbury's, and Tesco listings."
9751,9611,ASDA,llm_completion,0.95,ASDA Beefy Sharing Potato Sticks matches the cluster's beef flavour potato sticks at 150g. Own-brand from different supermarket with identical core product (bee
11799,16980,ASDA,llm_completion,0.95,All three are kiwi fruits with 'gold' variety specification. Cluster has Morrisons and Sainsbury's own-brand gold kiwis; ASDA Extra Special 4 Hand Picked Golden
10038,7552,ASDA,llm_completion,0.95,"ASDA own-brand chopped tomatoes in tomato juice, 4x400g (1600g) matches cluster core product - same variety, weight, and pack count as Morrisons and Tesco own-b"
10045,2907,ASDA,llm_completion,0.95,"Same core product: wholewheat fusilli pasta, 500g. Own-brand products from different supermarkets (Morrisons, Tesco, ASDA) with identical specifications are acc"
11747,11371,ASDA,llm_completion,0.95,"Same brand (Oshee), same product line (Vitamin Cocktail), same volume (250ml), same pack count (1). The descriptor 'Diet Supplement Guava-Orange Flavour Sparkli"
9039,53713,Tesco,llm_completion,0.95,"Tesco Lactose Free Semi Skimmed Dairy Drink 1Ltr matches the cluster's core product: lactose-free, semi-skimmed milk drink variant, 1000ml volume. The cluster c"
10203,63403,Tesco,llm_completion,0.95,"Pataks Garlic & Coriander Papadums 80g matches the cluster's core product: same flavour (Garlic & Coriander), same format (papadums/poppadoms), same weight (80g"
11722,2115,ASDA,llm_completion,0.95,"Same core product: desiccated coconut, 200g. Whitworths is a branded variant of the same unbranded product category as the Morrisons and Tesco own-brand version"
12074,16420,ASDA,llm_completion,0.95,"Same brand (Yoplait Yop), same flavour (Strawberry), same weight (500g), same product type (yogurt drink). Matches cluster perfectly."
10227,46415,Sains,llm_completion,0.95,Plain naan bread product matching cluster. Sainsbury's own-brand naan matches Morrisons and Tesco own-brand naans (same core unbranded product allowed). 'Flameb
9324,44153,Sains,llm_completion,0.95,"Sainsbury's British Peppered Cooked Ham Slices matches the cluster's core product: peppered ham, 120g weight. Own-brand variants across different supermarkets w"
10238,32333,Sains,llm_completion,0.95,Butter beans in 380g carton/tin format. Own-brand products from different supermarkets (Sainsbury's SO Organic vs Cirio/Laila) are acceptable as they represent 
10573,34332,Sains,llm_completion,0.95,"Both cluster and candidate A are Red Thai Curry sauce with 350g weight (cluster 340g vs candidate 350g is minor variation within typical range), same core produ"
10670,60317,Tesco,llm_completion,0.95,"Same brand (Wray & Nephew), same variety (Overproof White Rum), same volume (700ml/70cl), same pack count (1). Candidate B is different brand (Duppy Share) and "
10773,60114,Tesco,llm_completion,0.95,"Same brand (WKD), same variety (Blue), same volume (1000ml), same pack count (4x250ml). Candidate A matches all core product criteria from the cluster."
11679,943,ASDA,llm_completion,0.95,"ASDA own-brand fresh basil 30g matches the core product (fresh basil, 30g) from Morrisons and Sainsbury's clusters. Variety is basil, weight is identical at 30g"
9478,44295,Sains,llm_completion,0.95,"Billy Bear Slices brand match, Ham variety consistent with cluster, 100g weight matches Tesco listing"
12308,20801,Morrisons,llm_completion,0.95,"Same brand (Baxters), same variety (Scotch Broth), same weight (400g). Minor wording variation ('Favourites Scotch Broth' vs 'Favourites Scotch Broth Soup') is "
7662,46901,Sains,llm_completion,0.95,"Sesame Snaps Original, 120g total weight. The x4 pack is a different pack format but same core product - same brand, variety, and weight as cluster."
9050,36075,Sains,llm_completion,0.95,"Same core product: vegetable gravy granules, 170g pack. Own-brand from different supermarket (Sainsbury's vs Morrisons/Tesco) with identical variety, weight, an"
5044,53688,Tesco,llm_completion,0.95,"Same core product: skimmed long life/UHT milk, 6x1L pack (6000ml total). Own-brand products from different supermarkets with identical specifications match the "
2453,25151,Morrisons,llm_completion,0.95,"McGuigan brand, Chardonnay variety, 750ml volume. BIN 156 is a different line within McGuigan's range but same core product (McGuigan Chardonnay). Cluster shows"
2460,38793,Sains,llm_completion,0.95,"Same brand (Dark Horse), same variety (Chardonnay), same volume (750ml/75cl), same pack count (1). Candidate A is the exact match to the cluster products from A"
2494,59807,Tesco,llm_completion,0.95,"Angelo Taurini Clementine Bucks Fizz matches the cluster's Bucks Fizz product type, same 750ml volume. The cluster contains Bucks Fizz variants from different s"
2550,24523,Morrisons,llm_completion,0.95,"Same variety (White Zinfandel), same volume (750ml), same pack count (1). Morrisons own-brand matches the core product in the cluster (Nice Drop and Sundown Bea"
2592,39727,Sains,llm_completion,0.95,"Same brand (Thatchers), same variety (Rosé/Apple Rose Cider - both rosé ciders), same volume (1760ml), same pack count (4x440ml). Minor naming variation ('Rosé'"
2611,39183,Sains,llm_completion,0.95,"Same brand (Echo Falls), same core product (Fruit Fusion Sparkling), same volume (750ml). The cluster lists 'Sparkling Summer Garden' but candidate A is 'Fruit "
13608,28483,Morrisons,llm_completion,0.95,"Same core product: Cavolo Nero kale, 200g pack. Own-brand products from different supermarkets (Sainsbury's, Tesco, Morrisons) are allowed when the unbranded pr"
4734,55015,Tesco,llm_completion,0.95,Tesco Organic Extra Virgin Olive Oil 500ml matches the cluster's core product: organic extra virgin olive oil in 500ml format. All three are own-brand supermark
13579,19117,Morrisons,llm_completion,0.95,"Same brand (Alpro), same format (High Protein soya yoghurt alternative), same weight (200g). Flavour is tropical fruit in cluster vs mango banana in candidate -"
4953,24186,Morrisons,llm_completion,0.95,"Same brand (Schwartz), same variety (Nadiya Kicking Kebabs), same weight (75g). Candidate A uses 'Chicken Kebab' which is a specification of the core 'Kicking K"
5076,44648,Sains,llm_completion,0.95,"Same brand (Freshlay Golden Yolks), same variety (Free Range), same pack count (x10), same weight category (Mixed Weight). Matches cluster core product."
13631,1024,ASDA,llm_completion,0.95,All three are own-brand pak choi/choi sum products at 200g. The variety descriptors ('Mild & Crisp' vs plain) are minor marketing variations of the same core pr
5200,18478,Morrisons,llm_completion,0.95,"Oatly brand, Barista Edition, 1000ml long life format. Matches cluster exactly. B is Organic variant (different variety), C-E are own-brand products (not Oatly)"
5266,52385,Tesco,llm_completion,0.95,"Tesco Variety Crisps 6X25g (150g total) matches the cluster's 'Variety Crisps' core product - same own-brand variety assortment, same weight, same pack format. "
5291,23094,Morrisons,llm_completion,0.95,"Same brand (Smiths), same variety (Frazzles Crispy Bacon), same weight (120g), same pack type (Sharing Crisps/Bag)"
13460,5261,ASDA,llm_completion,0.95,"Both cluster items are 16 vegetable fingers, ~450g. ASDA candidate D is 'Plant Based by ASDA 16 Veggie Fingers 450g' - same pack count (16), same weight (450g),"
5633,31033,Morrisons,llm_completion,0.95,"Same brand (Skittles), same variety (Fruit), same pack count (18x18g = 18pk), nearly identical weight (324g vs 320g - minor variance acceptable). Candidate B is"
13417,28437,Morrisons,llm_completion,0.95,"Morrisons The Best Mash Potato 400g matches the cluster's core product (mashed potato, 400g). Own-brand products from different supermarkets are equivalent when"
5834,46527,Sains,llm_completion,0.95,"Same core product: Triple Chocolate Muffins, pack count x4. Own-brand products from different supermarkets (ASDA, Tesco, Sainsbury's) with identical variety and"
5825,46487,Sains,llm_completion,0.95,"Same core product: white iced ring doughnuts, pack of 4. All three are supermarket own-brand equivalents with identical variety, flavour, and pack count."
13361,25076,Morrisons,llm_completion,0.95,"Same brand (Greene King), same variety (Level Head Session IPA), same pack count (4x330ml), same total volume (1320-1321.4ml - negligible difference likely due "
13198,28017,Morrisons,llm_completion,0.95,"Same brand (Mountain Dew), same variety (Citrus Blast implied by context - standard Mountain Dew), same volume (500ml), same pack count (1). Candidate A matches"
2402,25699,Morrisons,llm_completion,0.95,"All three are own-brand Late Bottled Vintage (LBV) Port, 750ml. LBV Port is the core product - same variety, same volume, different supermarket own-brands allow"
2294,39085,Sains,llm_completion,0.95,"Same brand (Napoleon), same variety (VSOP), same volume (1L). Candidate B is a different brand (Fundador) and different type (Brandy de Jerez), so not a match."
13188,24583,Morrisons,llm_completion,0.95,"Same brand (Tia Maria), same variety (coffee liqueur), same volume (700ml). The Sains and Tesco listings are both Tia Maria coffee liqueur at 700ml; Morrisons c"
13922,14769,ASDA,llm_completion,0.95,"ASDA Extra Special 10 Cumberland Pork Sausages 650g matches the cluster: same variety (Cumberland), same pack count (10), same weight (650g), and own-brand prem"
89,31561,Sains,llm_completion,0.95,"Tetley brand, tea bags, 240 pack count, 750g weight. 'Everyday' vs 'Original' are different varieties, but this is the closest match. However, the variety diffe"
291,53715,Tesco,llm_completion,0.95,"Splenda Minis Zero Calorie Sweetener tablets, 100 pack matches the cluster's Splenda Minis product line with same brand, variety, and format"
297,21198,Morrisons,llm_completion,0.95,"Truvia Sweetener Tablets matches the brand (Truvia), product type (sweetener tablets), and core product. While exact weight/pack count not specified for candida"
353,43638,Sains,llm_completion,0.95,"Same core product: wild rocket/rocket salad, 60g pack, own-brand salad leaf product. Candidate A is a composite salad with salmon and potatoes, fundamentally di"
14157,16318,ASDA,llm_completion,0.95,"Same brand (Wrigley's Extra), same flavour (Peppermint), same weight (84g), same pack count (6x10 pieces), sugar free. Perfect match to cluster."
14123,29508,Morrisons,llm_completion,0.95,Clarence Court Burford Browns brand matches cluster. Large Free Range Eggs matches. Pack count appears to be 10 (truncated text 'F…' likely indicates full produ
825,27992,Morrisons,llm_completion,0.95,"Same brand (Welch's), same variety (Grape Boost Purple Grape), same volume (1000ml). Matches cluster product from ASDA and Tesco."
836,62290,Tesco,llm_completion,0.95,"Same brand (Tropicana), same variety (Original Orange with bits), same volume (1500ml). Minor wording variation ('Juicy Bits' vs 'Fruit Juice With Bits') repres"
870,50092,Tesco,llm_completion,0.95,"Fruit Shoot brand, kids juice drink, 8x200ml pack (1600ml total), matches Sainsbury's entry in cluster. Different flavour (Apple & Blackcurrant vs Apple) but sa"
946,37227,Sains,llm_completion,0.95,Both cluster items and candidate A are 12-cup muffin/bun trays. A is Sainsbury's Basics own-brand equivalent to George Home and Tesco own-brands. Same core prod
2215,57255,Tesco,llm_completion,0.95,"Same brand (Sourz), same flavor (Cherry), same volume (70cl/700ml). The phrase 'The Original Cherry Sweet & Sour Spirit Drink' describes the same product varian"
1001,36145,Sains,llm_completion,0.95,"Same brand (Baked With Love), same variety (Mini Blossoms), same pack count (48), same product type (cake decorations). Weight difference (3g vs unstated in clu"
13856,17001,ASDA,llm_completion,0.95,"Same core product: toffee & vanilla ice cream cones, 4x110ml (440ml total). Own-brand versions from different UK supermarkets (Sainsbury's, Tesco, ASDA) are all"
13766,19644,Morrisons,llm_completion,0.95,Morrisons Wensleydale matches the core product (Wensleydale cheese variety) from the cluster. All three are own-brand supermarket versions of the same unbranded
13740,12151,ASDA,llm_completion,0.95,"ASDA Main For Two Chicken Jalfrezi 400g matches the core product (Chicken Jalfrezi with Pilau Rice, 400g). Although labeled 'For Two' vs 'For One', the variety,"
1718,48706,Sains,llm_completion,0.95,"Same brand (Cadbury), same variety (Brunch Choc Chip), same weight (160g), same pack count (5x32g). Matches cluster listings exactly."
13680,12318,ASDA,llm_completion,0.95,"All three products are lamb moussaka ready meals at 400g from different UK supermarket own-brands (Sainsbury's Taste the Difference, Tesco Finest, and ASDA Bist"
1993,60607,Tesco,llm_completion,0.95,"Tesco Macaroni Cheese matches the core product (macaroni cheese pasta & sauce) from the cluster. All candidates are own-brand products, which is allowed. Weight"
13671,18558,Morrisons,llm_completion,0.95,"Own-brand mini sausage rolls, x20 pack, 200g weight matches Sainsbury's exactly. Same core product as cluster (mini pork sausage rolls are the standard variety)"
13640,1100,ASDA,llm_completion,0.95,"Same core product (Tenderstem Broccoli), same weight (320g vs 330g is acceptable variation for fresh produce), own-brand of different supermarket which is allow"
2226,24592,Morrisons,llm_completion,0.95,"Same brand (Malibu), same variety (Original), same volume (700ml). Matches cluster perfectly."
6039,46389,Sains,llm_completion,0.95,"Same brand (Sheldons), same product type (Oven Bottom Muffins), same pack count (x6). 'White' variety specification is consistent with the base product."
13453,19416,Morrisons,llm_completion,0.95,"All three are own-brand double cream at 300ml. Sainsbury's SO Organic, Creamfields, and Morrisons British are all supermarket own-brand double cream products wi"
11593,46023,Sains,llm_completion,0.95,"Both cluster items are plain rump steak from premium own-brand lines (Morrisons The Best, Tesco Finest). Candidate A is Sainsbury's Taste the Difference plain r"
6750,33019,Sains,llm_completion,0.95,"Same brand (FREEE/Doves Farm), same variety (gluten free white/plain flour), same weight (1kg). Minor naming variation ('White Bread Flour' vs 'Plain White Flou"
7143,27456,Morrisons,llm_completion,0.95,"Same brand (Milkybar), same variety (White Chocolate Buttons), same weight (175g vs 176g - negligible difference, likely same product with rounding), same shari"
12350,16689,ASDA,llm_completion,0.95,"ASDA Organic White Basmati Rice 500g matches the cluster: all are organic basmati rice in 500g packs. Own-brand across different SMs (Sainsbury's, Tesco, ASDA) "
7227,58453,Tesco,llm_completion,0.95,"Same brand (Thorntons), same variety (Classic), same weight (449g). The Tesco listing includes additional descriptive text about chocolate types but represents "
12932,9718,ASDA,llm_completion,0.95,"Same core product: lightly salted tortilla chips, free from range, own-brand across different SMs. Only difference is weight (180g vs 200g), but this is a minor"
7302,39097,Sains,llm_completion,0.95,"Lanson brand, rosé/pink champagne variety, 750ml volume. 'Le Black Création' is Lanson's rosé champagne line, matching the cluster's Lanson Rosé products from A"
7490,24242,Morrisons,llm_completion,0.95,"Same brand (Vegemite), same variety (yeast extract spread), same weight (220g). 'Spread' is a common descriptor synonym for 'Yeast Extract' in product naming co"
7513,25522,Morrisons,llm_completion,0.95,"Same brand (19 Crimes), same variety (The Banished Dark Red), same volume (750ml). Product A omits 'Dark Red' in name but this is likely a listing variation of "
11593,14585,ASDA,llm_completion,0.95,"ASDA Flavoursome Beef Rump Steak is a rump steak (same cut as cluster), similar weight (250g vs 225-255g range), and own-brand products across different SMs wit"
12516,22806,Morrisons,llm_completion,0.95,"Same brand (Haribo), same variety (Chamallows Pink & White Marshmallows), same weight (140g). 'Share Bag' is packaging descriptor, not a core product difference"
12681,21039,Morrisons,llm_completion,0.95,"Same brand (Bisto), same product line (Reduced Salt Gravy Granules), same weight (300g). The 'Beef' specification in candidate A is a standard flavour variant o"
7970,47986,Sains,llm_completion,0.95,"Sainsbury's own-brand product matching cluster criteria: smoked back bacon, 10 rashers, 300g. Same core product as ASDA and Tesco own-brand equivalents. B diffe"
8733,32639,Sains,llm_completion,0.95,"All three are table salt 750g products. Cluster contains own-brands (ASDA, Dri-Pak/Tesco), candidate A is Saxa branded table salt 750g - same core unbranded pro"
12146,6837,ASDA,llm_completion,0.95,"ASDA Rainbow Hoops matches the core product: multigrain hoops cereal, 375g weight. Own-brand versions of identical unbranded products across different supermark"
8031,46102,Sains,llm_completion,0.95,"Same core product: 6 pork sausages, 400g pack. D is Sainsbury's premium own-brand (Taste the Difference) matching the cluster's premium own-brands (ASDA Extra S"
8116,60487,Tesco,llm_completion,0.95,"Same brand (Morland/Old Crafty Hen), same variety (Vintage Ale), same volume (500ml), same pack count (1). Candidate B is a different brand (Hobgoblin) and diff"
8514,46044,Sains,llm_completion,0.95,"Both cluster items are diced lamb leg at 300g. Candidate A is Sainsbury's diced lamb (Extra Lean variety) at 300g - same cut, same weight, same core product. B "
12430,23342,Morrisons,llm_completion,0.95,"Same brand (Baxters), same flavour (Cream of Asparagus), same weight (400g). 'Luxury' is a product line descriptor common in Baxters range and does not constitu"
13068,29533,Morrisons,llm_completion,0.95,"Highland Spring Still Water 1.5L matches the cluster exactly: same brand (Highland Spring), same variety (still water), same volume (1500ml), and same pack coun"
7178,21713,Morrisons,llm_completion,0.95,"Same brand (Twix), same variety (Extra/Xtra Milk Chocolate Biscuit Twin Bars), same weight (75g), same pack count (twin bars). 'Extra' and 'Xtra' are spelling v"
6159,26106,Morrisons,llm_completion,0.95,"Plantastic brand, Millionaire Flapjack variety with chocolate & caramel flavor. Candidate C matches the core product despite missing explicit pack count '5' in "
6345,28063,Morrisons,llm_completion,0.95,"Same brand (Sodastream), same flavour (Pepsi Max), same volume (440ml), same pack count (1). Matches cluster exactly."
13137,30199,Morrisons,llm_completion,0.95,"Ocean Spray branded sparkling water cranberry 1L - matches brand, flavour, volume, and format of cluster"
6158,30076,Morrisons,llm_completion,0.95,"Mr Kipling brand, chocolatey/brownie variety, 5 pack count. 'Signature' line is same core product as 'Seriously Chocolatey' - both are Mr Kipling's standard bro"
8978,19682,Morrisons,llm_completion,0.95,"Greek style yogurt with honey, 450g - matches the core product specifications of the cluster. Brand is different (Longley Farm vs ASDA/Sainsbury's own-brand) bu"
8765,31812,Sains,llm_completion,0.95,"Same core product: apple sauce. Own-brand variants from different retailers (ASDA, Tesco, Sainsbury's) are acceptable. Similar weight/volume (250-280ml/g range)"
13138,1971,ASDA,llm_completion,0.95,"Tropicana Sensations Multivitamin Boost 850ml matches the cluster exactly - same brand, same product line (Sensations Multivitamin Boost), same volume, and appe"
12341,22284,Morrisons,llm_completion,0.95,"Same core product: petits pois & carrots, own-brand across different UK supermarkets, 400g weight matches Sainsbury's. Candidate B is a branded soup (Baxters) w"
12435,23684,Morrisons,llm_completion,0.95,"Same brand (Baxters), same variety (Beef Consommé soup), same weight (400g). 'Luxury' is a product line designation within the same core variety."
12355,23082,Morrisons,llm_completion,0.95,"Canderel brand, tablet form, 0 calories matches cluster. Pack size 300 tablets x 25.5g is standard Canderel tablets product line."
6343,28081,Morrisons,llm_completion,0.95,"Sodastream 7Up Free Of Sugar matches the cluster's core product: SodaStream brand, 7Up Free flavour (sugar-free variant), 440ml volume. Candidates A and B lack "
6502,35331,Sains,llm_completion,0.95,Capsicana Tasty Taco Seasoning Mix 28g is a taco seasoning product matching the core product (taco seasoning mix). Weight varies slightly (28g vs 30-34.5g in cl
6729,35058,Sains,llm_completion,0.95,Both cluster and candidate C are free-from rice cereal products at 300g. ASDA and Tesco use 'Rice Snaps' branding while Sainsbury's uses 'Rice Pops' - these are
9294,61534,Tesco,llm_completion,0.92,"Grated mature cheddar, 250g format matches cluster. Creamfields is a branded alternative to own-brand grated mature cheddar, but core product (grated mature che"
13854,15200,ASDA,llm_completion,0.92,"Aberdeen Angus beef quarter pounders, 450g pack of 4. Matches cluster's core product (Aberdeen Angus quarter pounders) despite own-brand variation (Sainsbury's "
14222,29369,Morrisons,llm_completion,0.92,"Same brand (Moo Free), same weight (150g), same core product (Easter egg hunt box). Minor naming variation ('Box' vs 'Kit') is acceptable as it describes the sa"
13078,27902,Morrisons,llm_completion,0.92,"Morrisons Apple & Elderflower matches the brand-agnostic core product (Apple & Elderflower juice). Volume is 946ml vs 900ml cluster, but this is a minor varianc"
11228,5366,ASDA,llm_completion,0.92,"ASDA Bake at Home All-Butter Pains Au Chocolat matches the core product: same variety (pain au chocolat), same all-butter specification, same pack count (6), si"
12367,8649,ASDA,llm_completion,0.85,"Same core product: sage & red onion stuffing mix, 110g weight matches Sainsbury's. Different own-brand (ASDA vs Sainsbury's/Tesco) is acceptable. Minor flavor v"
14008,10390,ASDA,llm_completion,0.85,"ASDA Baker's Selection Sugar Ring Donuts matches the cluster: own-brand sugar ring doughnuts, x5 pack count, same core product across different supermarket own-"
11622,3947,ASDA,llm_completion,0.85,"Same core product: seedless red grapes. Own-brand across different supermarkets (Morrisons, Tesco, ASDA) is acceptable. Weight difference (400g vs 375g) is mino"
13951,10419,ASDA,llm_completion,0.85,"Both are chocolate iced ring doughnuts in a 4-pack format from supermarket own-brands. Option A specifies '12 Choc Iced Donuts' which is a larger pack, making i"
12331,18019,Morrisons,llm_completion,0.85,"A is black pepper whole peppercorns at 250g, matching the cluster's core product (whole black peppercorns). B is ground pepper, a different form/variety, so exc"
11588,61094,Tesco,llm_completion,0.85,"Own-brand beef mince, 750g weight matches cluster. Fat content (5%) aligns with Sainsbury's in cluster. Core product is identical beef mince."
14124,26008,Morrisons,llm_completion,0.85,"Warburtons Sandwich Thins product line, x6 pack format matches cluster. 'Soft White Sliced' is the variety of the standard Sandwich Thins. Other candidates are "
14180,14572,ASDA,llm_completion,0.85,ASDA Succulent Unsmoked Gammon Joint matches the cluster's core product (unsmoked gammon joint) with comparable weight (1.8kg vs 1.4-2.2kg range). B is also uns
13958,26170,Morrisons,llm_completion,0.85,All three are own-brand brown sourdough at 400g. Morrisons 'The Best' is equivalent tier to Sainsbury's 'Taste the Difference' premium lines. Core product (brow
11624,58376,Tesco,llm_completion,0.85,Royal Gala apple variety matches cluster. 'Large Gala Apples' is the same variety. Single loose apple (160g) aligns with 'Single' unit in cluster. Own-brand Tes
13924,14778,ASDA,llm_completion,0.85,"ASDA Flavourful 8 Pork Sausages matches the cluster's core product: 8 pork sausages, 450g (vs 454g in cluster - negligible difference within normal variation), "
14077,28909,Morrisons,llm_completion,0.85,"Morrisons own-brand Mint Chocolate Cones, 440ml pack matching Sainsbury's and Tesco cluster. Same variety, volume, and pack format as the core product."
13177,30358,Morrisons,llm_completion,0.85,Campo Viejo Rioja matches the cluster's brand (Campo Viejo) and region (Rioja). While the specific classification differs slightly between cluster items (Gran R
12130,28395,Morrisons,llm_completion,0.85,Small bananas in a pack format matching the cluster's focus on smaller banana sizes (x8 and 6-pack). Candidate B explicitly identifies 'Snack Size Bananas' whic
12509,27228,Morrisons,llm_completion,0.85,"Extra White Sugarfree Gum matches brand (Extra/Wrigley's), flavour (White), sugar-free status, and appears to be same 46-piece bottle format. Full product name "
11784,51906,Tesco,llm_completion,0.85,"Both cluster and candidate B are peaches in a multi-pack format (4+ pack). Core product is identical (peaches), own-brand variants from different supermarkets a"
13411,25866,Morrisons,llm_completion,0.85,"Funkin Nitro Cocktails Passion Fruit Martini, 1600ml total volume matches cluster. Both Sainsbury's and candidate A feature same flavor variant. Pack format (ca"
11626,4125,ASDA,llm_completion,0.85,"Both cluster items are large oranges (x4 pack). ASDA option A matches with 4 Large Oranges, same pack count and size category. Option E is Medium (different siz"
11760,10908,ASDA,llm_completion,0.85,"Chocolate & hazelnut croissants with pack count of 2, matching the Sainsbury's product in the cluster. ASDA own-brand equivalent of the same core product (choco"
11812,10613,ASDA,llm_completion,0.85,Both cluster items are vanilla custard doughnuts in small pack counts (5 and implied small quantity). Candidate A is 'Custard Donuts' from The BAKERY at ASDA in
13450,9748,ASDA,llm_completion,0.85,"ASDA own-brand Spicy Arrabiata Sauce 350g matches the cluster's core product (arrabiata sauce, 350g). Same weight, same variety, same format as Sainsbury's and "
12323,8370,ASDA,llm_completion,0.85,"ASDA own-brand garlic paste product, 90g size matching Tesco cluster entry. Core product (garlic paste) is identical across all three supermarket own-brands. Di"
11897,43341,Sains,llm_completion,0.85,"Both cluster items are red onions in 3-pack format. Candidate A (JS Red Onions x3) matches this core product - same variety (red onions), same pack count (3). O"
11710,13749,ASDA,llm_completion,0.85,"Soft figs, 250g weight matches Tesco. Different brand (Sofra vs Morrisons/Tesco own-brand) but same core product category and weight. Only viable match among ca"
11695,940,ASDA,llm_completion,0.85,"Fresh rosemary, 20g pack from ASDA own-brand. Matches the core product (fresh rosemary herb) and weight of cluster items from Morrisons and Sainsbury's. Descrip"
11683,989,ASDA,llm_completion,0.85,ASDA British Fluffy & Golden Large Baking Potatoes matches the core product (baking potatoes) from the cluster. Both Morrisons and Tesco offer baking potatoes a
11934,58540,Tesco,llm_completion,0.85,"Cherry Tomatoes, 250g, standard variety. Different brand (Nightingale Farms vs Savers/Stamford Street Co.) but core product is identical - unbranded cherry toma"
12761,23485,Morrisons,llm_completion,0.85,Morrisons The Best is own-brand equivalent to Sainsbury's Taste the Difference and Tesco Finest. Core product is Tomato & Chilli Chutney. Weight difference (200
12012,12206,ASDA,llm_completion,0.85,"Both cluster items are soft/runny set Scotch eggs in 2-pack format around 254-260g. Option B matches this core product (Bistro by ASDA is ASDA's own-brand, 2 Ru"
11806,8336,ASDA,llm_completion,0.85,"ASDA Meat Gravy Granules is the own-brand equivalent of Morrisons/Tesco pork gravy granules. Same weight (200g), same core product type (meat/pork gravy granule"
13664,9227,ASDA,llm_completion,0.85,"All three are 500g own-brand buttery/butter spreads from UK supermarkets with identical weight and pack count. Different brand names (Sainsbury's, Tesco, ASDA) "
11662,62385,Tesco,llm_completion,0.85,"Same core product: Conference Pears, Tesco own-brand (equivalent to Morrisons/Sainsbury's own-brand), minimum 4 pack size matches the x4 pack in cluster, ripe &"
13727,7439,ASDA,llm_completion,0.85,"Both candidates and cluster are mild cheddar cheese slices, 10 pack, 200g. C is ASDA's own-brand equivalent to the Sainsbury's and Tesco branded versions in the"
12540,7620,ASDA,llm_completion,0.85,"Own-brand vegetable soup 400g from ASDA, matching the core unbranded product (vegetable soup, 400g) found in Sainsbury's and Tesco own-brand cluster. A is 'Hear"
9278,46307,Sains,llm_completion,0.85,"Both cluster items are smoked mackerel fillets, boneless, ready-to-eat style, approximately 160-165g. Candidate A matches this core product: Sainsbury's smoked "
11592,63392,Tesco,llm_completion,0.85,"Woodside Farms Cooking Bacon 500G matches the cluster's core product: cooking bacon, 500g weight. All other candidates (B-E) are composite products (pies, sandw"
8765,23111,Morrisons,llm_completion,0.85,"Apple-based sauce product from Morrisons at 280g, matching the cluster's core product (apple sauce) and weight, despite different flavour variety (cinnamon adde"
5855,46574,Sains,llm_completion,0.85,"Both candidates A and B are Stamford Street Co. Tortilla Wraps x8, matching the cluster's pack count and core product (white/plain tortilla wraps). A is plain/w"
5902,46414,Sains,llm_completion,0.85,"Same core product: Tiger Bloomer variety, 800g weight. Black Sheep Craft is a different brand but represents the same unbranded core product (Tiger Bloomer) as "
5992,31114,Morrisons,llm_completion,0.85,Triple chocolate/layer chocolate muffins from Morrisons premium range (The Best equivalent to Extra Special/Taste the Difference). Matches core product variety 
6072,62307,Tesco,llm_completion,0.85,"Both cluster items are white sourdough rolls/bread. Candidate A is Tesco Finest white sourdough rolls (4 pack), matching the roll format and white sourdough var"
6141,48307,Sains,llm_completion,0.85,"Cherry Bakewells x6 240g matches the core product (Cherry Bakewell, pack of 6). While Sainsbury's own-brand vs Mr Kipling branded, the unbranded core product is"
6611,49534,Tesco,llm_completion,0.85,"Same core product: tomato mascarpone pasta sauce, similar weight (500g vs 475-490g cluster range), own-brand Tesco equivalent to Heinz branded cluster is accept"
6812,62215,Tesco,llm_completion,0.85,"Both cluster items are mini roast dinner products around 450-460g. Candidate B is Tesco Mini Roast Chicken Dinner 458g - matches the mini roast dinner format, s"
6895,29084,Morrisons,llm_completion,0.85,"Same core product: chicken, bacon & leek pie from different UK supermarket own-brands. Weight ~500g matches cluster range (475-454g). Different supermarket own-"
7284,27504,Morrisons,llm_completion,0.85,"Extra Bubblemint Sugarfree, similar weight (67.1g vs 70g, minor variation acceptable), multipack format. C is most consistent with cluster's core product despit"
7400,22976,Morrisons,llm_completion,0.85,"Same core product: ready-to-serve custard, 500g, own-brand from different supermarket (ASDA, Tesco, Morrisons). All three are retailer own-brands with identical"
7895,45370,Sains,llm_completion,0.85,"The Jolly Hog BBQ Pulled Pork Sub matches the core product (The Jolly Hog, BBQ Pulled Pork) and brand. Weight/pack count not specified for candidate A, but prod"
7942,45369,Sains,llm_completion,0.85,"Both cluster items are minted lamb steaks (~250-310g), leg or rump cut. Candidate B is lamb rump steaks with mint glaze at 300g, matching the flavor profile and"
7978,28160,Morrisons,llm_completion,0.85,"Morrisons The Best Air Dried Smoked Streaky Bacon matches the cluster's core product: smoked air dried streaky bacon rashers, 200g weight, own-brand equivalent "
8313,58961,Tesco,llm_completion,0.85,"Same core product: raw scallops, 150g weight. All three are own-brand supermarket products (ASDA, Sainsbury's, Tesco). Tesco variant doesn't specify 'Patagonian"
11589,14605,ASDA,llm_completion,0.85,"Both cluster items are 12 beef meatballs at 340g. ASDA Full-Flavoured 12 Beef Meatballs matches the core product (beef, 12 pack, 340g). Fat percentage differenc"
8370,49252,Tesco,llm_completion,0.85,Same core product: white fairy cake cases. Create A Cake is Tesco own-brand equivalent to ASDA and Morrisons own-brands. Pack count of 100 matches ASDA product 
8370,34522,Sains,llm_completion,0.85,"All three (ASDA, Morrisons, Sainsbury's) are own-brand plain white cake/cupcake paper cases. A matches the core product - white paper cases for cakes. C is cupc"
8381,64043,Tesco,llm_completion,0.85,"Both cluster items are nectarines with similar pack counts (3-4 pieces). Tesco Perfectly Ripe Nectarines Minimum 3 matches the core product (nectarines, 3-pack)"
8736,28259,Morrisons,llm_completion,0.85,Morrisons Slow Cooked Sweet & Smo... matches the core product (slow cooked sweet BBQ pulled pork) and weight (500g). The truncated name likely reads 'Sweet & Sm
5776,29213,Morrisons,llm_completion,0.85,"Same brand (Sprite), same variety (zero sugar/no sugar), similar volume (~2L), single pack. Minor naming variation ('Zero' vs 'No Sugar') is acceptable as these"
5733,46433,Sains,llm_completion,0.85,"Warburtons muffins, same brand and core product (breakfast/toasting muffins). Pack count differs (x4 vs x6) but A is closer match than B-E which are different p"
5498,44562,Sains,llm_completion,0.85,"Sainsbury's Smokey Chorizo Tortelloni matches the cluster's spicy sausage tortelloni variety (chorizo is a spicy sausage), same 300g weight, and own-brand torte"
920,51403,Tesco,llm_completion,0.85,"Same brand (Innocent), same volume (750ml), berry-based smoothie variety. 'Blueberries Peaches & Apples' matches the berry fruit profile of 'Berry Set Go Raspbe"
141,23750,Morrisons,llm_completion,0.85,"Good Earth brand, Moroccan Mint variety, 27g weight matches cluster. Text truncation ('Moro…') likely indicates 'Moroccan Mint'. Pack count not explicitly state"
403,28459,Morrisons,llm_completion,0.85,"Same core product (sweet potato mash), same weight (300g). Different brand (Morrisons own-brand vs Albert Bartlett) is allowed per rules since core unbranded pr"
498,26032,Morrisons,llm_completion,0.85,"Same brand (Warburtons), same weight (600g), same variety (Tiger Bloom/Bloomer - minor naming variation for same product), same pack count (1). 'Bloom' appears "
577,47541,Sains,llm_completion,0.85,"Sainsbury's own-brand pork sausage rolls matching the core product (plain pork, similar weight 188g vs 180g/144g cluster range, basic variety without additional"
581,47545,Sains,llm_completion,0.85,JS Mini Pork Rolls 380g matches the cluster's core product: snack/mini-sized pork sausage rolls in similar weight (380g vs 375-400g range). Candidates B-E are d
577,19679,Morrisons,llm_completion,0.85,"A is pork sausage rolls (same variety/flavour as cluster). Weight 150g is between cluster weights (144g-180g), suggesting same product line. B has different fla"
616,18698,Morrisons,llm_completion,0.85,"Same brand (The Collective), same flavour (Peach & Apricot), same weight (90g). Note: cluster shows conflicting dairy claims (Great Dairy vs Dairy Free) - candi"
886,39022,Sains,llm_completion,0.85,"Apple juice from concentrate, 1L volume. Stamford Street Co. is Sainsbury's own-brand equivalent to ASDA's and Morrisons' own-brand products. Same core product "
992,37873,Sains,llm_completion,0.85,"Same brand (Dr. Oetker), same variety (Sicilian Lemon), same product type (extract/oil), similar volume (38ml vs 35ml - minor variation acceptable for same core"
4809,22545,Morrisons,llm_completion,0.85,"Both cluster items and candidate A are red onion chutneys with similar weights (280-310g range). Candidate B is mango chutney, different variety. A matches the "
1094,37608,Sains,llm_completion,0.85,Dr. Oetker branded candles/cake decorations. Cluster shows Number 8 and Number 3 candles (numeric cake candles). Candidate A is Dr. Oetker Letters & Numbers can
1329,51686,Tesco,llm_completion,0.85,Both candidates are green pesto microwave pasta from Tesco own-brand. Candidate A matches the cluster's core product (green pesto micro pasta) with comparable w
1616,33422,Sains,llm_completion,0.85,"Free From ginger-flavored cookies, 150g weight matches cluster. Different brand (Sainsbury's vs ASDA/Tesco) but same own-brand equivalency allowed. 'Ginger Crun"
1683,63800,Tesco,llm_completion,0.85,"Bahlsen Pick Up! Chocolate Biscuit Bars Hazelnut matches the Rhythm 108 Vegan Hazelnut Chocolate Praline variety and flavor profile. However, Pack structure dif"
1693,34285,Sains,llm_completion,0.85,"Triple Chocolate Cookies, 200g weight matches cluster. Sainsbury's own-brand 'Taste the Difference' is premium line equivalent to ASDA Extra Special and Tesco p"
2122,47939,Sains,llm_completion,0.85,Same core product (Rose & Lily flowers bouquet). All three are own-brand supermarket products with identical variety composition. Candidate A uses 'Luxury' desc
2351,40129,Sains,llm_completion,0.85,"Same brand (BLOOM), same volume (700ml). However, B is 'London Dry Gin' (standard variety) while cluster is 'Passionfruit & Vanilla Blossom' (flavored variety),"
4597,21291,Morrisons,llm_completion,0.85,"Same variety (Tikka), same brand (Schwartz), similar weight (83.3g vs 80-92.9g cluster range). Candidate A is Tandoori, a different curry variety."
8762,34329,Sains,llm_completion,0.85,Sainsbury's Creamy White Wine Cooking Sauce 485g matches the cluster's core product (white wine sauce for cooking) and weight is comparable (485g vs 475-500g ra
14204,29258,Morrisons,llm_completion,0.85,"Cadbury Dairy Milk Fruit and Nut Inclusions Ultimate Easter Egg 400g matches the cluster core product (Cadbury brand, Fruit & Nut variety, 400g weight). Candida"
8974,50615,Tesco,llm_completion,0.85,"Tesco Strawberry Yogurt Drink matches the cluster's core product: strawberry yogurt drink, 600g total volume, multi-pack format (6x100g). Own-brand variants acr"
10462,8258,ASDA,llm_completion,0.85,ASDA Extra Special Mint Sauce is an own-brand mint sauce (200g) matching the cluster's core product of plain mint sauce. Morrisons and Tesco own-brand mint sauc
9588,16488,ASDA,llm_completion,0.85,"ASDA Goat's Cheese 100g matches the core product - plain goat's cheese in 100g format, consistent with Morrisons cluster entry. Different from B (ripened variet"
9677,49974,Tesco,llm_completion,0.85,"Same core product: pressed tomato juice, 1 litre. Tesco own-brand equivalent to Cawston Press cluster (different brand but identical unbranded product). Same va"
9787,31695,Sains,llm_completion,0.85,"Same brand (Whitworths Sunny Raisins), same variety, same 14-pack count, and weight (200g) matches Morrisons cluster. Minor brand attribution difference (Sainsb"
9872,13280,ASDA,llm_completion,0.85,"Both cluster items are Hartleys No Added Sugar Raspberry Jelly in ~680-690g packs. Candidate A is No Added Sugar Raspberry (matching flavour), 700g (similar wei"
9004,48646,Sains,llm_completion,0.85,"Extreme Caramel Ice Cream Cookie Cone 440ml matches the cluster's caramel/toffee flavour profile, 440ml volume, and cone format. While 'Extreme' is a different "
10144,33559,Sains,llm_completion,0.85,"Kenco brand, instant coffee, 100g weight match. Cluster specifies '3 in 1 Smooth White' while candidate A is 'Smooth Instant Coffee' - lacks explicit '3 in 1' a"
10227,10574,ASDA,llm_completion,0.85,"Plain naan bread, 2-pack format matches cluster. ASDA own-brand acceptable as equivalent to Morrisons and Tesco own-brands. Weight specification (375g) consiste"
10264,35157,Sains,llm_completion,0.85,"Del Monte Apricots In Light Syrup matches the cluster's brand (Del Monte) and variety (Apricots). Weight 425g is very close to cluster weights (410-420g), likel"
10431,8076,ASDA,llm_completion,0.85,"Flying Goose Sriracha Mayo Sauce matches the core product (sriracha mayo sauce) and volume (200ml). Brand differs from cluster (Thai Dragon vs Flying Goose), bu"
10543,8479,ASDA,llm_completion,0.85,Greenfields Saffron matches the cluster's core product (saffron strands). Candidate A (George Home Bon Bon Jar) is unrelated confectionery. Both cluster items a
9513,43582,Sains,llm_completion,0.85,Sainsbury's Tikka Sliced British Chicken Breast 160g matches the cluster's core product: tikka-flavoured sliced chicken at 160g. The cluster contains Morrisons 
10580,57396,Tesco,llm_completion,0.85,"Pecan nuts, 200g weight matches Sainsbury's in cluster. Pecan Halves is a minor variation (halved vs whole) but core product is pecan nuts at same weight."
10852,61987,Tesco,llm_completion,0.85,"Both cluster items are Muscadet de Sevre et Maine (same variety). Candidate B is Maison Castel Muscadet Sevre Et. Maine, matching the specific sub-region design"
11048,10337,ASDA,llm_completion,0.85,All three are own-brand petit pains (unbranded core product identical). A is ASDA's equivalent of Morrisons/Tesco petit pains. Pack count differs (6 vs 4) but t
11063,11713,ASDA,llm_completion,0.85,ASDA Mexican Style Plain Tortillas matches the core product (plain tortillas/wraps) from Morrisons and Sainsbury's. Own-brand across different supermarkets with
11063,49510,Tesco,llm_completion,0.85,"H.W Nevills 8 Plain Tortilla Wraps matches the cluster's core product: plain tortilla wraps, 8 pack count. Brand is different (H.W Nevills vs Morrisons/Sainsbur"
11090,10604,ASDA,llm_completion,0.85,"Both cluster items are plain folded flatbreads from Deli Kitchen brand. Candidate A is plain flatbreads matching the variety and format, though from ASDA's own "
11199,45766,Sains,llm_completion,0.85,"Ben & Jerry's Vanilla Ice Cream, 465ml matches the Tesco listing. The 'Cookie Dough S'wich Up' variant contains vanilla as the core flavor. However, the cluster"
11241,5259,ASDA,llm_completion,0.85,"Both cluster items are no-chicken nuggets (plant-based) at 320g. Candidate A is OMV! Deliciously Vegan No Chicken Nuggets 320g - same product type, weight, and "
11233,5585,ASDA,llm_completion,0.85,"Birds Eye 8 Chicken Burgers matches the cluster's core product: breaded chicken burgers, 8-pack count (same as Morrisons), similar weight category (400g vs 450-"
11579,46091,Sains,llm_completion,0.85,"Both candidates are breaded garlic chicken kyivs/kievs in approximately 240-270g packs with x2 count. A matches the core product (garlic butter chicken kyivs, 2"
9532,14185,ASDA,llm_completion,0.85,ASDA Extra Special Potato Salad is an own-brand premium line (like Morrisons The Best and Sainsbury's Taste the Difference) with identical core product (plain p
9886,35163,Sains,llm_completion,0.85,"Same core product: garlic & mushroom sauce mix, 26g. Different brand (Sainsbury's Inspired to Cook vs Schwartz) but same unbranded core product. Weight matches "
9509,54476,Tesco,llm_completion,0.85,"Both cluster items are fresh semi-skimmed milk, 1L. Candidate A is semi-skimmed milk, 1L - same core product. The UHT (longlife) processing is a difference in s"
9395,7285,ASDA,llm_completion,0.85,"ASDA Extra Special Mozzarella Bocconcini 125g matches the core product: mozzarella balls/pearls, 125g weight, own-brand premium lines across different SMs (Morr"
9277,7516,ASDA,llm_completion,0.85,"Plain King Prawns, 140-150g weight range, unbranded/generic product matching the cluster's core product. B, C, D, E have added preparations (tempura, spiced, co"
9269,7458,ASDA,llm_completion,0.85,"ASDA Flavoursome 2 Salmon Fillets matches the cluster: own-brand product, 2 fillets, 240g is comparable to cluster weights (220-260g), no added flavour/variety "
9344,44457,Sains,llm_completion,0.85,"Sainsbury's Chicken Tikka Biryani is a chicken biryani variety (same core product type as cluster), 400g weight matches Morrisons exactly, own-brand supermarket"
9354,56310,Tesco,llm_completion,0.85,"Same core product: sausage pasta bake ready meal, 400g. Tesco Finest matches the variety and weight of Morrisons and Sainsbury's own-brand versions. Different b"
9079,15364,ASDA,llm_completion,0.85,Rice Pops is a generic cereal product available as own-brand across supermarkets. ASDA Rice Snaps appears to be the ASDA own-brand equivalent of the same core p
9410,6237,ASDA,llm_completion,0.85,"Same brand (GU), same variety (Cookies & Cream), same weight (170g). Cluster specifies 'Salted Caramel Cookies & Cream' but candidate A lists only 'Cookies & Cr"
9445,9110,ASDA,llm_completion,0.85,"ASDA 6 Large Free Range Eggs matches the cluster's core product (free range eggs, large size, 6 pack). Own-brand across different SMs is acceptable when core pr"
9478,6452,ASDA,llm_completion,0.85,"Billy Bear Slices meat product, 100g size matches Tesco cluster. 'Character Kids' is likely ASDA's branding for the same product line as Morrisons/Tesco Billy B"
457,29567,Morrisons,llm_completion,0.75,"All three are own-brand cauliflower from different supermarkets (ASDA, Sainsbury's, Morrisons). Core product is identical (cauliflower), though ASDA specifies '"
467,43344,Sains,llm_completion,0.75,Sainsbury's Young Spinach is a plain spinach product (own-brand) matching the core unbranded product in the cluster. Weight (260g) is close to cluster range (25
13909,16058,ASDA,llm_completion,0.75,"Both cluster items are pork shoulder joints (core product match). Candidate A is also a pork shoulder joint, though boneless vs bone-in status unclear in cluste"
8764,36753,Sains,llm_completion,0.75,Stokes is a branded tomato ketchup matching the cluster's core product (plain tomato ketchup). Weight (485g) is slightly different from cluster (530-540g) but c
12384,8050,ASDA,llm_completion,0.75,"ASDA Tomato Passata with Basil matches the core product category (tomato passata with basil), weight (500g), and own-brand status across SMs. However, cluster i"
14011,15439,ASDA,llm_completion,0.75,Smoked gammon joint matches cluster variety and flavor profile. Weight (2000g) is slightly lower than cluster (2199.5g-2340g) but within reasonable range for sa
11585,14539,ASDA,llm_completion,0.75,ASDA Tender Lean Diced Beef is diced beef from ASDA (own-brand equivalent to Morrisons/Sainsbury's own-brand). Weight 400g is close to cluster range (425-500g).
11655,926,ASDA,llm_completion,0.75,"Both candidates are small plum tomatoes in 220g packs from ASDA's premium range. A (Petite Plum Vine) is closest match to cluster's baby plum tomatoes, though w"
14002,6421,ASDA,llm_completion,0.75,"ASDA Extra Special Hand Breaded Wiltshire Ham matches the core product: Wiltshire/cured ham, breaded/crumbed preparation, 120g weight, sliced format. Sainsbury'"
9279,7486,ASDA,llm_completion,0.75,Both cluster items are plain 2 cod fishcakes at 270g. Candidate A is 2 cod fishcakes at 290.1g with added flavoring (tomato & mozzarella). While the added flavo
12131,4107,ASDA,llm_completion,0.75,"ASDA Sweet & Tart Grapefruits is a red grapefruit product matching the cluster's core product (red grapefruit, unbranded own-label). A is pickled onions (differ"
12578,29622,Morrisons,llm_completion,0.75,"Morrisons gingerbread biscuit matching Sainsbury's and Tesco gingerbread biscuits. Easter Bunny is a seasonal variant of the core gingerbread biscuit product, s"
9282,7452,ASDA,llm_completion,0.75,"ASDA Prawn Cocktail matches the core product (prawn cocktail sauce/product), though weight differs (170g vs 200g in cluster). Different supermarket own-brands a"
13901,28275,Morrisons,llm_completion,0.75,"Morrisons Space To Roam Chicken Fillets are plain British chicken fillets (340g vs 300-310g cluster average). A, C, D have added flavours/coatings (Katsu, Tempu"
11897,1072,ASDA,llm_completion,0.75,"Red onions in 3-pack format matches the cluster's red onions (Tesco 3-pack, Morrisons salad onions). ASDA 3-pack red onions is the same core product despite 'Sw"
13853,5608,ASDA,llm_completion,0.75,ASDA own-brand Minced Beef Hotpot ready meal matching cluster's core product (minced beef hotpot). Weight difference (340g vs 400g) is minor variation acceptabl
9303,1894,ASDA,llm_completion,0.75,"ASDA own-brand pineapple juice, 1000ml, same core product as Morrisons and Tesco own-brand 100% pineapple juices. 'Fruity & Tangy' is a flavour descriptor but r"
12115,1148,ASDA,llm_completion,0.75,ASDA Cheddar Ploughman's on Malted Bread Sandwich is a cheese & pickle/ploughman's sandwich variant matching the cluster's core product category. Different spec
1646,24048,Morrisons,llm_completion,0.75,"Fibre One 90 Calorie Snack Bars matches brand, calorie count, and weight (120g). Flavor appears to be Salted Caramel based on cluster context, though text is tr"
11707,50539,Tesco,llm_completion,0.75,Tesco Oranges Each matches the core product (oranges) from the cluster. All candidates are Tesco own-brand oranges with unspecified variety. While pack count di
2054,53069,Tesco,llm_completion,0.75,"Both cluster items are own-brand ready-to-eat avocados in twin packs. Tesco Ripe & Ready Twin Pack Avocados matches the core product (ready-to-eat avocados, twi"
2089,59937,Tesco,llm_completion,0.75,Both cluster items are organic pears in 4-packs. Candidate B is a 4-pack of pears (550g total). Candidate A is loose/individual pears. B matches the pack count 
9383,9774,ASDA,llm_completion,0.75,ASDA Extra Special Pomodorini is a tomato & garlic flatbread (215g) matching the core product type of the cluster (sun blush tomato & garlic and garlic flatbrea
13123,1757,ASDA,llm_completion,0.75,"Apple & Mango juice variety matches cluster flavor profile. However, ASDA is own-brand (different from Copella branded products in cluster) and volume is 1000ml"
6172,49517,Tesco,llm_completion,0.75,"Both cluster items are own-brand happy birthday candles with rainbow/multicolor design. Candidate D is Tesco's own-brand rainbow candles, matching the core prod"
5524,25954,Morrisons,llm_completion,0.75,"Morrisons Small Garlic Naan Bread matches the core product: garlic naan bread, similar pack format (small/mini), same flavor. Own-brand equivalent of Patak's br"
12500,2323,ASDA,llm_completion,0.75,Both are sweet pastry cases from different UK supermarket own-brands (Sainsbury's Edlers vs ASDA). Similar weight (195g vs 200g is acceptable variance). Core pr
13740,19716,Morrisons,llm_completion,0.72,Same curry type (Jalfrezi) and chicken base as cluster. Own-brand Morrisons matches Sainsbury's/Tesco own-brands. Weight difference (340g vs 400g) is minor vari
