a_cid,b_cid,a_size,b_size,fuzz,merge,confidence,reason
819,11519,2,2,80.7017543859649,NO,0.95,"Different flavours: Cluster A is Apple & Pear, Cluster B is Apple & Mango. Both have 600ml total volume but different fruit variety means different core product"
852,11466,2,2,100.0,NO,0.95,"Different flavours: Cluster A is Blueberry, Cluster B contains both Cranberry and Blueberry. Morrisons entry is Cranberry (different variety), making clusters i"
787,11712,2,2,61.224489795918366,NO,0.95,Cluster A contains ready-to-drink juices while Cluster B contains squashes (concentrate). Different product categories despite overlapping flavours.
884,13224,2,2,76.19047619047619,NO,0.98,Different brands (Tropicana vs Aqua Libra) and different product types (juice vs sparkling water). Cluster A is fruit juice; Cluster B is sparkling water infuse
884,13017,2,2,76.19047619047619,NO,0.95,"Different flavors: Cluster A is Orange & Mango (blended juice), Cluster B is Pure Smooth Orange (100% orange juice). These are distinct product varieties despit"
884,13086,2,2,76.19047619047619,NO,0.95,"Different flavours: Cluster A is Orange & Mango (blend), while Cluster B is Pure Orange Juice with Juicy Bits. These are distinct product varieties."
846,13086,2,2,85.71428571428571,NO,0.95,Cluster A is 'Pure Smooth Orange' (smooth pulp style) while Cluster B is 'Pure Orange with Extra Juicy Bits' (pulpy style with visible bits). These are differen
914,13145,2,2,100.0,YES,0.95,"All four products are Innocent brand, 'Bolt From The Blue' variety with guava & lime, 750ml volume. Minor naming variations (truncations in listings) don't chan"
919,13318,2,2,60.526315789473685,NO,0.98,Different brands (Innocent vs Radnor) and different flavours (Citrus Shield vs Orange & Passion Fruit). Core products are not identical.
919,13145,2,2,61.81818181818182,NO,0.95,"Different flavours: Cluster A is Citrus Shield (orange citrus blend), Cluster B is Bolt From The Blue (guava & lime). These are distinct product varieties despi"
1832,11523,2,2,74.50980392156863,NO,0.9,"Cluster A products are 'Light' or 'Really Light' variants, while Cluster B products are 'No Added Sugar' concentrated formulations. These represent different pr"
1852,11451,2,2,66.66666666666666,NO,0.95,"Different flavours: Cluster A is Pineapple & Passionfruit, Cluster B is Blackcurrant. Same core product requires identical variety/flavour."
1843,11712,2,2,90.625,NO,0.95,"Different brands and flavour profiles. Cluster A: 'Get More Vits' branded multivitamin squash (Orange, Mango & Passionfruit). Cluster B: Own-brand squashes with"
1225,13034,2,2,60.0,NO,0.99,"Different product types: Cluster A is tonic water/soda (carbonated mixer), Cluster B is pure fruit juice (100% squeezed). Different volumes (900ml vs 1000ml). D"
1881,11522,2,2,86.36363636363636,NO,0.95,Cluster A is 'Ribena Light Blackcurrant' (reduced sugar/calories) while Cluster B is 'Ribena Blackcurrant Juice Drink' (standard). These are different product v
846,13017,2,2,100.0,YES,0.95,"Both clusters describe Tropicana Pure Smooth Orange juice at 1500ml. Minor naming variations ('Pure Smooth' vs 'Smooth', 'Fruit Juice' descriptor) are inconsequ"
863,13083,2,2,78.57142857142857,NO,0.95,"Different brands and flavours. Cluster A is own-brand apple/pear juice drinks (ASDA, Morrisons). Cluster B is Shloer branded elderflower & white grape sparkling"
2189,11815,2,2,60.0,NO,0.98,Different brands (Bacardí vs Morton's OVD) and different rum varieties (Carta Blanca white rum vs OVD dark rum). These are distinct core products.
863,13152,2,2,100.0,NO,0.95,"Different brands (ASDA/Morrisons own-brand vs Fruit Shoot), different flavours (Apple & Pear/Apple vs Apple & Blackcurrant), different volumes (750ml vs 800ml),"
2200,10728,2,2,66.66666666666666,NO,0.95,"Different brands: Cluster A contains ASDA/own-brand triple distilled vodka, while Cluster B contains Sobieski and Fris branded vodkas. These are distinct produc"
2220,10953,2,2,62.5,NO,0.95,Different brands (JJ Whitley vs Glen's) and different varieties (Pink Lemonade flavoured vodka mix vs plain vodka). JJ Whitley is a flavoured spirit drink; Glen
862,13152,2,2,94.44444444444444,NO,0.95,"Different brands (ASDA/Morrisons own-brand vs Fruit Shoot), different volumes (750ml vs 800ml), different pack formats (cartons vs 4x200ml multipacks), differen"
883,13034,2,2,86.27450980392157,NO,0.95,"Different juice types: Cluster A is orange juice from concentrate; Cluster B is pink grapefruit juice, not from concentrate. Different varieties and processing "
848,11466,2,2,75.0,NO,0.95,"Different flavour varieties: Cluster A is Cranberry & Raspberry, Cluster B contains Cranberry (Morrison's) and Blueberry (Tesco). The flavours do not match acro"
821,11519,2,2,92.06349206349206,NO,0.95,"Cluster A contains 'Juice Drink' / 'Juice' products, while Cluster B contains 'Fruit Water' - these are different product types with different formulations and "
2395,11006,2,2,81.81818181818181,NO,0.95,Different brands and varieties. Cluster A contains own-brand blended malt scotches (ASDA and Sainsbury's); Cluster B contains Tamnavulin branded single malt she
2412,13391,2,2,70.58823529411765,NO,0.95,"Different products: Cluster A is Fino Sherry (wine fortified), Cluster B is Brandy in sherry cask (brandy spirit). Different varieties and different brands (ASD"
2455,10717,2,2,100.0,NO,0.95,"Different brands: Cluster A is Trapiche (branded wine), Cluster B is own-brand house Malbec from Morrisons/Sainsbury's. Same variety and volume but different co"
2426,10705,2,2,100.0,NO,0.95,"Cluster A is Barefoot Merlot (branded product), Cluster B is own-brand merlot from Morrisons/Sainsbury's. Different brands mean different core products."
2468,10705,2,2,100.0,NO,0.95,Cluster A is branded Apothic Merlot; Cluster B contains own-brand Merlot (Morrisons and Sainsbury's house brands). Different brands = different core products.
883,13033,2,2,70.96774193548387,NO,0.0,"api_error: Error code: 429 - {'type': 'error', 'error': {'type': 'rate_limit_error', 'message': ""This request w"
2281,10728,2,2,66.66666666666666,NO,0.99,"Different brands: Cluster A is Nemiroff (De Luxe Premium variant), Cluster B contains Sobieski and Fris (two different brands). Same volume (1000ml) does not ov"
2189,10935,2,2,75.86206896551724,NO,0.0,"api_error: Error code: 429 - {'type': 'error', 'error': {'type': 'rate_limit_error', 'message': ""This request w"
1881,11512,2,2,86.36363636363636,NO,0.0,"api_error: Error code: 429 - {'type': 'error', 'error': {'type': 'rate_limit_error', 'message': ""This request w"
2225,10934,2,2,100.0,YES,0.95,"Both clusters describe Malibu Original in 1000ml format. Cluster A uses abbreviated descriptions ('Liqueur', 'Original') while Cluster B provides fuller descrip"
2378,10996,2,2,83.63636363636364,NO,0.0,"api_error: Error code: 429 - {'type': 'error', 'error': {'type': 'rate_limit_error', 'message': ""This request w"
2290,10953,2,2,62.5,NO,0.0,"api_error: Error code: 429 - {'type': 'error', 'error': {'type': 'rate_limit_error', 'message': ""This request w"
2476,13139,2,2,68.0,NO,0.95,Different brands (McGuigan vs Sainsbury's/Tesco own-brand) and different regional origins (not specified vs Barossa/West Australian). McGuigan Zero is a specifi
2395,11011,2,2,81.81818181818181,NO,0.0,"api_error: Error code: 429 - {'type': 'error', 'error': {'type': 'rate_limit_error', 'message': ""This request w"
2502,13227,2,2,60.60606060606061,NO,0.99,"Different brands (Holsten Pils vs Asahi Super Dry), different varieties/flavours, different volumes (1750ml vs 1980ml), different pack formats (single bottle vs"
2426,10681,2,2,100.0,NO,0.0,"api_error: Error code: 429 - {'type': 'error', 'error': {'type': 'rate_limit_error', 'message': ""This request w"
2386,10950,2,2,60.60606060606061,NO,0.0,"api_error: Error code: 429 - {'type': 'error', 'error': {'type': 'rate_limit_error', 'message': ""This request w"
2532,10681,2,2,62.22222222222222,NO,0.95,"Different wine varieties: Cluster A contains Pinot Grigio (white wine), Cluster B contains Merlot and Malbec (red wines). Same brand and volume, but different c"
2395,11026,2,2,81.81818181818181,NO,0.0,"api_error: Error code: 429 - {'type': 'error', 'error': {'type': 'rate_limit_error', 'message': ""This request w"
2395,11032,2,2,81.81818181818181,NO,0.0,"api_error: Error code: 429 - {'type': 'error', 'error': {'type': 'rate_limit_error', 'message': ""This request w"
2412,13313,2,2,70.58823529411765,NO,0.0,"api_error: Error code: 429 - {'type': 'error', 'error': {'type': 'rate_limit_error', 'message': ""This request w"
2426,10828,2,2,78.57142857142857,NO,0.0,"api_error: Error code: 429 - {'type': 'error', 'error': {'type': 'rate_limit_error', 'message': ""This request w"
2555,10873,2,2,66.66666666666666,NO,0.95,Different brands (ASDA/Sainsbury's own-brand vs Compton Orchard) and different variety/flavour (Original/Original Dry vs Medium Dry). These are distinct product
2465,13139,2,2,60.0,NO,0.0,"api_error: Error code: 429 - {'type': 'error', 'error': {'type': 'rate_limit_error', 'message': ""This request w"
2570,10751,2,2,100.0,NO,0.95,Cluster A is Barefoot brand (named producer); Cluster B is own-brand (Morrisons/Sainsbury's house label). Different brands mean different core products.
2532,10828,2,2,76.19047619047619,NO,0.95,"Different varieties: Cluster A is Pinot Grigio (white wine), Cluster B is Rosé (pink wine). Same brand and volume, but different core products."
2473,10705,2,2,100.0,NO,0.0,"api_error: Error code: 429 - {'type': 'error', 'error': {'type': 'rate_limit_error', 'message': ""This request w"
2578,10828,2,2,76.19047619047619,NO,0.99,"Different wine varieties: Cluster A is Sauvignon Blanc (white wine) while Cluster B is Rose (rosé wine). Same brand and volume, but variety/flavour differs."
2539,10681,2,2,66.66666666666666,NO,0.99,"Different wine varieties: Cluster A is Pink Moscato (white/rosé), Cluster B contains Merlot and Malbec (red wines). These are distinct products."
2468,10973,2,2,60.0,NO,0.0,"api_error: Error code: 429 - {'type': 'error', 'error': {'type': 'rate_limit_error', 'message': ""This request w"
2485,10800,2,2,74.07407407407408,NO,0.0,"api_error: Error code: 429 - {'type': 'error', 'error': {'type': 'rate_limit_error', 'message': ""This request w"
2573,10789,2,2,100.0,YES,0.95,"Both clusters describe identical core product: Casillero del Diablo Pinot Grigio, 750ml, single bottle. Minor description variations ('White Wine' label in B) a"
2502,13302,2,2,74.07407407407408,NO,0.0,"api_error: Error code: 429 - {'type': 'error', 'error': {'type': 'rate_limit_error', 'message': ""This request w"
2502,13235,2,2,60.60606060606061,NO,0.0,"api_error: Error code: 429 - {'type': 'error', 'error': {'type': 'rate_limit_error', 'message': ""This request w"
2579,10751,2,2,66.66666666666666,NO,0.99,"Different wine varieties: Cluster A is Sauvignon Semillon (white blend), Cluster B is Cabernet Sauvignon (red). Different core products."
2502,13118,2,2,71.11111111111111,NO,0.0,"api_error: Error code: 429 - {'type': 'error', 'error': {'type': 'rate_limit_error', 'message': ""This request w"
2539,10828,2,2,76.19047619047619,NO,0.95,"Different varieties: 'Pink Moscato' vs 'Rose' are distinct wine styles/flavors. Pink Moscato is a sweet, sparkling white wine; Rose is a dry still rosé wine."
2538,13073,2,2,82.75862068965517,NO,0.0,"api_error: Error code: 429 - {'type': 'error', 'error': {'type': 'rate_limit_error', 'message': ""This request w"
7312,10994,2,2,70.0,NO,0.95,"Different brands: Cluster A is Nicolas Feuillatte (named brand), Cluster B is own-brand (Morrisons/Tesco). Different core products despite both being Premier Cr"
2538,13065,2,2,82.75862068965517,NO,0.0,"api_error: Error code: 429 - {'type': 'error', 'error': {'type': 'rate_limit_error', 'message': ""This request w"
2538,13067,2,2,82.75862068965517,NO,0.0,"api_error: Error code: 429 - {'type': 'error', 'error': {'type': 'rate_limit_error', 'message': ""This request w"
2570,10828,2,2,76.19047619047619,NO,0.0,"api_error: Error code: 429 - {'type': 'error', 'error': {'type': 'rate_limit_error', 'message': ""This request w"
6316,12006,2,2,64.86486486486487,NO,0.99,Different brands: Hell Energy vs Red Bull. Different varieties: Classic vs Zero. Same volume (250ml) is insufficient to merge when brand and flavour differ.
2570,10681,2,2,66.66666666666666,NO,0.0,"api_error: Error code: 429 - {'type': 'error', 'error': {'type': 'rate_limit_error', 'message': ""This request w"
7524,13368,2,2,60.714285714285715,NO,0.99,"Different wine varieties: Cluster A is Sauvignon Blanc (white wine), Cluster B is Cabernet Sauvignon (red wine). Different core products despite same volume."
6312,11523,2,2,74.50980392156863,NO,0.95,"Cluster A contains 'Juice Drink Cartons 6x250ml' (pack format specified), while Cluster B contains 'Concentrated Blackcurrant 1.5L' (concentrate product, not re"
7510,10681,2,2,66.66666666666666,NO,0.95,"Different wine varieties: Cluster A contains Moscato (white/pink wine), Cluster B contains Merlot and Malbec (red wines). Same brand and volume, but different c"
2578,10751,2,2,66.66666666666666,NO,0.0,"api_error: Error code: 429 - {'type': 'error', 'error': {'type': 'rate_limit_error', 'message': ""This request w"
2641,10828,2,2,61.53846153846154,NO,0.0,"api_error: Error code: 429 - {'type': 'error', 'error': {'type': 'rate_limit_error', 'message': ""This request w"
7539,13067,2,2,80.0,NO,0.95,"Different varieties: Cluster A is alcohol-free Pinot Grigio, Cluster B is Pinot Grigio Blush (rosé style). These are fundamentally different products despite bo"
3833,11986,2,2,73.46938775510205,NO,0.0,"api_error: Error code: 429 - {'type': 'error', 'error': {'type': 'rate_limit_error', 'message': ""This request w"
3822,13373,2,2,85.29411764705883,NO,0.0,"api_error: Error code: 429 - {'type': 'error', 'error': {'type': 'rate_limit_error', 'message': ""This request w"
6279,11523,2,2,74.50980392156863,NO,0.0,"api_error: Error code: 429 - {'type': 'error', 'error': {'type': 'rate_limit_error', 'message': ""This request w"
7527,13217,2,2,61.53846153846154,NO,0.95,"Different brands: Cluster A is 'Not Guilty' (alcohol-free rosé), Cluster B is 'Lanson' (traditional rosé wine). Not Guilty is specifically alcohol-free while La"
8279,13232,2,2,63.1578947368421,NO,0.99,"Different brands (ASDA/Morrisons own-brand vs Actiph branded), different variety (peach flavoured sparkling water vs alkaline ionised water), and different core"
6317,12006,2,2,72.0,NO,0.0,"api_error: Error code: 429 - {'type': 'error', 'error': {'type': 'rate_limit_error', 'message': ""This request w"
8209,13410,2,2,61.971830985915496,NO,0.98,Different brands (Buxton Brewery vs Badger Brewery) and different varieties (Axe Edge IPA vs Outland Hazy IPA). These are distinct products despite both being 4
7311,13218,2,2,78.26086956521739,NO,0.0,"api_error: Error code: 429 - {'type': 'error', 'error': {'type': 'rate_limit_error', 'message': ""This request w"
6296,13339,2,2,63.492063492063494,NO,0.0,"api_error: Error code: 429 - {'type': 'error', 'error': {'type': 'rate_limit_error', 'message': ""This request w"
7508,10697,2,2,100.0,NO,0.0,"api_error: Error code: 429 - {'type': 'error', 'error': {'type': 'rate_limit_error', 'message': ""This request w"
8279,13128,2,2,83.33333333333333,NO,0.99,"Different brands (ASDA/Morrisons own-brand vs Ocean Spray), different flavours (Peach vs Cranberry & Raspberry), different volumes (900ml/1071.4ml vs 1000ml)"
7510,10828,2,2,76.19047619047619,NO,0.0,"api_error: Error code: 429 - {'type': 'error', 'error': {'type': 'rate_limit_error', 'message': ""This request w"
7508,11015,2,2,100.0,NO,0.0,"api_error: Error code: 429 - {'type': 'error', 'error': {'type': 'rate_limit_error', 'message': ""This request w"
8367,10750,2,2,100.0,NO,0.95,"Cluster A is 'Wakefield Shiraz Cabernet' (branded blend), Cluster B contains 'Morrisons Shiraz' (own-brand) and 'Sainsbury's House Shiraz' (own-brand). Differen"
7539,13073,2,2,72.34042553191489,NO,0.95,Different brands (Not Guilty vs Yellow Tail) and different product types (alcohol-free vs regular Pinot Grigio). These are distinct core products despite both b
7530,10799,2,2,100.0,NO,0.0,"api_error: Error code: 429 - {'type': 'error', 'error': {'type': 'rate_limit_error', 'message': ""This request w"
13190,8279,2,2,60.0,NO,0.98,"Different brands (J2O vs ASDA/Morrisons own-brand), different flavours (Apple & Elderflower vs Peach), different volumes (1100ml vs 900ml/1071.4ml), different p"
350,9394,2,2,62.5,NO,0.95,"Different core products: Cluster A is mixed leaf salad (no dressing/toppings), Cluster B is Greek salad with feta (prepared salad with ingredients). Different v"
391,9465,2,2,60.869565217391305,NO,0.99,Cluster A contains potatoes; Cluster B contains milk. Completely different product categories.
7539,13065,2,2,69.38775510204081,NO,0.0,"api_error: Error code: 429 - {'type': 'error', 'error': {'type': 'rate_limit_error', 'message': ""This request w"
8246,13071,2,2,60.0,NO,0.0,"api_error: Error code: 429 - {'type': 'error', 'error': {'type': 'rate_limit_error', 'message': ""This request w"
8111,10968,2,2,100.0,NO,0.0,"api_error: Error code: 429 - {'type': 'error', 'error': {'type': 'rate_limit_error', 'message': ""This request w"
8279,13063,2,2,83.33333333333333,NO,0.0,"api_error: Error code: 429 - {'type': 'error', 'error': {'type': 'rate_limit_error', 'message': ""This request w"
8879,13065,2,2,72.72727272727272,NO,0.95,"Different varieties: Cluster A contains standard Pinot Grigio (white), while Cluster B contains Pinot Grigio Blush (rosé). These are distinct flavour profiles a"
8279,13200,2,2,60.0,NO,0.0,"api_error: Error code: 429 - {'type': 'error', 'error': {'type': 'rate_limit_error', 'message': ""This request w"
8879,13073,2,2,72.72727272727272,NO,0.95,Different brands: Cluster A contains Nice Drop and Morrisons The Best (own-brand); Cluster B contains Yellow Tail. Same variety (Pinot Grigio) and volume (750ml
8766,11970,2,2,86.95652173913044,NO,0.0,"api_error: Error code: 429 - {'type': 'error', 'error': {'type': 'rate_limit_error', 'message': ""This request w"
762,9418,2,2,66.66666666666666,NO,0.98,"Different product categories: Cluster A is a soft drink beverage (500ml), Cluster B is a baked tart/pastry product (430-450g). Same lemon flavour is insufficien"
8767,11970,2,2,71.7948717948718,NO,0.0,"api_error: Error code: 429 - {'type': 'error', 'error': {'type': 'rate_limit_error', 'message': ""This request w"
10811,2395,2,2,81.81818181818181,NO,0.0,"api_error: Error code: 429 - {'type': 'error', 'error': {'type': 'rate_limit_error', 'message': ""This request w"
8767,10681,2,2,64.0,NO,0.0,"api_error: Error code: 429 - {'type': 'error', 'error': {'type': 'rate_limit_error', 'message': ""This request w"
715,9271,2,2,61.53846153846154,NO,0.95,"Different core products: Cluster A is breaded chicken bites, Cluster B is battered cod bites. The protein/flavour is fundamentally different (chicken vs cod), s"
611,9544,2,2,66.66666666666666,NO,0.95,"Different products: Cluster A is Munch Bunch Squashums yogurt; Cluster B is blackcurrant cheesecakes. Different brands, different product categories (yogurt vs."
8879,13067,2,2,80.0,NO,0.0,"api_error: Error code: 429 - {'type': 'error', 'error': {'type': 'rate_limit_error', 'message': ""This request w"
568,14012,2,2,60.0,NO,0.95,"Different brands (McVitie's BN vs Sainsbury's/Tesco own-brand), different products (biscuits vs scones), different weights (160g vs 140g), different pack counts"
13131,2502,2,2,60.60606060606061,NO,0.0,"api_error: Error code: 429 - {'type': 'error', 'error': {'type': 'rate_limit_error', 'message': ""This request w"
8367,10751,2,2,61.53846153846154,NO,0.0,"api_error: Error code: 429 - {'type': 'error', 'error': {'type': 'rate_limit_error', 'message': ""This request w"
3251,13675,2,2,63.63636363636363,NO,0.95,"Different brands (Lancashire Farm vs Fage), different product types (natural yogurt vs Greek recipe strained yogurt), and different weights (1000g vs 950g). The"
377,13609,2,2,61.53846153846154,NO,0.0,"api_error: Error code: 429 - {'type': 'error', 'error': {'type': 'rate_limit_error', 'message': ""This request w"
3351,9514,2,2,80.64516129032258,NO,0.95,"Different flavour profiles: Cluster A is a multipack with Mango, Strawberry, Kiwi & Apricot variety mix, while Cluster B is Strawberry/Red Fruit only. These are"
582,13812,2,2,68.29268292682927,NO,0.0,"api_error: Error code: 429 - {'type': 'error', 'error': {'type': 'rate_limit_error', 'message': ""This request w"
3245,13755,2,2,74.07407407407408,NO,0.99,Different product types: Cluster A is yogurt; Cluster B is cheesecake dessert. Different brands (ASDA/Morrisons own-brand vs Gü). Different formats and core pro
715,9407,2,2,63.63636363636363,NO,0.0,"api_error: Error code: 429 - {'type': 'error', 'error': {'type': 'rate_limit_error', 'message': ""This request w"
608,9319,2,2,61.53846153846154,NO,0.0,"api_error: Error code: 429 - {'type': 'error', 'error': {'type': 'rate_limit_error', 'message': ""This request w"
1818,9473,2,2,100.0,NO,0.95,"Cluster A is Kubus brand multi-fruit juice (apple, banana, peach, carrot) at 850ml. Cluster B contains two different products: Morrisons Savers single-variety a"
759,13797,2,2,66.66666666666666,NO,0.0,"api_error: Error code: 429 - {'type': 'error', 'error': {'type': 'rate_limit_error', 'message': ""This request w"
3355,9530,2,2,78.57142857142857,NO,0.95,"Cluster A contains 5 specific flavours (Rhubarb, Prune, Fig, Blackberry & Strawberry). Cluster B describes Rhubarb with 'Mixed Fruit' or 'Mixed Fruit' generic d"
2145,13797,2,2,75.0,NO,0.0,"api_error: Error code: 429 - {'type': 'error', 'error': {'type': 'rate_limit_error', 'message': ""This request w"
3355,9514,2,2,80.64516129032258,NO,0.95,"Different flavour profiles: Cluster A is a 5-flavour multipack (Rhubarb, Prune, Fig, Blackberry & Strawberry), while Cluster B is a single Strawberry/Red Fruit "
3422,11766,2,2,71.42857142857143,NO,0.99,"Cluster A is Biotiful Gut Health Kids Kefir (branded, drinkable kefir product), while Cluster B is Strawberry Trifles (dessert). Different product categories, d"
2145,13778,2,2,60.869565217391305,NO,0.0,"api_error: Error code: 429 - {'type': 'error', 'error': {'type': 'rate_limit_error', 'message': ""This request w"
3363,9530,2,2,64.36781609195403,NO,0.95,"Different flavours: Cluster A is Strawberry/Raspberry/Cherry/Blueberry, Cluster B is Rhubarb/Mixed Fruit. Despite similar weights and pack counts, the core prod"
2045,9323,2,2,69.23076923076923,NO,0.0,"api_error: Error code: 429 - {'type': 'error', 'error': {'type': 'rate_limit_error', 'message': ""This request w"
3245,14012,2,2,74.07407407407408,NO,0.0,"api_error: Error code: 429 - {'type': 'error', 'error': {'type': 'rate_limit_error', 'message': ""This request w"
3251,13743,2,2,100.0,NO,0.0,"api_error: Error code: 429 - {'type': 'error', 'error': {'type': 'rate_limit_error', 'message': ""This request w"
3481,9656,2,2,82.1917808219178,NO,0.95,"Different flavours: Cluster A is White Chocolate & Honeycomb, Cluster B is Vanilla & Lotus. Different weights: A is 214g, B is 210-225g. Different pack counts: "
3317,11766,2,2,71.42857142857143,NO,0.0,"api_error: Error code: 429 - {'type': 'error', 'error': {'type': 'rate_limit_error', 'message': ""This request w"
3272,11797,2,2,60.0,NO,0.0,"api_error: Error code: 429 - {'type': 'error', 'error': {'type': 'rate_limit_error', 'message': ""This request w"
3351,9524,2,2,80.64516129032258,NO,0.0,"api_error: Error code: 429 - {'type': 'error', 'error': {'type': 'rate_limit_error', 'message': ""This request w"
3529,11570,2,2,63.63636363636363,NO,0.95,Different varieties: Cluster A is plain roast chicken breast fillets; Cluster B is 'Hunters Chicken' (a specific flavored dish). Different pack counts (4 vs 2 f
3355,9524,2,2,80.64516129032258,NO,0.0,"api_error: Error code: 429 - {'type': 'error', 'error': {'type': 'rate_limit_error', 'message': ""This request w"
3467,9664,2,2,68.9655172413793,NO,0.95,Different brands (Barebells vs Yazoo) and different volumes (330ml vs 300ml). These are distinct products.
3351,9530,2,2,66.66666666666666,NO,0.0,"api_error: Error code: 429 - {'type': 'error', 'error': {'type': 'rate_limit_error', 'message': ""This request w"
3893,9460,2,2,63.1578947368421,NO,0.95,"Different product types: Cluster A is soft cheese (spread-like), Cluster B is cheese slices (pre-sliced). Different varieties, weights, and pack formats."
3363,9524,2,2,80.64516129032258,NO,0.0,"api_error: Error code: 429 - {'type': 'error', 'error': {'type': 'rate_limit_error', 'message': ""This request w"
3919,9394,2,2,76.92307692307692,NO,0.95,"Cluster A is Barrel Aged Feta (flavoured/aged variety), while Cluster B is Greek Salad Feta (different product type/preparation). Different core products despit"
3378,13643,2,2,60.0,NO,0.0,"api_error: Error code: 429 - {'type': 'error', 'error': {'type': 'rate_limit_error', 'message': ""This request w"
3363,9514,2,2,80.64516129032258,NO,0.0,"api_error: Error code: 429 - {'type': 'error', 'error': {'type': 'rate_limit_error', 'message': ""This request w"
5098,11797,2,2,63.768115942028984,NO,0.95,"Different brands (Nomadic vs Morrisons/Sainsbury's), different flavours (Mango Lassi vs Mango Papaya & Passionfruit), different weights (500ml vs 450g), and dif"
5144,9610,2,2,64.15094339622641,NO,0.95,Different brands (Emmi vs Coffee Co/Barista Coffee Co) and different volumes (230ml vs 250ml). Emmi is a Swiss dairy brand; Coffee Co/Barista are distinct brand
3448,13718,2,2,62.745098039215684,NO,0.0,"api_error: Error code: 429 - {'type': 'error', 'error': {'type': 'rate_limit_error', 'message': ""This request w"
3408,13673,2,2,81.25,NO,0.0,"api_error: Error code: 429 - {'type': 'error', 'error': {'type': 'rate_limit_error', 'message': ""This request w"
5225,9564,2,2,63.492063492063494,NO,0.95,Different brands (Califia Farms vs Minor Figures) and different varieties (Original vs Barista Standard). Core products are not identical.
3471,13812,2,2,62.5,NO,0.0,"api_error: Error code: 429 - {'type': 'error', 'error': {'type': 'rate_limit_error', 'message': ""This request w"
3529,9602,2,2,68.42105263157895,NO,0.0,"api_error: Error code: 429 - {'type': 'error', 'error': {'type': 'rate_limit_error', 'message': ""This request w"
5484,13767,2,2,64.70588235294117,NO,0.95,"Different core products: Cluster A is BBQ Chicken Pizza (455-475g), Cluster B is Chicken Ham Hock & Leek Pie (500g). Different product types, flavours, and weig"
3514,9460,2,2,63.1578947368421,NO,0.0,"api_error: Error code: 429 - {'type': 'error', 'error': {'type': 'rate_limit_error', 'message': ""This request w"
3505,9488,2,2,64.70588235294117,NO,0.0,"api_error: Error code: 429 - {'type': 'error', 'error': {'type': 'rate_limit_error', 'message': ""This request w"
4018,13666,2,2,63.1578947368421,NO,0.99,"Different varieties: Cluster A is Red Thai Infused Salmon, Cluster B is Scampi. Same weight (220g) and brand (Young's) but fundamentally different products."
3588,13696,2,2,70.58823529411765,NO,0.0,"api_error: Error code: 429 - {'type': 'error', 'error': {'type': 'rate_limit_error', 'message': ""This request w"
6823,9327,2,2,66.66666666666666,NO,0.95,Cluster A is Chicken Madras (spiced curry). Cluster B contains Chicken & Mushroom Cumberland Pie and Chicken Madeira & Mushroom Rice - different dishes with dif
3945,9460,2,2,63.1578947368421,NO,0.98,"Different core products: Cluster A is vegan/plant-based cheese blocks (280g), Cluster B is dairy cheese slices (250-255g, 15 slices). Different brands (Cathedra"
3966,9580,2,2,63.1578947368421,NO,0.0,"api_error: Error code: 429 - {'type': 'error', 'error': {'type': 'rate_limit_error', 'message': ""This request w"
6863,9407,2,2,63.63636363636363,NO,0.95,"Different product types: Cluster A is Chicken Tikka Samosas (4 pack), Cluster B is Chicken Poppers (20 pack). Different varieties, different pack counts, differ"
3989,9460,2,2,63.1578947368421,NO,0.0,"api_error: Error code: 429 - {'type': 'error', 'error': {'type': 'rate_limit_error', 'message': ""This request w"
5054,12101,2,2,61.111111111111114,NO,0.0,"api_error: Error code: 429 - {'type': 'error', 'error': {'type': 'rate_limit_error', 'message': ""This request w"
5144,9585,2,2,70.27027027027027,NO,0.95,Different brands (Emmi vs Coffee Co) and different volumes (230ml vs 250ml). Both brand and volume must match for core product identity.
4030,13693,2,2,60.0,NO,0.0,"api_error: Error code: 429 - {'type': 'error', 'error': {'type': 'rate_limit_error', 'message': ""This request w"
7941,13825,2,2,61.016949152542374,NO,0.95,"Cluster A is raw diced chicken breast (450g), Cluster B is a ready meal with satay sauce and jasmine rice (400g). Different product types, different weights, di"
6851,13825,2,2,68.75,NO,0.95,"Different flavours (Tikka vs Satay), different rice types (Basmati vs Jasmine), different weights (375g vs 400g)"
5484,13810,2,2,64.70588235294117,NO,0.0,"api_error: Error code: 429 - {'type': 'error', 'error': {'type': 'rate_limit_error', 'message': ""This request w"
5484,13835,2,2,64.70588235294117,NO,0.0,"api_error: Error code: 429 - {'type': 'error', 'error': {'type': 'rate_limit_error', 'message': ""This request w"
5484,13739,2,2,64.70588235294117,NO,0.0,"api_error: Error code: 429 - {'type': 'error', 'error': {'type': 'rate_limit_error', 'message': ""This request w"
8014,9384,2,2,62.857142857142854,NO,0.95,"Different core products: Cluster A is beef koftas/kebabs (x6 pack, ~350-360g), Cluster B is chilli & rice dishes (375-400g). Different product types, formats, a"
6804,13788,2,2,60.97560975609756,NO,0.0,"api_error: Error code: 429 - {'type': 'error', 'error': {'type': 'rate_limit_error', 'message': ""This request w"
6823,11937,2,2,82.35294117647058,NO,0.0,"api_error: Error code: 429 - {'type': 'error', 'error': {'type': 'rate_limit_error', 'message': ""This request w"
8265,11565,2,2,66.66666666666666,NO,0.98,"Different core products: Cluster A is chicken sausages (340g), Cluster B is pork sausages with different flavours (400g). Different meat types, different weight"
8301,11570,2,2,68.9655172413793,NO,0.95,Different varieties (Chicken Parmigiana & Tagine vs Hunters Chicken) and different weights (500g vs 425-470g). These are distinct products.
6851,13773,2,2,67.64705882352942,NO,0.0,"api_error: Error code: 429 - {'type': 'error', 'error': {'type': 'rate_limit_error', 'message': ""This request w"
6851,13739,2,2,65.3061224489796,NO,0.0,"api_error: Error code: 429 - {'type': 'error', 'error': {'type': 'rate_limit_error', 'message': ""This request w"
8772,9428,2,2,63.63636363636363,NO,0.95,"Different core products: Cluster A contains nuggets (breaded chicken/plant-based pieces), Cluster B contains katsu rolls (rolled/formed katsu-style product). Di"
6823,11555,2,2,66.66666666666666,NO,0.0,"api_error: Error code: 429 - {'type': 'error', 'error': {'type': 'rate_limit_error', 'message': ""This request w"
6851,14243,2,2,64.51612903225806,NO,0.0,"api_error: Error code: 429 - {'type': 'error', 'error': {'type': 'rate_limit_error', 'message': ""This request w"
8674,11570,2,2,63.63636363636363,NO,0.95,"Different core products: Cluster A is chicken nuggets (breaded/battered pieces), Cluster B is Hunters Chicken (a prepared dish/meal). Different varieties, diffe"
6909,9651,2,2,100.0,NO,0.0,"api_error: Error code: 429 - {'type': 'error', 'error': {'type': 'rate_limit_error', 'message': ""This request w"
1020,12406,2,2,63.1578947368421,NO,0.99,"Different products: Cluster A is arrowroot (Dr. Oetker brand), Cluster B is nutmeg (different spice, different brands across SMs). Different varieties and diffe"
6909,9380,2,2,80.85106382978724,NO,0.0,"api_error: Error code: 429 - {'type': 'error', 'error': {'type': 'rate_limit_error', 'message': ""This request w"
6911,9433,2,2,60.60606060606061,NO,0.0,"api_error: Error code: 429 - {'type': 'error', 'error': {'type': 'rate_limit_error', 'message': ""This request w"
7903,13677,2,2,100.0,NO,0.0,"api_error: Error code: 429 - {'type': 'error', 'error': {'type': 'rate_limit_error', 'message': ""This request w"
8265,9597,2,2,60.869565217391305,NO,0.95,"Cluster A is chicken sausages (6-pack, 340g); Cluster B is crispy lemon chicken (prepared dish, 340-350g). Different product types and varieties - sausages vs. "
8005,9504,2,2,73.6842105263158,NO,0.0,"api_error: Error code: 429 - {'type': 'error', 'error': {'type': 'rate_limit_error', 'message': ""This request w"
8012,9667,2,2,60.0,NO,0.0,"api_error: Error code: 429 - {'type': 'error', 'error': {'type': 'rate_limit_error', 'message': ""This request w"
8929,12034,2,2,62.06896551724138,NO,0.95,"Cluster A contains breaded, cooked garlic mushrooms (prepared/processed food); Cluster B contains raw closed cup mushrooms. Different product types - one is a p"
1122,10073,2,2,66.66666666666666,NO,0.95,"Cluster A contains pastry cases and cheese straws (baked pastry products), while Cluster B contains cheese curls (likely puffed/fried snacks). These are fundame"
8265,11607,2,2,66.66666666666666,NO,0.0,"api_error: Error code: 429 - {'type': 'error', 'error': {'type': 'rate_limit_error', 'message': ""This request w"
1213,10623,2,2,71.7948717948718,NO,0.99,"Different core products: Cluster A is pure maple syrup (250g); Cluster B is maple chilli jam (284-285ml). Different flavour profiles, different product categori"
8058,11570,2,2,63.63636363636363,NO,0.0,"api_error: Error code: 429 - {'type': 'error', 'error': {'type': 'rate_limit_error', 'message': ""This request w"
8265,11605,2,2,66.66666666666666,NO,0.0,"api_error: Error code: 429 - {'type': 'error', 'error': {'type': 'rate_limit_error', 'message': ""This request w"
1354,10016,2,2,77.77777777777777,NO,0.95,"Different rice varieties: Cluster A is Long Grain White Rice, Cluster B is Basmati Rice. These are distinct product types with different characteristics, cookin"
8301,9602,2,2,66.66666666666666,NO,0.0,"api_error: Error code: 429 - {'type': 'error', 'error': {'type': 'rate_limit_error', 'message': ""This request w"
1212,9839,2,2,62.5,NO,0.95,Cluster A is salted butter (250g); Cluster B is bread & butter pudding/bread pudding (ready-made dessert). Different core products entirely - one is a dairy ing
1564,11880,2,2,61.53846153846154,NO,0.95,"Different core products: Cluster A is McVitie's Jaffa Cakes (chocolate-covered sponge cakes), Cluster B is Digestive Biscuits (plain biscuits). These are fundam"
8929,9327,2,2,62.5,NO,0.0,"api_error: Error code: 429 - {'type': 'error', 'error': {'type': 'rate_limit_error', 'message': ""This request w"
13813,6851,2,2,63.1578947368421,NO,0.0,"api_error: Error code: 429 - {'type': 'error', 'error': {'type': 'rate_limit_error', 'message': ""This request w"
13821,6851,2,2,64.51612903225806,NO,0.0,"api_error: Error code: 429 - {'type': 'error', 'error': {'type': 'rate_limit_error', 'message': ""This request w"
1143,11728,2,2,63.63636363636363,NO,0.95,"Different flour varieties: Cluster A is plain flour, Cluster B is brown flour. Despite identical weight (1500g), the flour type/variety is fundamentally differe"
1126,10091,2,2,60.0,NO,0.0,"api_error: Error code: 429 - {'type': 'error', 'error': {'type': 'rate_limit_error', 'message': ""This request w"
1126,11412,2,2,60.0,NO,0.0,"api_error: Error code: 429 - {'type': 'error', 'error': {'type': 'rate_limit_error', 'message': ""This request w"
1141,12654,2,2,64.86486486486487,NO,0.0,"api_error: Error code: 429 - {'type': 'error', 'error': {'type': 'rate_limit_error', 'message': ""This request w"
1330,10330,2,2,62.22222222222222,NO,0.99,"Different brands (Batchelors vs Morrisons/Tesco own-brand), different flavours (Japanese Katsu Curry vs BBQ Beef), different weights (90g vs 85g)"
1500,10654,2,2,62.06896551724138,NO,0.95,"Different brands (Fox's vs Morrisons/Tesco), different products (biscuits vs icing), different weights (130g vs 120g), different core items"
1157,11728,2,2,62.5,NO,0.0,"api_error: Error code: 429 - {'type': 'error', 'error': {'type': 'rate_limit_error', 'message': ""This request w"
1172,12082,2,2,66.66666666666666,NO,0.95,Different brands (Betty Crocker vs Morrisons/Sainsbury's own-brand) and different product types (Betty Crocker is a flavoured icing/glaze; Morrisons/Sainsbury's
1156,10348,2,2,100.0,NO,0.0,"api_error: Error code: 429 - {'type': 'error', 'error': {'type': 'rate_limit_error', 'message': ""This request w"
1765,9248,2,2,61.29032258064516,NO,0.95,"Different brands (Mrs Crimble vs Jacob's), different product types (macaroons vs mikado biscuits), different weights (190-195g vs 175-176g), different pack coun"
3690,12859,2,2,95.23809523809524,NO,0.95,"Different cereal varieties: Cluster A is Corn Flakes, Cluster B contains both Bran Flakes (Sainsbury's) and Cornflakes (Tesco). Bran Flakes is a distinct produc"
1504,12105,2,2,63.63636363636363,NO,0.0,"api_error: Error code: 429 - {'type': 'error', 'error': {'type': 'rate_limit_error', 'message': ""This request w"
1371,13980,2,2,66.66666666666666,NO,0.0,"api_error: Error code: 429 - {'type': 'error', 'error': {'type': 'rate_limit_error', 'message': ""This request w"
3634,10307,2,2,60.60606060606061,NO,0.99,"Different core products: Cluster A is a strawberry crisp cereal (breakfast cereal), Cluster B is strawberry jam (preserve/condiment). Different product categori"
1965,12970,2,2,63.888888888888886,NO,0.99,"Cluster A contains instant noodles (Wai Wai, Vifon brands); Cluster B contains stock cubes (Telma brand). Completely different product categories and formats."
1582,10654,2,2,62.06896551724138,NO,0.0,"api_error: Error code: 429 - {'type': 'error', 'error': {'type': 'rate_limit_error', 'message': ""This request w"
3796,10475,2,2,61.904761904761905,NO,0.99,"Different core products: Cluster A is granola (dry cereal), Cluster B is protein shake (beverage). Different product categories, formats, and purposes."
1611,9162,2,2,70.0,NO,0.0,"api_error: Error code: 429 - {'type': 'error', 'error': {'type': 'rate_limit_error', 'message': ""This request w"
1649,12769,2,2,66.66666666666666,NO,0.0,"api_error: Error code: 429 - {'type': 'error', 'error': {'type': 'rate_limit_error', 'message': ""This request w"
1631,12621,2,2,64.0,NO,0.0,"api_error: Error code: 429 - {'type': 'error', 'error': {'type': 'rate_limit_error', 'message': ""This request w"
1706,11345,2,2,75.0,NO,0.0,"api_error: Error code: 429 - {'type': 'error', 'error': {'type': 'rate_limit_error', 'message': ""This request w"
3804,11774,2,2,69.23076923076923,NO,0.99,Cluster A is a Grenade-branded protein bar (60g). Cluster B is chocolate dusting/sugar dusting (70g+). Different product categories entirely - one is a nutritio
1706,10638,2,2,77.77777777777777,NO,0.0,"api_error: Error code: 429 - {'type': 'error', 'error': {'type': 'rate_limit_error', 'message': ""This request w"
1725,9811,2,2,73.17073170731707,NO,0.0,"api_error: Error code: 429 - {'type': 'error', 'error': {'type': 'rate_limit_error', 'message': ""This request w"
4052,12584,2,2,62.5,NO,0.95,"Different product varieties: Cluster A is Pizza Sauce Base, Cluster B is Spaghetti Hoops. Although both are Heinz branded and 400g, they are fundamentally diffe"
1770,12234,2,2,62.5,NO,0.0,"api_error: Error code: 429 - {'type': 'error', 'error': {'type': 'rate_limit_error', 'message': ""This request w"
3710,11774,2,2,69.23076923076923,NO,0.99,"Different brands and product types. Cluster A is Battle Bites Dynabar high protein bars (branded, ~61g). Cluster B is chocolate dusting products from own-brand "
4079,12144,2,2,70.58823529411765,NO,0.99,"Different core products: Cluster A is tomato soup, Cluster B is tomato ketchup. Different product categories and varieties."
3650,9838,2,2,62.22222222222222,NO,0.0,"api_error: Error code: 429 - {'type': 'error', 'error': {'type': 'rate_limit_error', 'message': ""This request w"
3669,9838,2,2,77.19298245614036,NO,0.0,"api_error: Error code: 429 - {'type': 'error', 'error': {'type': 'rate_limit_error', 'message': ""This request w"
3671,12859,2,2,70.58823529411765,NO,0.0,"api_error: Error code: 429 - {'type': 'error', 'error': {'type': 'rate_limit_error', 'message': ""This request w"
4092,12181,2,2,61.53846153846154,NO,0.99,"Different core products: Cluster A is sweetcorn in water, Cluster B is baby carrots in water. Different vegetables, different varieties."
4052,12265,2,2,78.57142857142857,NO,0.95,"Different products: Cluster A is pizza sauce base (400g), Cluster B is baked beans in tomato sauce (415g). Different varieties, different purposes, different we"
3754,12698,2,2,60.869565217391305,NO,0.0,"api_error: Error code: 429 - {'type': 'error', 'error': {'type': 'rate_limit_error', 'message': ""This request w"
4096,10126,2,2,60.46511627906977,NO,0.99,"Different flavours: Cluster A is Pea & Ham soup (Heinz brand), Cluster B is Lentil & Bacon soup (own-brand). These are distinct product varieties."
3774,10159,2,2,66.66666666666666,NO,0.0,"api_error: Error code: 429 - {'type': 'error', 'error': {'type': 'rate_limit_error', 'message': ""This request w"
3712,11774,2,2,69.23076923076923,NO,0.0,"api_error: Error code: 429 - {'type': 'error', 'error': {'type': 'rate_limit_error', 'message': ""This request w"
3784,9152,2,2,61.53846153846154,NO,0.0,"api_error: Error code: 429 - {'type': 'error', 'error': {'type': 'rate_limit_error', 'message': ""This request w"
4111,12852,2,2,100.0,NO,0.95,Cluster A lists 'Chicken Broth' while Cluster B lists 'Chicken Broth Soup' - different product varieties/names despite identical weight and brand.
3800,12755,2,2,64.1025641025641,NO,0.0,"api_error: Error code: 429 - {'type': 'error', 'error': {'type': 'rate_limit_error', 'message': ""This request w"
4109,12846,2,2,66.66666666666666,NO,0.99,"Cluster A is Heinz Beef Broth Soup (400g); Cluster B is Chunky Chips (450g). Completely different products - different brands, different categories (soup vs chi"
4052,12144,2,2,78.57142857142857,NO,0.0,"api_error: Error code: 429 - {'type': 'error', 'error': {'type': 'rate_limit_error', 'message': ""This request w"
4129,10211,2,2,100.0,NO,0.95,"Cluster A specifies 'Organic' and 'Concentrated Tomato Juice' across both products, while Cluster B contains one organic (Morrisons) and one non-organic (Tesco "
4074,10211,2,2,66.66666666666666,NO,0.0,"api_error: Error code: 429 - {'type': 'error', 'error': {'type': 'rate_limit_error', 'message': ""This request w"
4079,12392,2,2,70.58823529411765,NO,0.0,"api_error: Error code: 429 - {'type': 'error', 'error': {'type': 'rate_limit_error', 'message': ""This request w"
4067,10211,2,2,100.0,NO,0.0,"api_error: Error code: 429 - {'type': 'error', 'error': {'type': 'rate_limit_error', 'message': ""This request w"
4109,12302,2,2,74.07407407407408,NO,0.95,"Different soup varieties: Cluster A is Beef Broth (chunky), Cluster B is Scotch Broth. These are distinct flavours/types and should not merge."
4079,12913,2,2,70.58823529411765,NO,0.0,"api_error: Error code: 429 - {'type': 'error', 'error': {'type': 'rate_limit_error', 'message': ""This request w"
4079,12265,2,2,70.58823529411765,NO,0.0,"api_error: Error code: 429 - {'type': 'error', 'error': {'type': 'rate_limit_error', 'message': ""This request w"
4138,12846,2,2,66.66666666666666,NO,0.99,"Cluster A is chicken in white sauce (~400g); Cluster B is chunky chips (~450g). Completely different products - different core ingredients, different varieties,"
4109,12852,2,2,86.48648648648648,NO,0.99,"Different flavour: Cluster A is Beef Broth while Cluster B is Chicken Broth. Same brand, weight, and pack count, but flavour variation means they are distinct c"
4092,12343,2,2,61.53846153846154,NO,0.0,"api_error: Error code: 429 - {'type': 'error', 'error': {'type': 'rate_limit_error', 'message': ""This request w"
4104,10413,2,2,62.5,NO,0.0,"api_error: Error code: 429 - {'type': 'error', 'error': {'type': 'rate_limit_error', 'message': ""This request w"
4149,12886,2,2,61.53846153846154,NO,0.95,"Different core products: Cluster A is beef stew (prepared dish), Cluster B is corned beef (cured meat product). Different brands (ASDA/Morrisons own-brand vs Gr"
4209,12407,2,2,93.02325581395348,NO,0.95,Different flavour varieties: Cluster A is 'Mexican Style' while Cluster B mixes 'Mediterranean Style' (Sainsbury's) and 'Mexican Style' (Tesco). Cluster B also 
4109,12584,2,2,62.5,NO,0.0,"api_error: Error code: 429 - {'type': 'error', 'error': {'type': 'rate_limit_error', 'message': ""This request w"
4125,9818,2,2,80.95238095238095,NO,0.95,"Different tomato varieties: Cluster A is chopped tomatoes with herbs, Cluster B is peeled plum tomatoes. These are distinct products with different processing a"
4111,12584,2,2,62.5,NO,0.0,"api_error: Error code: 429 - {'type': 'error', 'error': {'type': 'rate_limit_error', 'message': ""This request w"
4180,12674,2,2,64.86486486486487,YES,0.95,"Both clusters contain green lentils in 500g packs. Cluster A has branded products (TRS, Cypressa), Cluster B has own-brand products (Sainsbury's, Tesco). The co"
4128,9839,2,2,70.0,NO,0.0,"api_error: Error code: 429 - {'type': 'error', 'error': {'type': 'rate_limit_error', 'message': ""This request w"
4222,12484,2,2,60.97560975609756,NO,0.95,Different product lines: Cluster A is 'Infusions' (Sundried Tomato) while Cluster B is 'Spreadables' (Mayonnaise Corn). These are distinct varieties despite sam
4131,12265,2,2,87.5,NO,0.0,"api_error: Error code: 429 - {'type': 'error', 'error': {'type': 'rate_limit_error', 'message': ""This request w"
4209,12424,2,2,83.11688311688312,NO,0.95,"Different flavours: Cluster A is Mexican Style Tuna Salad, Cluster B is French Style Tuna Salad. These are distinct varieties that should not be merged."
4131,12392,2,2,75.0,NO,0.0,"api_error: Error code: 429 - {'type': 'error', 'error': {'type': 'rate_limit_error', 'message': ""This request w"
4131,12144,2,2,69.23076923076923,NO,0.0,"api_error: Error code: 429 - {'type': 'error', 'error': {'type': 'rate_limit_error', 'message': ""This request w"
4131,12584,2,2,62.5,NO,0.0,"api_error: Error code: 429 - {'type': 'error', 'error': {'type': 'rate_limit_error', 'message': ""This request w"
4467,12144,2,2,74.28571428571428,NO,0.95,"Different varieties: Cluster A is 'Pickle Flavour' (400ml), Cluster B is 'Top Down' standard ketchup (460g). Different flavours and different sizes."
4138,12265,2,2,61.224489795918366,NO,0.0,"api_error: Error code: 429 - {'type': 'error', 'error': {'type': 'rate_limit_error', 'message': ""This request w"
4177,10659,2,2,61.76470588235294,NO,0.0,"api_error: Error code: 429 - {'type': 'error', 'error': {'type': 'rate_limit_error', 'message': ""This request w"
4177,9825,2,2,60.60606060606061,NO,0.0,"api_error: Error code: 429 - {'type': 'error', 'error': {'type': 'rate_limit_error', 'message': ""This request w"
4177,10426,2,2,62.5,NO,0.0,"api_error: Error code: 429 - {'type': 'error', 'error': {'type': 'rate_limit_error', 'message': ""This request w"
4472,9997,2,2,66.66666666666666,NO,0.99,"Different products: Cluster A is mint sauce (own-brand across SMs, 250-270ml), Cluster B is Schwartz hollandaise sauce (branded, 300g). Different flavours, diff"
4178,9264,2,2,61.53846153846154,NO,0.0,"api_error: Error code: 429 - {'type': 'error', 'error': {'type': 'rate_limit_error', 'message': ""This request w"
4472,9211,2,2,66.66666666666666,NO,0.99,"Different core products: Cluster A is mint sauce (condiment), Cluster B is herrings in cream sauce (preserved fish). Different brands (ASDA/Sainsbury's vs Lisne"
4523,9765,2,2,65.3061224489796,NO,0.99,Different brands (Sauce Shop vs Blue Dragon) and different product types (hot sauce vs soy sauce). Not the same core product.
4209,14158,2,2,93.02325581395348,NO,0.0,"api_error: Error code: 429 - {'type': 'error', 'error': {'type': 'rate_limit_error', 'message': ""This request w"
4479,12577,2,2,100.0,NO,0.95,"Different sizes: Cluster A is 350g, Cluster B is 300ml. Despite both being Bull's-Eye Original BBQ Sauce, the weight/volume mismatch disqualifies them as the sa"
4475,10659,2,2,90.9090909090909,NO,0.95,"Cluster A is 'Reduced Sugar' variant while Cluster B is 'Light' variant. These are different product formulations/varieties, even though both are sweet chilli s"
4418,9894,2,2,100.0,NO,0.0,"api_error: Error code: 429 - {'type': 'error', 'error': {'type': 'rate_limit_error', 'message': ""This request w"
4467,12392,2,2,100.0,NO,0.0,"api_error: Error code: 429 - {'type': 'error', 'error': {'type': 'rate_limit_error', 'message': ""This request w"
4425,10417,2,2,80.0,NO,0.0,"api_error: Error code: 429 - {'type': 'error', 'error': {'type': 'rate_limit_error', 'message': ""This request w"
4659,12623,2,2,100.0,NO,0.95,"Different brands (Schwartz vs Sainsbury's/Tesco own-brand) and different weights (35g vs 37-40g). Core product is the same (ground cloves), but packaging/brand "
4677,12623,2,2,63.1578947368421,NO,0.99,"Different spices: Cluster A is fenugreek, Cluster B is cloves. Different variety/flavour means they are not the same core product."
4249,12150,2,2,73.46938775510205,NO,0.0,"api_error: Error code: 429 - {'type': 'error', 'error': {'type': 'rate_limit_error', 'message': ""This request w"
4467,12265,2,2,61.53846153846154,NO,0.0,"api_error: Error code: 429 - {'type': 'error', 'error': {'type': 'rate_limit_error', 'message': ""This request w"
4479,14071,2,2,61.53846153846154,NO,0.95,Different brands (Bull's-Eye vs Sun Hee) and different flavour varieties (Original BBQ vs Korean BBQ/Namsan). Bull's-Eye Original is a classic American BBQ sauc
4467,12584,2,2,62.5,NO,0.0,"api_error: Error code: 429 - {'type': 'error', 'error': {'type': 'rate_limit_error', 'message': ""This request w"
4825,12623,2,2,63.1578947368421,NO,0.99,"Different products: Cluster A is black pepper (Schwartz brand, ~33g), Cluster B is ground cloves (different spice, different weights 37-40g). Different variety/"
4491,10536,2,2,75.0,NO,0.0,"api_error: Error code: 429 - {'type': 'error', 'error': {'type': 'rate_limit_error', 'message': ""This request w"
4472,9979,2,2,66.66666666666666,NO,0.95,"Different brands (ASDA/Sainsbury's own-brand vs Schwartz branded), different flavours (Mint vs Lemon & Parsley), different sizes (250-270ml vs 300g), and differ"
4472,9919,2,2,66.66666666666666,NO,0.0,"api_error: Error code: 429 - {'type': 'error', 'error': {'type': 'rate_limit_error', 'message': ""This request w"
4519,9765,2,2,65.3061224489796,NO,0.0,"api_error: Error code: 429 - {'type': 'error', 'error': {'type': 'rate_limit_error', 'message': ""This request w"
4878,10083,2,2,69.56521739130434,NO,0.95,Different brands (Baxters vs Morrisons/Stockwell & Co) and different preparation styles (shredded pickled in sweet malt vinegar vs sliced plain beetroot). Pickl
4491,10501,2,2,75.0,NO,0.0,"api_error: Error code: 429 - {'type': 'error', 'error': {'type': 'rate_limit_error', 'message': ""This request w"
4964,9782,2,2,62.06896551724138,NO,0.95,"Different brands (ASDA/Sainsbury's own-brand vs Bisto), different flavours (Peppercorn vs Cheese), and different weights (160g vs 180-185g). These are distinctl"
4544,9738,2,2,100.0,NO,0.0,"api_error: Error code: 429 - {'type': 'error', 'error': {'type': 'rate_limit_error', 'message': ""This request w"
4608,12136,2,2,65.57377049180329,NO,0.0,"api_error: Error code: 429 - {'type': 'error', 'error': {'type': 'rate_limit_error', 'message': ""This request w"
4969,9782,2,2,69.23076923076923,NO,0.95,Different brands (ASDA/Sainsbury's own-brand vs Bisto branded) and different flavours (Parsley vs Cheese sauce mixes). These are distinct products.
4589,10358,2,2,60.714285714285715,NO,0.0,"api_error: Error code: 429 - {'type': 'error', 'error': {'type': 'rate_limit_error', 'message': ""This request w"
5276,12215,2,2,68.9655172413793,NO,0.99,"Different flavours: Cluster A is Ready Salted, Cluster B is Salt & Vinegar. Different brands: Cluster A is Walkers, Cluster B is Sainsbury's/Tesco own-brand."
4969,10311,2,2,62.5,NO,0.95,Different sauce varieties (Parsley vs Hollandaise/Bearnaise) and different weights (160g vs 170g/165g). Core products are not identical.
4683,12735,2,2,100.0,NO,0.0,"api_error: Error code: 429 - {'type': 'error', 'error': {'type': 'rate_limit_error', 'message': ""This request w"
4808,9881,2,2,81.81818181818181,NO,0.0,"api_error: Error code: 429 - {'type': 'error', 'error': {'type': 'rate_limit_error', 'message': ""This request w"
4696,12767,2,2,100.0,NO,0.0,"api_error: Error code: 429 - {'type': 'error', 'error': {'type': 'rate_limit_error', 'message': ""This request w"
4846,12623,2,2,63.1578947368421,NO,0.95,"Different spices: Cluster A is white pepper, Cluster B is cloves. Different varieties/flavours means not the same core product."
4826,10417,2,2,61.53846153846154,NO,0.0,"api_error: Error code: 429 - {'type': 'error', 'error': {'type': 'rate_limit_error', 'message': ""This request w"
4878,10367,2,2,66.66666666666666,NO,0.98,"Different varieties: Cluster A is Shredded Beetroot Pickled in Sweet Malt Vinegar, Cluster B is Kimchi Crunchy & Spicy. Different products despite same brand an"
5276,12171,2,2,60.0,NO,0.95,Different brands (Walkers vs McCoy's) and different flavours (Ready Salted vs Salt & Vinegar). Core products are not identical.
4883,10367,2,2,100.0,NO,0.0,"api_error: Error code: 429 - {'type': 'error', 'error': {'type': 'rate_limit_error', 'message': ""This request w"
4961,10437,2,2,72.0,NO,0.95,"Different core products: Cluster A is cheese sauce mix (cheddar flavour), Cluster B is katsu curry sauce mix. Different varieties and flavours despite similar w"
4952,9782,2,2,100.0,NO,0.0,"api_error: Error code: 429 - {'type': 'error', 'error': {'type': 'rate_limit_error', 'message': ""This request w"
4880,10246,2,2,100.0,NO,0.0,"api_error: Error code: 429 - {'type': 'error', 'error': {'type': 'rate_limit_error', 'message': ""This request w"
4902,10335,2,2,60.60606060606061,NO,0.0,"api_error: Error code: 429 - {'type': 'error', 'error': {'type': 'rate_limit_error', 'message': ""This request w"
5401,12405,2,2,75.0,NO,0.95,"Different flavours: Cluster A is Sour Cream & Onion, Cluster B is Sour Cream & Chive. These are distinct varieties and should not merge."
4971,9791,2,2,62.06896551724138,NO,0.0,"api_error: Error code: 429 - {'type': 'error', 'error': {'type': 'rate_limit_error', 'message': ""This request w"
6407,12514,2,2,62.5,NO,0.99,"Different brands (ASDA/Morrisons vs HP), different flavours (Korma Curry Sauce vs Brown Sauce), different weights (500g vs 450g). These are completely distinct "
5258,9708,2,2,66.66666666666666,NO,0.0,"api_error: Error code: 429 - {'type': 'error', 'error': {'type': 'rate_limit_error', 'message': ""This request w"
5319,12234,2,2,62.5,NO,0.95,"Different core products: Cluster A is Hula Hoops crisps (cheese & onion flavour), Cluster B is onion rings. Different brands (Hula Hoops vs Sainsbury's/Tesco), "
5303,9708,2,2,66.66666666666666,NO,0.0,"api_error: Error code: 429 - {'type': 'error', 'error': {'type': 'rate_limit_error', 'message': ""This request w"
5328,12546,2,2,62.06896551724138,NO,0.95,"Different brands (McCoy's vs Kettle Chips), different flavours (Flame Grilled Steak vs Lightly Salted), and different weights/pack configurations (150g vs 125-1"
5310,12215,2,2,100.0,NO,0.0,"api_error: Error code: 429 - {'type': 'error', 'error': {'type': 'rate_limit_error', 'message': ""This request w"
6428,12630,2,2,60.869565217391305,NO,0.98,"Cluster A is taco/slaw kits (prepared meal components), Cluster B is peanut butter (spread). Completely different product categories."
5328,12171,2,2,64.1025641025641,NO,0.0,"api_error: Error code: 429 - {'type': 'error', 'error': {'type': 'rate_limit_error', 'message': ""This request w"
6431,12361,2,2,65.21739130434783,NO,0.99,"Different varieties: Cluster A is Hunter's Chicken sauce (475g), Cluster B is Tuna Pasta Bake sauce (485g). Different flavours and different weights."
5310,12171,2,2,79.3103448275862,NO,0.0,"api_error: Error code: 429 - {'type': 'error', 'error': {'type': 'rate_limit_error', 'message': ""This request w"
6488,12425,2,2,61.971830985915496,NO,0.99,Different brands (Ben's Original vs Lizi's) and different product types (sauce vs granola). These are completely distinct products despite matching weight.
5333,9708,2,2,66.66666666666666,NO,0.0,"api_error: Error code: 429 - {'type': 'error', 'error': {'type': 'rate_limit_error', 'message': ""This request w"
6496,12499,2,2,100.0,NO,0.95,"Different brands: Cluster A is Blue Dragon (branded), Cluster B is own-brand (Sainsbury's/Tesco). SAME core product requires same brand when branded."
5319,12215,2,2,60.60606060606061,NO,0.0,"api_error: Error code: 429 - {'type': 'error', 'error': {'type': 'rate_limit_error', 'message': ""This request w"
6428,12312,2,2,60.869565217391305,NO,0.99,"Different core products: Cluster A is a taco kit (meal component), Cluster B is peanut butter (spread). Different brands (ASDA/Morrisons vs Meridian), different"
5427,12405,2,2,66.66666666666666,NO,0.0,"api_error: Error code: 429 - {'type': 'error', 'error': {'type': 'rate_limit_error', 'message': ""This request w"
5401,12234,2,2,62.5,NO,0.0,"api_error: Error code: 429 - {'type': 'error', 'error': {'type': 'rate_limit_error', 'message': ""This request w"
6420,10406,2,2,63.41463414634146,NO,0.98,"Different varieties (Sweet & Sour vs Butter Chicken) and different brands/manufacturers. Sweet & Sour is own-brand products from ASDA/Tesco, while Butter Chicke"
6407,12457,2,2,62.5,NO,0.0,"api_error: Error code: 429 - {'type': 'error', 'error': {'type': 'rate_limit_error', 'message': ""This request w"
6407,12361,2,2,62.5,NO,0.0,"api_error: Error code: 429 - {'type': 'error', 'error': {'type': 'rate_limit_error', 'message': ""This request w"
6407,12144,2,2,62.5,NO,0.0,"api_error: Error code: 429 - {'type': 'error', 'error': {'type': 'rate_limit_error', 'message': ""This request w"
6666,13980,2,2,66.66666666666666,NO,0.99,Different core products: Cluster A is mixed Greek olives; Cluster B is mixed nuts. These are entirely different product categories.
6412,12968,2,2,61.224489795918366,NO,0.0,"api_error: Error code: 429 - {'type': 'error', 'error': {'type': 'rate_limit_error', 'message': ""This request w"
6526,10326,2,2,81.9672131147541,NO,0.99,"Different pasta sauce varieties: Cluster A is Tomato & Smoked Bacon flavour, Cluster B is Puttanesca flavour. These are distinct products despite same brand and"
6424,10501,2,2,60.0,NO,0.0,"api_error: Error code: 429 - {'type': 'error', 'error': {'type': 'rate_limit_error', 'message': ""This request w"
6420,10243,2,2,62.06896551724138,NO,0.0,"api_error: Error code: 429 - {'type': 'error', 'error': {'type': 'rate_limit_error', 'message': ""This request w"
6428,12637,2,2,60.869565217391305,NO,0.0,"api_error: Error code: 429 - {'type': 'error', 'error': {'type': 'rate_limit_error', 'message': ""This request w"
7057,11345,2,2,100.0,NO,0.95,Different brands (Green & Black's vs Morrisons Savers/Ms Molly's) and different weights (90g vs 100g). Core product criteria not met.
6981,11423,2,2,60.526315789473685,NO,0.99,"Different brands (Candy Kittens vs Skittles), different flavours (Raspberry & Guava vs Crazy Sours), different weights (140g vs 130-132g). These are completely "
6484,10385,2,2,66.66666666666666,NO,0.0,"api_error: Error code: 429 - {'type': 'error', 'error': {'type': 'rate_limit_error', 'message': ""This request w"
6993,11423,2,2,62.857142857142854,NO,0.95,"Different brands (Candy Kittens vs Skittles), different flavours (Eton Mess/Very Cherry vs Crazy Sours), and different weights (140g vs 130-132g). These are dis"
6489,12605,2,2,61.016949152542374,NO,0.0,"api_error: Error code: 429 - {'type': 'error', 'error': {'type': 'rate_limit_error', 'message': ""This request w"
7064,11336,2,2,61.111111111111114,NO,0.95,Different brands (ASDA/Tesco own-brand vs Lotus Biscoff branded) and different flavours (Almond & Caramel vs Biscoff Cream). Core products are distinct.
7108,10621,2,2,75.0,NO,0.95,"Different brands (Cadbury vs own-brand Morrisons/Tesco), different product types (chocolate bars vs chocolate beans), and different weights (85g vs 75g). These "
6541,12265,2,2,61.29032258064516,NO,0.0,"api_error: Error code: 429 - {'type': 'error', 'error': {'type': 'rate_limit_error', 'message': ""This request w"
6501,10479,2,2,100.0,NO,0.0,"api_error: Error code: 429 - {'type': 'error', 'error': {'type': 'rate_limit_error', 'message': ""This request w"
7165,10513,2,2,64.0,NO,0.95,"Different product types: Cluster A is chocolate buttons/candy (confectionery), Cluster B is instant hot chocolate drink powder. Different formats, purposes, and"
7165,11376,2,2,90.14084507042253,NO,0.95,Different brands (Galaxy vs Revels) and different weights (217-220g vs 200-205g). These are distinct chocolate products despite both being sharing pouches.
6978,11423,2,2,70.4225352112676,NO,0.0,"api_error: Error code: 429 - {'type': 'error', 'error': {'type': 'rate_limit_error', 'message': ""This request w"
6491,10385,2,2,66.66666666666666,NO,0.0,"api_error: Error code: 429 - {'type': 'error', 'error': {'type': 'rate_limit_error', 'message': ""This request w"
7398,10308,2,2,90.56603773584905,NO,0.95,Different brands (ASDA/Tesco own-brand vs Duerr's branded) and different cut styles (Thick Cut vs Fine Cut) indicate distinct products despite both being Sevill
6563,12345,2,2,82.35294117647058,NO,0.0,"api_error: Error code: 429 - {'type': 'error', 'error': {'type': 'rate_limit_error', 'message': ""This request w"
7057,11420,2,2,61.53846153846154,NO,0.0,"api_error: Error code: 429 - {'type': 'error', 'error': {'type': 'rate_limit_error', 'message': ""This request w"
6625,9146,2,2,100.0,NO,0.0,"api_error: Error code: 429 - {'type': 'error', 'error': {'type': 'rate_limit_error', 'message': ""This request w"
7398,10473,2,2,75.40983606557377,NO,0.95,"Different brands (ASDA/Tesco own-brand vs Mackays), different variety (Dark Seville Orange vs Vintage Orange), different flavour profiles and recipes"
6988,11423,2,2,63.829787234042556,NO,0.0,"api_error: Error code: 429 - {'type': 'error', 'error': {'type': 'rate_limit_error', 'message': ""This request w"
7039,12191,2,2,100.0,NO,0.0,"api_error: Error code: 429 - {'type': 'error', 'error': {'type': 'rate_limit_error', 'message': ""This request w"
7108,11345,2,2,81.25,NO,0.0,"api_error: Error code: 429 - {'type': 'error', 'error': {'type': 'rate_limit_error', 'message': ""This request w"
7108,10638,2,2,77.77777777777777,NO,0.0,"api_error: Error code: 429 - {'type': 'error', 'error': {'type': 'rate_limit_error', 'message': ""This request w"
7702,12693,2,2,66.66666666666666,NO,0.95,"Cluster A is ground ginger (dry spice), Cluster B is ginger paste (wet condiment). Different product types and formats, despite similar weights."
7484,12638,2,2,60.60606060606061,NO,0.98,"Different brands (Meridian vs Naturya), different core products (peanut butter vs chia seeds), different flavours (strawberry peanut butter vs chia+strawberry)."
7784,10593,2,2,69.76744186046511,NO,0.95,Different fish varieties (sprats vs herrings) and different weights (170g vs 145-160g). Sprats and herring are distinct fish species with different core product
7258,11345,2,2,75.0,NO,0.0,"api_error: Error code: 429 - {'type': 'error', 'error': {'type': 'rate_limit_error', 'message': ""This request w"
7749,12762,2,2,64.70588235294117,NO,0.95,"Different brands (Ashoka vs Kohinoor), different weights (280g vs 300g), and different variety names (Dal Tadka vs Dal Tarka)"
7173,12413,2,2,84.84848484848484,NO,0.0,"api_error: Error code: 429 - {'type': 'error', 'error': {'type': 'rate_limit_error', 'message': ""This request w"
7823,12847,2,2,66.66666666666666,NO,0.95,Different brands (Ulker vs Fulfil) and different varieties (Albeni vs Chocolate Hazelnut Whip). Both 40g but core products are distinct.
7293,11435,2,2,85.71428571428571,NO,0.0,"api_error: Error code: 429 - {'type': 'error', 'error': {'type': 'rate_limit_error', 'message': ""This request w"
7672,12468,2,2,60.0,NO,0.99,"Different core products: Cluster A is ground turmeric (spice), Cluster B is ground almonds (nut product). Completely different ingredients and categories."
7263,10638,2,2,77.77777777777777,NO,0.0,"api_error: Error code: 429 - {'type': 'error', 'error': {'type': 'rate_limit_error', 'message': ""This request w"
7293,11427,2,2,71.23287671232876,NO,0.0,"api_error: Error code: 429 - {'type': 'error', 'error': {'type': 'rate_limit_error', 'message': ""This request w"
7398,10398,2,2,71.11111111111111,NO,0.95,Different brands (ASDA/Tesco own-brand vs Mackays) and different varieties (Dark Seville Orange vs Dundee Orange). These are distinct products.
7374,10307,2,2,75.67567567567568,NO,0.0,"api_error: Error code: 429 - {'type': 'error', 'error': {'type': 'rate_limit_error', 'message': ""This request w"
8284,9708,2,2,66.66666666666666,NO,0.95,"Different brands and flavours. Cluster A is McCoy's Ridge Cut Sizzling King Prawn (branded), Cluster B is own-brand Meaty crisps (Morrisons/Tesco). King Prawn a"
7651,12143,2,2,60.0,NO,0.0,"api_error: Error code: 429 - {'type': 'error', 'error': {'type': 'rate_limit_error', 'message': ""This request w"
7656,12468,2,2,60.0,NO,0.0,"api_error: Error code: 429 - {'type': 'error', 'error': {'type': 'rate_limit_error', 'message': ""This request w"
8757,12191,2,2,63.91752577319588,NO,0.95,"Different product varieties: Cluster A is 'Salted Caramel Milk Chocolate Sharing Bar' (135g), Cluster B is 'Minstrels Milk Chocolate Buttons Pouch' (125g). Diff"
7702,12468,2,2,60.0,NO,0.0,"api_error: Error code: 429 - {'type': 'error', 'error': {'type': 'rate_limit_error', 'message': ""This request w"
7758,12968,2,2,77.55102040816327,NO,0.0,"api_error: Error code: 429 - {'type': 'error', 'error': {'type': 'rate_limit_error', 'message': ""This request w"
8856,14159,2,2,69.56521739130434,NO,0.95,"Different flavours: 'Cool Breeze' (Cluster A) vs 'Bubblemint' (Cluster B). Despite similar weights and pack counts, the core product variety differs."
7727,9830,2,2,79.06976744186046,NO,0.0,"api_error: Error code: 429 - {'type': 'error', 'error': {'type': 'rate_limit_error', 'message': ""This request w"
8912,11843,2,2,76.19047619047619,NO,0.95,"Different brands: Cluster A is M&M's branded chocolate eggs; Cluster B is own-brand Mini Eggs (Morrisons and Sainsbury's). Despite same weight (80g), the brand "
7765,12927,2,2,72.72727272727272,NO,0.0,"api_error: Error code: 429 - {'type': 'error', 'error': {'type': 'rate_limit_error', 'message': ""This request w"
7792,12927,2,2,73.91304347826087,NO,0.0,"api_error: Error code: 429 - {'type': 'error', 'error': {'type': 'rate_limit_error', 'message': ""This request w"
8945,12244,2,2,60.869565217391305,NO,0.95,"Different flavours: Cluster A is Lemon Shortbread, Cluster B is Oatmeal & Raisin. Different weights/formats: Cluster A is 160-175g solid products, Cluster B inc"
7805,12499,2,2,62.06896551724138,NO,0.0,"api_error: Error code: 429 - {'type': 'error', 'error': {'type': 'rate_limit_error', 'message': ""This request w"
8987,12105,2,2,64.0,NO,0.95,"Different brands (ASDA/Tesco own-brand vs Cadbury), different product types (butter biscuits vs chocolate buttons), different varieties within Cluster B (Bournv"
7823,12957,2,2,66.66666666666666,NO,0.0,"api_error: Error code: 429 - {'type': 'error', 'error': {'type': 'rate_limit_error', 'message': ""This request w"
7823,12794,2,2,66.66666666666666,NO,0.0,"api_error: Error code: 429 - {'type': 'error', 'error': {'type': 'rate_limit_error', 'message': ""This request w"
12600,7823,2,2,66.66666666666666,NO,0.95,"Different brands (Eat Natural vs Ulker), different flavour profiles (peanuts and chocolate protein bar vs Albeni chocolate bar), different weights (45g vs 40g),"
7823,12724,2,2,66.66666666666666,NO,0.0,"api_error: Error code: 429 - {'type': 'error', 'error': {'type': 'rate_limit_error', 'message': ""This request w"
2855,13866,2,2,70.0,NO,0.95,"Different brands (Goodfella's vs Sainsbury's/Tesco), different flavours (Mighty Meaty Feast vs BBQ Chicken), different weights (570g/569g vs 563g/509g)"
8434,11845,2,2,62.5,NO,0.0,"api_error: Error code: 429 - {'type': 'error', 'error': {'type': 'rate_limit_error', 'message': ""This request w"
8466,12070,2,2,72.34042553191489,NO,0.0,"api_error: Error code: 429 - {'type': 'error', 'error': {'type': 'rate_limit_error', 'message': ""This request w"
8724,10417,2,2,80.0,NO,0.0,"api_error: Error code: 429 - {'type': 'error', 'error': {'type': 'rate_limit_error', 'message': ""This request w"
12453,7823,2,2,62.96296296296296,NO,0.99,"Different brands: Smarties vs Ulker Albeni. These are distinct branded products from different manufacturers, not the same core product."
8405,11843,2,2,100.0,NO,0.0,"api_error: Error code: 429 - {'type': 'error', 'error': {'type': 'rate_limit_error', 'message': ""This request w"
2988,11156,2,2,75.0,NO,0.98,"Different product types: Cluster A is sausages (x8, 300-304g), Cluster B contains burgers and balls. Different brands (Richmond vs Morrisons/Tesco), different f"
8761,10012,2,2,77.77777777777777,NO,0.0,"api_error: Error code: 429 - {'type': 'error', 'error': {'type': 'rate_limit_error', 'message': ""This request w"
8856,14160,2,2,82.75862068965517,NO,0.0,"api_error: Error code: 429 - {'type': 'error', 'error': {'type': 'rate_limit_error', 'message': ""This request w"
2986,11232,2,2,62.22222222222222,NO,0.95,Different varieties: Cluster A is Chicken & Bacon Pasta Bake; Cluster B is Chicken Arrabbiata. Different flavour profiles and recipes mean these are not the sam
8873,12302,2,2,100.0,NO,0.0,"api_error: Error code: 429 - {'type': 'error', 'error': {'type': 'rate_limit_error', 'message': ""This request w"
8923,9852,2,2,68.18181818181819,NO,0.0,"api_error: Error code: 429 - {'type': 'error', 'error': {'type': 'rate_limit_error', 'message': ""This request w"
8896,12219,2,2,63.41463414634146,NO,0.0,"api_error: Error code: 429 - {'type': 'error', 'error': {'type': 'rate_limit_error', 'message': ""This request w"
3027,13857,2,2,85.0,NO,0.95,"Different brands (Sharwood's vs Stamford Street Co./Hearty Food Co.), different curry varieties (Tikka Masala/Korma vs generic Chicken Curry), and different wei"
3109,14179,2,2,64.28571428571428,NO,0.99,"Different brands (ASDA/Morrisons own-brand vs Haagen-Dazs), different flavours (chocolate vs strawberry & raspberry), different volumes (480ml/473ml vs 420ml)"
8961,10126,2,2,63.829787234042556,NO,0.0,"api_error: Error code: 429 - {'type': 'error', 'error': {'type': 'rate_limit_error', 'message': ""This request w"
8494,11202,2,2,60.0,NO,0.99,"Different core products: Cluster A contains chocolate torte and chocolate trifle (distinct dessert types), while Cluster B contains Oreo cheesecake (different f"
8961,10342,2,2,73.17073170731707,NO,0.0,"api_error: Error code: 429 - {'type': 'error', 'error': {'type': 'rate_limit_error', 'message': ""This request w"
2759,11139,2,2,62.5,NO,0.0,"api_error: Error code: 429 - {'type': 'error', 'error': {'type': 'rate_limit_error', 'message': ""This request w"
3088,11144,2,2,100.0,YES,0.95,"All four products are Del Monte 100% orange ice lollies, 225ml total (3x75ml pack). Minor wording variations ('juice orange' vs 'orange', 'ice lollies' vs 'loll"
8996,13860,2,2,76.19047619047619,NO,0.95,"Different flavour profiles: Cluster A is Strawberry only, Cluster B is Strawberry & Vanilla. Despite matching volume (440ml) and pack count (4x110ml), the varie"
2986,11265,2,2,68.9655172413793,NO,0.0,"api_error: Error code: 429 - {'type': 'error', 'error': {'type': 'rate_limit_error', 'message': ""This request w"
2888,13851,2,2,80.0,NO,0.0,"api_error: Error code: 429 - {'type': 'error', 'error': {'type': 'rate_limit_error', 'message': ""This request w"
2960,14118,2,2,68.9655172413793,NO,0.0,"api_error: Error code: 429 - {'type': 'error', 'error': {'type': 'rate_limit_error', 'message': ""This request w"
2970,11303,2,2,76.36363636363636,NO,0.0,"api_error: Error code: 429 - {'type': 'error', 'error': {'type': 'rate_limit_error', 'message': ""This request w"
3109,13898,2,2,100.0,NO,0.95,"Different brands (ASDA/Morrisons own-brand vs Ben & Jerry's), different flavours (Choc Chimp/Chocolate vs Chocolate Fudge Brownie/Phish Food), and different vol"
6747,9095,2,2,78.125,NO,0.99,Different flavours (Raspberry Coconut vs Vanilla Custard) and different weights (350g vs 400g). These are distinct products.
3049,13857,2,2,70.0,NO,0.0,"api_error: Error code: 429 - {'type': 'error', 'error': {'type': 'rate_limit_error', 'message': ""This request w"
3049,13851,2,2,70.0,NO,0.0,"api_error: Error code: 429 - {'type': 'error', 'error': {'type': 'rate_limit_error', 'message': ""This request w"
5587,13549,2,2,67.53246753246754,NO,0.95,"Different brands (Glorious vs BOL), different weights (550g vs 600g), and different formulations (Coconut Daal vs Lentil Daal Protein Power Soup)"
5866,11106,2,2,80.0,NO,0.95,Different brands (Asda/Sainsbury's own-brand vs Warburtons branded) and different varieties (plain White Bread vs Half And Half). Half And Half is a distinct pr
3099,11314,2,2,61.111111111111114,NO,0.0,"api_error: Error code: 429 - {'type': 'error', 'error': {'type': 'rate_limit_error', 'message': ""This request w"
3191,11280,2,2,100.0,NO,0.0,"api_error: Error code: 429 - {'type': 'error', 'error': {'type': 'rate_limit_error', 'message': ""This request w"
5950,14182,2,2,65.38461538461539,NO,0.95,"Different core products: Cluster A contains a Swiss Roll and Chocolate Coated Raisins (confectionery/snacks), while Cluster B contains Mini Chocolate Cupcakes ("
3109,14117,2,2,64.28571428571428,NO,0.0,"api_error: Error code: 429 - {'type': 'error', 'error': {'type': 'rate_limit_error', 'message': ""This request w"
3053,13851,2,2,81.08108108108108,NO,0.95,"Different brands (Gino's vs Sainsbury's vs Hearty Food Co.), different weights (500g vs 450g), and different product varieties (Battered vs Chicken Breast vs Br"
8616,11202,2,2,80.0,NO,0.0,"api_error: Error code: 429 - {'type': 'error', 'error': {'type': 'rate_limit_error', 'message': ""This request w"
5686,9055,2,2,100.0,NO,0.95,"Different brands (Hartley's vs Morrisons/Tesco own-brand), different flavours (Cherry Bakewell Tart Jelly vs Bakewell Tarts), different weights (170-175g vs 190"
8878,13862,2,2,66.66666666666666,NO,0.0,"api_error: Error code: 429 - {'type': 'error', 'error': {'type': 'rate_limit_error', 'message': ""This request w"
5866,11096,2,2,62.5,NO,0.95,"Different varieties: Cluster A is plain white bread, Cluster B is oat & barley bread. Variety/flavour mismatch means these are not the same core product."
8996,14179,2,2,86.95652173913044,NO,0.0,"api_error: Error code: 429 - {'type': 'error', 'error': {'type': 'rate_limit_error', 'message': ""This request w"
5606,13517,2,2,68.42105263157895,NO,0.0,"api_error: Error code: 429 - {'type': 'error', 'error': {'type': 'rate_limit_error', 'message': ""This request w"
6739,14018,2,2,62.5,NO,0.95,"Different core products: Cluster A is milk chocolate rice cakes (100g single item), Cluster B is chocolate chip cashew bars (90g, 3-pack). Different product typ"
6739,14037,2,2,71.7948717948718,NO,0.0,"api_error: Error code: 429 - {'type': 'error', 'error': {'type': 'rate_limit_error', 'message': ""This request w"
