ensemble_cluster_id,product_idx,supermarket,score,pass
3987,43924,Sains,0.9909,1
4602,37850,Sains,0.9906,1
569,41325,Sains,0.9901,1
6760,50825,Tesco,0.9898,1
9535,6102,ASDA,0.9897,1
9450,6298,ASDA,0.9897,1
12801,21533,Morrisons,0.9895,1
3272,29182,Morrisons,0.989,1
1631,55078,Tesco,0.989,1
3936,50476,Tesco,0.9888,1
1744,31141,Morrisons,0.9886,1
11383,5491,ASDA,0.9886,1
9076,30181,Morrisons,0.9884,1
14268,30316,Morrisons,0.9882,1
13635,9188,ASDA,0.9878,1
5785,27350,Morrisons,0.9876,1
12206,37574,Sains,0.9876,1
1638,53360,Tesco,0.9875,1
11919,14720,ASDA,0.9874,1
11919,52867,Tesco,0.9873,1
2830,26436,Morrisons,0.9871,1
2534,40810,Sains,0.9871,1
4938,36791,Sains,0.9867,1
1049,27577,Morrisons,0.9864,1
8490,47473,Sains,0.9862,1
8673,27236,Morrisons,0.9861,1
170,22417,Morrisons,0.9861,1
4740,50837,Tesco,0.9859,1
9639,4533,ASDA,0.9859,1
4033,57310,Tesco,0.9856,1
3988,57479,Tesco,0.9855,1
1785,21947,Morrisons,0.9854,1
8753,31075,Morrisons,0.9853,1
4959,34056,Sains,0.9847,1
9732,16267,ASDA,0.9844,1
12076,14994,ASDA,0.9843,1
8064,46314,Sains,0.9843,1
14493,12302,ASDA,0.9843,1
8583,57212,Tesco,0.9842,1
4059,61069,Tesco,0.9841,1
669,64004,Tesco,0.984,1
3610,62777,Tesco,0.984,1
7984,31134,Morrisons,0.9836,1
4549,35126,Sains,0.9836,1
5289,20897,Morrisons,0.9836,1
3412,18839,Morrisons,0.9835,1
10148,12486,ASDA,0.9835,1
595,28166,Morrisons,0.9835,1
4122,64609,Tesco,0.9834,1
2060,53437,Tesco,0.9832,1
11589,15180,ASDA,0.9831,1
3982,64953,Tesco,0.9831,1
13883,19688,Morrisons,0.9831,1
10801,12632,ASDA,0.983,1
13095,16395,ASDA,0.9829,1
13720,9874,ASDA,0.9829,1
10894,638,ASDA,0.9828,1
6671,37622,Sains,0.9827,1
4714,17603,Morrisons,0.9827,1
8769,17405,Morrisons,0.9825,1
10435,13585,ASDA,0.9823,1
9108,63781,Tesco,0.9822,1
12309,7757,ASDA,0.9822,1
12126,13987,ASDA,0.9821,1
3052,45873,Sains,0.982,1
13996,18932,Morrisons,0.9819,1
7726,37877,Sains,0.9817,1
14079,5104,ASDA,0.9817,1
13029,28176,Morrisons,0.9815,1
12846,17550,Morrisons,0.9814,1
13811,862,ASDA,0.9814,1
1681,30409,Morrisons,0.9814,1
6517,38064,Sains,0.9813,1
6514,33389,Sains,0.981,1
10001,3794,ASDA,0.981,1
4492,64458,Tesco,0.981,1
13335,27623,Morrisons,0.9808,1
154,53317,Tesco,0.9808,1
619,63937,Tesco,0.9807,1
1017,35535,Sains,0.9807,1
13783,15400,ASDA,0.9807,1
13430,16517,ASDA,0.9805,1
9498,44862,Sains,0.9805,1
5319,37613,Sains,0.9803,1
13995,6267,ASDA,0.9802,1
6786,23897,Morrisons,0.9802,1
2785,60673,Tesco,0.9798,1
13402,24805,Morrisons,0.9797,1
7982,20148,Morrisons,0.9797,1
3600,33508,Sains,0.9796,1
11715,64627,Tesco,0.9792,1
6983,30182,Morrisons,0.9792,1
3046,60436,Tesco,0.9791,1
6604,46764,Sains,0.9791,1
5358,53416,Tesco,0.979,1
9029,40050,Sains,0.9788,1
9553,4109,ASDA,0.9787,1
5632,30314,Morrisons,0.9787,1
5651,42039,Sains,0.9786,1
6049,63817,Tesco,0.9785,1
7700,17565,Morrisons,0.9784,1
4031,29069,Morrisons,0.9783,1
671,31013,Morrisons,0.9782,1
1930,46771,Sains,0.9781,1
9709,14316,ASDA,0.9781,1
12001,58246,Tesco,0.9779,1
5986,49591,Tesco,0.9779,1
10459,52589,Tesco,0.9779,1
7515,61269,Tesco,0.9778,1
7407,28063,Morrisons,0.9776,1
14295,15574,ASDA,0.9775,1
4675,30956,Morrisons,0.9775,1
9155,12015,ASDA,0.9775,1
11243,10804,ASDA,0.9774,1
3093,45548,Sains,0.9773,1
3998,28941,Morrisons,0.9773,1
1103,34636,Sains,0.9772,1
440,19752,Morrisons,0.9772,1
3554,19720,Morrisons,0.9772,1
12774,8553,ASDA,0.977,1
7247,52577,Tesco,0.9768,1
12126,53232,Tesco,0.9767,1
3732,53228,Tesco,0.9766,1
6168,18565,Morrisons,0.9765,1
8972,47806,Sains,0.9765,1
12003,64132,Tesco,0.9765,1
4773,34808,Sains,0.9764,1
12946,28887,Morrisons,0.9763,1
12759,23717,Morrisons,0.9762,1
11023,306,ASDA,0.9762,1
8301,40941,Sains,0.9762,1
4985,38039,Sains,0.9761,1
11736,14617,ASDA,0.9761,1
6743,41427,Sains,0.9761,1
11874,33684,Sains,0.9759,1
1203,23657,Morrisons,0.9758,1
14160,19259,Morrisons,0.9758,1
3044,26267,Morrisons,0.9756,1
6201,59143,Tesco,0.9755,1
13996,6747,ASDA,0.9754,1
14037,6506,ASDA,0.9754,1
11344,55714,Tesco,0.9754,1
575,20223,Morrisons,0.9754,1
11098,40367,Sains,0.9752,1
3593,63452,Tesco,0.9751,1
9826,47636,Sains,0.9751,1
12309,21602,Morrisons,0.975,1
2534,59385,Tesco,0.975,1
5167,52009,Tesco,0.975,1
10496,8456,ASDA,0.9749,1
11877,32734,Sains,0.9748,1
9672,6631,ASDA,0.9748,1
12830,2437,ASDA,0.9748,1
10107,7708,ASDA,0.9748,1
12751,12954,ASDA,0.9747,1
6289,40790,Sains,0.9747,1
4715,64758,Tesco,0.9746,1
9698,49612,Tesco,0.9746,1
12359,30054,Morrisons,0.9746,1
2936,45584,Sains,0.9745,1
13054,2867,ASDA,0.9744,1
14447,13163,ASDA,0.9743,1
5223,20243,Morrisons,0.9743,1
2728,26667,Morrisons,0.9743,1
2171,18920,Morrisons,0.9742,1
5892,22056,Morrisons,0.9741,1
11717,14244,ASDA,0.9741,1
4171,52950,Tesco,0.9741,1
5629,46865,Sains,0.9739,1
3983,57061,Tesco,0.9739,1
1501,52169,Tesco,0.9739,1
9068,28207,Morrisons,0.9739,1
2563,25316,Morrisons,0.9739,1
13362,1846,ASDA,0.9738,1
8703,27022,Morrisons,0.9736,1
9388,13604,ASDA,0.9736,1
13137,31139,Morrisons,0.9735,1
14301,14099,ASDA,0.9734,1
7501,52032,Tesco,0.9732,1
8365,26932,Morrisons,0.9731,1
9057,44583,Sains,0.973,1
12717,13250,ASDA,0.973,1
13969,31164,Morrisons,0.9729,1
2563,40124,Sains,0.9729,1
12437,18203,Morrisons,0.9728,1
9718,7392,ASDA,0.9727,1
2910,26794,Morrisons,0.9727,1
11124,15077,ASDA,0.9725,1
7847,20962,Morrisons,0.9725,1
3304,30542,Morrisons,0.9724,1
9258,61351,Tesco,0.9724,1
14093,26693,Morrisons,0.9722,1
9500,1536,ASDA,0.9721,1
13811,28406,Morrisons,0.9721,1
8717,54283,Tesco,0.9721,1
6175,51228,Tesco,0.9721,1
4551,50167,Tesco,0.972,1
5120,19337,Morrisons,0.972,1
8267,24822,Morrisons,0.9716,1
5581,49885,Tesco,0.9716,1
11990,3299,ASDA,0.9715,1
5648,57542,Tesco,0.9715,1
3964,19084,Morrisons,0.9714,1
2527,40590,Sains,0.9713,1
438,18856,Morrisons,0.9713,1
12974,28773,Morrisons,0.9713,1
7987,61202,Tesco,0.9712,1
10814,11834,ASDA,0.9712,1
8782,44964,Sains,0.971,1
6828,55574,Tesco,0.9709,1
12764,17835,Morrisons,0.9707,1
12628,17482,Morrisons,0.9707,1
10020,2529,ASDA,0.9705,1
14362,12304,ASDA,0.9702,1
12404,29392,Morrisons,0.9702,1
4191,60280,Tesco,0.9702,1
6346,25046,Morrisons,0.9701,1
14049,15264,ASDA,0.9701,1
8359,37806,Sains,0.9699,1
9340,3252,ASDA,0.9699,1
13440,14933,ASDA,0.9698,1
9254,64923,Tesco,0.9696,1
13275,24756,Morrisons,0.9696,1
14161,28354,Morrisons,0.9696,1
4747,60159,Tesco,0.9696,1
14416,7336,ASDA,0.9695,1
9495,63476,Tesco,0.9694,1
13772,15191,ASDA,0.9694,1
10560,12470,ASDA,0.9694,1
12423,31206,Morrisons,0.9694,1
11717,44952,Sains,0.9693,1
12830,29112,Morrisons,0.9693,1
4877,47816,Sains,0.9693,1
8918,49529,Tesco,0.9692,1
1283,59556,Tesco,0.9692,1
9716,1747,ASDA,0.9691,1
4346,23517,Morrisons,0.9691,1
4938,58458,Tesco,0.969,1
5594,43263,Sains,0.9689,1
12647,16130,ASDA,0.9688,1
3586,63933,Tesco,0.9687,1
11227,52314,Tesco,0.9687,1
12482,16248,ASDA,0.9686,1
10621,7042,ASDA,0.9686,1
422,45242,Sains,0.9685,1
12751,27142,Morrisons,0.9685,1
8482,64571,Tesco,0.9685,1
14324,11293,ASDA,0.9683,1
3752,37190,Sains,0.9683,1
12145,57916,Tesco,0.9681,1
5655,46852,Sains,0.968,1
10801,34694,Sains,0.968,1
11907,1185,ASDA,0.9679,1
353,61632,Tesco,0.9679,1
8777,52875,Tesco,0.9677,1
12722,8702,ASDA,0.9676,1
12400,7686,ASDA,0.9673,1
13597,14957,ASDA,0.9672,1
9679,14795,ASDA,0.9672,1
8479,64632,Tesco,0.9671,1
7817,23131,Morrisons,0.9671,1
12669,15270,ASDA,0.967,1
4918,55777,Tesco,0.9669,1
13665,5261,ASDA,0.9668,1
9584,40171,Sains,0.9668,1
12807,21728,Morrisons,0.9667,1
4634,23611,Morrisons,0.9666,1
1810,33012,Sains,0.9666,1
12594,18861,Morrisons,0.9664,1
2603,25823,Morrisons,0.9663,1
3982,20202,Morrisons,0.9662,1
12982,29111,Morrisons,0.9661,1
13569,24757,Morrisons,0.9661,1
13341,24542,Morrisons,0.9658,1
9464,14644,ASDA,0.9655,1
13195,23829,Morrisons,0.9653,1
2792,17891,Morrisons,0.9653,1
13294,25260,Morrisons,0.9652,1
3269,52058,Tesco,0.9652,1
1572,63787,Tesco,0.9652,1
10804,62410,Tesco,0.9651,1
10271,12786,ASDA,0.9651,1
8401,28262,Morrisons,0.965,1
12463,9669,ASDA,0.9648,1
11951,14708,ASDA,0.9648,1
13783,19075,Morrisons,0.9648,1
9593,7198,ASDA,0.9647,1
13629,19745,Morrisons,0.9647,1
2684,25440,Morrisons,0.9644,1
13084,30177,Morrisons,0.9644,1
12758,31064,Morrisons,0.9643,1
3829,50981,Tesco,0.9643,1
13774,9822,ASDA,0.9642,1
6715,52318,Tesco,0.9639,1
12776,3452,ASDA,0.9638,1
8108,46123,Sains,0.9638,1
4041,53753,Tesco,0.9638,1
3859,24150,Morrisons,0.9636,1
9750,9860,ASDA,0.9636,1
3554,44548,Sains,0.9635,1
13613,16124,ASDA,0.9632,1
8699,26706,Morrisons,0.9632,1
3593,45304,Sains,0.9632,1
13687,16182,ASDA,0.9631,1
4665,38059,Sains,0.9631,1
13165,3496,ASDA,0.963,1
10362,13188,ASDA,0.9628,1
726,56931,Tesco,0.9627,1
13525,27931,Morrisons,0.9624,1
6761,38652,Sains,0.9624,1
8361,58459,Tesco,0.9621,1
11321,45860,Sains,0.962,1
11632,608,ASDA,0.9619,1
8257,39200,Sains,0.9618,1
11215,46610,Sains,0.9618,1
7126,30763,Morrisons,0.9618,1
10477,7666,ASDA,0.9617,1
11809,15862,ASDA,0.9617,1
9551,1723,ASDA,0.9617,1
8318,30713,Morrisons,0.9613,1
7660,56967,Tesco,0.9612,1
9826,9428,ASDA,0.9612,1
12746,8729,ASDA,0.9611,1
8853,20501,Morrisons,0.9611,1
13004,3115,ASDA,0.961,1
8050,59376,Tesco,0.9608,1
9958,3673,ASDA,0.9607,1
13715,15761,ASDA,0.9606,1
10955,16659,ASDA,0.9605,1
9595,50519,Tesco,0.9605,1
13449,14885,ASDA,0.9602,1
1956,18285,Morrisons,0.9601,1
4904,46927,Sains,0.96,1
12789,31119,Morrisons,0.9599,1
13606,25014,Morrisons,0.9598,1
4416,55242,Tesco,0.9598,1
4020,53956,Tesco,0.9597,1
9150,64940,Tesco,0.9594,1
14345,11245,ASDA,0.9594,1
13448,30280,Morrisons,0.9592,1
10032,52204,Tesco,0.9591,1
9878,15347,ASDA,0.959,1
11333,5741,ASDA,0.9588,1
2515,62737,Tesco,0.9587,1
1485,58316,Tesco,0.9586,1
13016,3793,ASDA,0.9585,1
1194,24027,Morrisons,0.9584,1
4537,46812,Sains,0.9584,1
14140,14630,ASDA,0.9583,1
10847,16024,ASDA,0.9583,1
3977,57216,Tesco,0.9577,1
9667,1458,ASDA,0.9577,1
13562,28089,Morrisons,0.9576,1
14022,14760,ASDA,0.9576,1
11133,16920,ASDA,0.9576,1
9925,11529,ASDA,0.9576,1
13046,3198,ASDA,0.9572,1
9248,11792,ASDA,0.9571,1
10685,34487,Sains,0.9568,1
14133,30172,Morrisons,0.9568,1
2863,54548,Tesco,0.9568,1
2707,26745,Morrisons,0.9563,1
9989,3851,ASDA,0.9562,1
13188,15349,ASDA,0.9562,1
13350,16897,ASDA,0.9562,1
10411,8795,ASDA,0.9562,1
13402,11389,ASDA,0.9562,1
14403,1391,ASDA,0.9561,1
8708,56274,Tesco,0.9561,1
9776,1421,ASDA,0.956,1
83,32252,Sains,0.956,1
13426,24797,Morrisons,0.956,1
11426,44694,Sains,0.9557,1
3219,59588,Tesco,0.9555,1
11871,7764,ASDA,0.9555,1
11231,10782,ASDA,0.9553,1
5033,20900,Morrisons,0.9552,1
7858,54433,Tesco,0.9551,1
2501,49210,Sains,0.9551,1
4957,23754,Morrisons,0.955,1
3235,31242,Morrisons,0.955,1
8364,45970,Sains,0.9548,1
1286,27842,Morrisons,0.9547,1
7813,37536,Sains,0.9546,1
8242,24775,Morrisons,0.9546,1
4951,22927,Morrisons,0.9544,1
9703,7325,ASDA,0.9543,1
331,29224,Morrisons,0.9542,1
9731,339,ASDA,0.9542,1
13164,25053,Morrisons,0.9542,1
10896,16202,ASDA,0.954,1
3566,62030,Tesco,0.9539,1
9508,7279,ASDA,0.9535,1
977,36636,Sains,0.9535,1
6896,56700,Tesco,0.9533,1
5,28039,Morrisons,0.9533,1
7347,27544,Morrisons,0.9532,1
2606,38837,Sains,0.9531,1
4066,45064,Sains,0.9531,1
8491,27160,Morrisons,0.9531,1
9436,15440,ASDA,0.9526,1
13518,13,ASDA,0.9526,1
12345,17576,Morrisons,0.9525,1
10955,38492,Sains,0.9524,1
5568,57519,Tesco,0.9523,1
12442,2562,ASDA,0.9521,1
8285,40614,Sains,0.9519,1
7638,18209,Morrisons,0.9518,1
5008,54329,Tesco,0.9517,1
5772,28445,Morrisons,0.9516,1
4483,51611,Tesco,0.9515,1
5831,26029,Morrisons,0.9514,1
7313,54717,Tesco,0.9513,1
12166,15203,ASDA,0.9513,1
11043,40137,Sains,0.9512,1
669,44150,Sains,0.9512,1
13689,16466,ASDA,0.9509,1
11189,40811,Sains,0.9509,1
12921,12485,ASDA,0.9508,1
417,29038,Morrisons,0.9507,1
7671,36082,Sains,0.9503,1
9466,1394,ASDA,0.9499,1
4787,63449,Tesco,0.9499,1
3084,41930,Sains,0.9498,1
14148,14550,ASDA,0.9497,1
10271,37776,Sains,0.9496,1
8994,19908,Morrisons,0.9495,1
11929,47572,Sains,0.9495,1
13980,14297,ASDA,0.9495,1
4043,44933,Sains,0.9492,1
6822,37195,Sains,0.9491,1
103,55682,Tesco,0.949,1
2425,50188,Tesco,0.9489,1
2675,39183,Sains,0.9488,1
1359,55829,Tesco,0.9487,1
14052,12169,ASDA,0.9486,1
13944,19571,Morrisons,0.9485,1
13988,7089,ASDA,0.9485,1
7820,31885,Sains,0.9484,1
13001,9686,ASDA,0.9484,1
9358,54031,Tesco,0.9482,1
4988,55875,Tesco,0.9478,1
12105,15002,ASDA,0.9477,1
7967,53202,Tesco,0.9476,1
3616,47550,Sains,0.9472,1
4246,20427,Morrisons,0.9471,1
9514,15760,ASDA,0.947,1
14112,28275,Morrisons,0.9466,1
4573,23948,Morrisons,0.9465,1
13226,1751,ASDA,0.9465,1
14161,14487,ASDA,0.9464,1
10989,15416,ASDA,0.9464,1
1173,37447,Sains,0.9463,1
4879,35056,Sains,0.9463,1
9726,1256,ASDA,0.9461,1
55,64820,Tesco,0.946,1
13752,27018,Morrisons,0.946,1
217,36284,Sains,0.9459,1
13432,4819,ASDA,0.9459,1
9068,48536,Sains,0.9458,1
3573,59249,Tesco,0.9458,1
14061,1565,ASDA,0.9457,1
2549,25083,Morrisons,0.9457,1
10816,13369,ASDA,0.9456,1
5045,30052,Morrisons,0.9452,1
4171,37884,Sains,0.9452,1
11375,5059,ASDA,0.945,1
13361,4302,ASDA,0.9448,1
9654,7266,ASDA,0.9448,1
7930,19997,Morrisons,0.9446,1
2305,40054,Sains,0.9445,1
13101,3742,ASDA,0.9445,1
12836,3327,ASDA,0.9443,1
4344,60150,Tesco,0.9441,1
4897,32900,Sains,0.944,1
13817,6416,ASDA,0.9438,1
6569,38038,Sains,0.9433,1
4002,56759,Tesco,0.9433,1
9340,52170,Tesco,0.943,1
11358,5661,ASDA,0.9429,1
10294,13907,ASDA,0.9428,1
7063,30924,Morrisons,0.9426,1
8307,40843,Sains,0.942,1
10055,56213,Tesco,0.9419,1
1222,50341,Tesco,0.9418,1
13699,6086,ASDA,0.9416,1
9690,15273,ASDA,0.9414,1
13690,14323,ASDA,0.9414,1
10432,11741,ASDA,0.9413,1
4673,20297,Morrisons,0.9413,1
3967,30270,Morrisons,0.9412,1
1441,51667,Tesco,0.9411,1
12903,6901,ASDA,0.9411,1
8228,58499,Tesco,0.9408,1
9867,16268,ASDA,0.9408,1
11146,40018,Sains,0.9406,1
11061,4916,ASDA,0.9406,1
10663,2753,ASDA,0.9404,1
12032,59794,Tesco,0.9402,1
6775,24266,Morrisons,0.9402,1
14224,16049,ASDA,0.9401,1
13597,25317,Morrisons,0.9398,1
5907,19761,Morrisons,0.9397,1
13832,1108,ASDA,0.9396,1
5515,22477,Morrisons,0.9395,1
3212,53396,Tesco,0.9395,1
4239,30081,Morrisons,0.9395,1
11010,14954,ASDA,0.9393,1
8192,38926,Sains,0.9392,1
3743,31939,Sains,0.9392,1
5204,29163,Morrisons,0.939,1
4035,43599,Sains,0.9389,1
3129,19064,Morrisons,0.9386,1
12138,47399,Sains,0.9385,1
14032,6536,ASDA,0.9383,1
8400,28420,Morrisons,0.9382,1
547,44272,Sains,0.9381,1
4079,59057,Tesco,0.9381,1
12723,7083,ASDA,0.938,1
7636,51203,Tesco,0.9377,1
14334,2101,ASDA,0.9377,1
3631,48980,Sains,0.9377,1
13394,30146,Morrisons,0.9377,1
3556,46975,Sains,0.9376,1
12686,3337,ASDA,0.9374,1
13902,18377,Morrisons,0.9372,1
1345,37908,Sains,0.9371,1
13646,29438,Morrisons,0.937,1
4363,52205,Tesco,0.937,1
12665,23290,Morrisons,0.9369,1
11425,5608,ASDA,0.9369,1
13910,6387,ASDA,0.9368,1
14430,30917,Morrisons,0.9362,1
1501,48723,Sains,0.9362,1
7003,33671,Sains,0.936,1
7522,17720,Morrisons,0.936,1
7722,33594,Sains,0.936,1
7122,52480,Tesco,0.936,1
10351,11654,ASDA,0.9359,1
106,60658,Tesco,0.9359,1
6915,20142,Morrisons,0.9358,1
11138,15109,ASDA,0.9356,1
13652,12330,ASDA,0.9355,1
6750,50753,Tesco,0.9347,1
3600,53075,Tesco,0.9347,1
9658,7262,ASDA,0.9346,1
6431,41036,Sains,0.9345,1
10148,51485,Tesco,0.9344,1
11162,58718,Tesco,0.9343,1
10810,13575,ASDA,0.9342,1
5675,51297,Tesco,0.934,1
13442,27947,Morrisons,0.9336,1
14370,29518,Morrisons,0.9336,1
12955,26071,Morrisons,0.9335,1
9544,62621,Tesco,0.9334,1
4112,31777,Sains,0.9334,1
11191,13480,ASDA,0.9334,1
10902,14980,ASDA,0.9331,1
12509,21422,Morrisons,0.933,1
8853,52156,Tesco,0.933,1
1040,35267,Sains,0.933,1
12129,57331,Tesco,0.9326,1
4534,21470,Morrisons,0.9325,1
11191,47675,Sains,0.9325,1
5026,18094,Morrisons,0.9324,1
10224,62506,Tesco,0.9323,1
9613,45340,Sains,0.932,1
5850,50412,Tesco,0.9317,1
12147,14987,ASDA,0.9316,1
10735,16927,ASDA,0.9316,1
12447,22647,Morrisons,0.9316,1
8556,21869,Morrisons,0.9316,1
6841,18975,Morrisons,0.9315,1
14091,5143,ASDA,0.9315,1
5643,30255,Morrisons,0.9315,1
1833,63801,Tesco,0.9307,1
6193,31086,Morrisons,0.9307,1
4899,62411,Tesco,0.9305,1
11253,54137,Tesco,0.9304,1
13850,28636,Morrisons,0.9301,1
7039,31030,Morrisons,0.9298,1
2554,27766,Morrisons,0.9297,1
13433,13379,ASDA,0.9297,1
2607,30557,Morrisons,0.9296,1
4995,38350,Sains,0.9295,1
12583,27108,Morrisons,0.9295,1
2784,52891,Tesco,0.9295,1
13736,18668,Morrisons,0.9295,1
14379,30961,Morrisons,0.9294,1
9526,14210,ASDA,0.9294,1
4397,27042,Morrisons,0.9293,1
6425,25596,Morrisons,0.9293,1
11905,50077,Tesco,0.9293,1
3006,63258,Tesco,0.9293,1
3767,23804,Morrisons,0.9291,1
2565,30563,Morrisons,0.9291,1
13450,30640,Morrisons,0.929,1
2582,38609,Sains,0.9289,1
13772,26565,Morrisons,0.9288,1
12626,21931,Morrisons,0.9287,1
8464,31223,Morrisons,0.9286,1
3703,33763,Sains,0.9285,1
14127,27023,Morrisons,0.9285,1
7691,51259,Tesco,0.9285,1
8400,43556,Sains,0.9284,1
3131,49583,Tesco,0.9284,1
9084,45706,Sains,0.9283,1
13900,19554,Morrisons,0.9283,1
13038,7657,ASDA,0.9283,1
2466,25415,Morrisons,0.9282,1
12450,31040,Morrisons,0.9282,1
7528,23923,Morrisons,0.9281,1
1137,23631,Morrisons,0.928,1
5562,49504,Tesco,0.928,1
4235,56429,Tesco,0.928,1
2810,56809,Tesco,0.928,1
13164,2072,ASDA,0.9279,1
5476,62783,Tesco,0.9277,1
2676,39288,Sains,0.9277,1
4268,23671,Morrisons,0.9276,1
9175,55140,Tesco,0.9275,1
13059,11724,ASDA,0.9274,1
11848,6097,ASDA,0.9272,1
2622,56397,Tesco,0.9272,1
13078,18207,Morrisons,0.9271,1
13755,12146,ASDA,0.9271,1
14363,14637,ASDA,0.9269,1
5605,19080,Morrisons,0.9268,1
8438,31024,Morrisons,0.9268,1
6539,38323,Sains,0.9267,1
2183,64438,Tesco,0.9265,1
5355,23915,Morrisons,0.9265,1
7901,34506,Sains,0.9265,1
8257,63291,Tesco,0.9264,1
4534,53342,Tesco,0.9263,1
12718,3720,ASDA,0.9263,1
12758,5834,ASDA,0.9262,1
2689,24984,Morrisons,0.9261,1
2505,25313,Morrisons,0.9258,1
13494,27908,Morrisons,0.9255,1
10670,8569,ASDA,0.9255,1
3764,55669,Tesco,0.9255,1
6984,53215,Tesco,0.9254,1
13587,4996,ASDA,0.9253,1
3967,53771,Tesco,0.9253,1
11061,40140,Sains,0.9252,1
11120,4539,ASDA,0.9248,1
9247,8521,ASDA,0.9247,1
12144,41020,Sains,0.9247,1
5789,63833,Tesco,0.9245,1
7814,51469,Tesco,0.9244,1
7399,27664,Morrisons,0.9243,1
13067,21799,Morrisons,0.9243,1
9005,23563,Morrisons,0.9242,1
13450,14884,ASDA,0.9241,1
13543,108,ASDA,0.924,1
13219,11216,ASDA,0.924,1
9503,7027,ASDA,0.9239,1
9415,54354,Tesco,0.9237,1
1723,51854,Tesco,0.9236,1
8412,39020,Sains,0.9236,1
1624,35238,Sains,0.9235,1
7887,17833,Morrisons,0.9234,1
11203,64762,Tesco,0.9234,1
14112,5690,ASDA,0.9234,1
8048,28161,Morrisons,0.923,1
11157,13373,ASDA,0.923,1
8336,18810,Morrisons,0.9229,1
566,49005,Sains,0.9228,1
10742,7875,ASDA,0.9225,1
12487,23132,Morrisons,0.9225,1
12564,18103,Morrisons,0.9224,1
12456,8766,ASDA,0.922,1
4498,62548,Tesco,0.922,1
14309,27580,Morrisons,0.9219,1
10081,8772,ASDA,0.9215,1
4905,37545,Sains,0.9215,1
4495,52433,Tesco,0.9215,1
13421,15078,ASDA,0.9212,1
11195,40623,Sains,0.9211,1
11738,14646,ASDA,0.921,1
6642,38135,Sains,0.9207,1
10925,39617,Sains,0.9205,1
11203,7162,ASDA,0.9205,1
7793,49579,Tesco,0.9204,1
1784,23094,Morrisons,0.9203,1
7970,28467,Morrisons,0.9199,1
9563,1184,ASDA,0.9199,1
5076,52512,Tesco,0.9199,1
8986,30071,Morrisons,0.9198,1
11073,4763,ASDA,0.9196,1
2628,25448,Morrisons,0.9195,1
5877,26144,Morrisons,0.9194,1
10561,8633,ASDA,0.9193,1
11349,12005,ASDA,0.9191,1
3927,43825,Sains,0.919,1
3112,30946,Morrisons,0.919,1
8043,30752,Morrisons,0.9188,1
852,49872,Tesco,0.9186,1
14154,28120,Morrisons,0.9186,1
7275,36138,Sains,0.9185,1
7832,50968,Tesco,0.9185,1
4924,38101,Sains,0.9184,1
1134,53764,Tesco,0.9183,1
1425,35814,Sains,0.918,1
1956,37369,Sains,0.9179,1
10861,48500,Sains,0.9177,1
911,30442,Morrisons,0.9176,1
10415,52932,Tesco,0.9175,1
9534,6606,ASDA,0.9175,1
2496,24463,Morrisons,0.9174,1
2637,57328,Tesco,0.9172,1
7638,37535,Sains,0.9172,1
9876,15412,ASDA,0.917,1
574,18474,Morrisons,0.9169,1
8772,53622,Tesco,0.9169,1
5028,23074,Morrisons,0.9168,1
6387,24122,Morrisons,0.9168,1
10951,13382,ASDA,0.9168,1
13051,15824,ASDA,0.9167,1
12179,9757,ASDA,0.9166,1
2142,44993,Sains,0.9166,1
3939,19480,Morrisons,0.9165,1
2610,25668,Morrisons,0.9164,1
12390,20789,Morrisons,0.9163,1
11402,5953,ASDA,0.9161,1
10938,4794,ASDA,0.9159,1
12938,14066,ASDA,0.9159,1
6867,64120,Tesco,0.9158,1
13088,22256,Morrisons,0.9157,1
3780,35691,Sains,0.9156,1
9331,37816,Sains,0.9155,1
14335,1444,ASDA,0.9155,1
10583,8218,ASDA,0.9153,1
10116,36593,Sains,0.9153,1
13805,918,ASDA,0.9152,1
1272,39258,Sains,0.9151,1
13225,27874,Morrisons,0.9151,1
4681,58004,Tesco,0.9151,1
13533,18896,Morrisons,0.915,1
5129,56112,Tesco,0.9147,1
9400,7365,ASDA,0.9146,1
5183,24380,Morrisons,0.9146,1
12138,5380,ASDA,0.9145,1
11908,55920,Tesco,0.9142,1
9574,12370,ASDA,0.914,1
12774,17520,Morrisons,0.914,1
10760,277,ASDA,0.9139,1
4750,64744,Tesco,0.9135,1
1689,48192,Sains,0.9133,1
14072,20259,Morrisons,0.9131,1
3523,64489,Tesco,0.9131,1
4858,34803,Sains,0.913,1
6409,39117,Sains,0.9126,1
9667,57415,Tesco,0.9123,1
9627,7342,ASDA,0.9122,1
12237,873,ASDA,0.9122,1
7782,61646,Tesco,0.9119,1
12293,13616,ASDA,0.9118,1
13975,848,ASDA,0.9116,1
1679,34673,Sains,0.9115,1
7756,18218,Morrisons,0.9113,1
11346,52492,Tesco,0.9112,1
13548,4943,ASDA,0.9112,1
6459,40806,Sains,0.9109,1
6963,28098,Morrisons,0.9108,1
9653,54036,Tesco,0.9104,1
2064,64278,Tesco,0.9102,1
12802,20807,Morrisons,0.9102,1
5895,26078,Morrisons,0.91,1
14291,2364,ASDA,0.9099,1
12237,43797,Sains,0.9099,1
2689,39630,Sains,0.9096,1
14039,14773,ASDA,0.9096,1
7655,24105,Morrisons,0.9096,1
1206,31536,Sains,0.9095,1
1047,22646,Morrisons,0.9095,1
6607,30307,Morrisons,0.9094,1
10698,37597,Sains,0.9094,1
2545,41372,Sains,0.9093,1
1785,63374,Tesco,0.9092,1
12470,23197,Morrisons,0.9092,1
2152,43636,Sains,0.9091,1
6866,64854,Tesco,0.9089,1
2713,45829,Sains,0.9085,1
10611,7752,ASDA,0.9084,1
13903,19871,Morrisons,0.9084,1
10463,13789,ASDA,0.9083,1
11154,16502,ASDA,0.9083,1
13765,5219,ASDA,0.9082,1
1632,52585,Tesco,0.9082,1
12978,14107,ASDA,0.9082,1
14471,3526,ASDA,0.908,1
3956,57227,Tesco,0.908,1
1073,35427,Sains,0.9078,1
12178,4717,ASDA,0.9077,1
7596,61804,Tesco,0.9077,1
4098,18407,Morrisons,0.9075,1
8085,28343,Morrisons,0.9074,1
9253,14109,ASDA,0.9073,1
1534,23239,Morrisons,0.9073,1
13071,23843,Morrisons,0.9069,1
3645,34832,Sains,0.9068,1
8052,28244,Morrisons,0.9066,1
13625,24730,Morrisons,0.9066,1
13162,17926,Morrisons,0.9065,1
7896,36030,Sains,0.9062,1
1173,21658,Morrisons,0.9062,1
12155,11282,ASDA,0.9058,1
3488,27555,Morrisons,0.9058,1
7723,36590,Sains,0.9055,1
5744,18165,Morrisons,0.9055,1
7813,53101,Tesco,0.9054,1
11423,16584,ASDA,0.9053,1
979,63629,Tesco,0.9052,1
6383,49834,Tesco,0.9052,1
9381,6613,ASDA,0.9051,1
2464,61564,Tesco,0.9051,1
1469,55899,Tesco,0.905,1
12564,2387,ASDA,0.905,1
5003,32250,Sains,0.905,1
9445,9794,ASDA,0.9048,1
11135,679,ASDA,0.9047,1
1042,38024,Sains,0.9046,1
12198,15060,ASDA,0.9046,1
8377,44986,Sains,0.9045,1
3813,23412,Morrisons,0.9044,1
5,39827,Sains,0.9043,1
11537,9666,ASDA,0.9043,1
13459,16290,ASDA,0.9042,1
8303,25256,Morrisons,0.9042,1
13535,24485,Morrisons,0.9041,1
4738,34294,Sains,0.9039,1
6163,54134,Tesco,0.9038,1
7987,44801,Sains,0.9038,1
14023,12251,ASDA,0.9038,1
12881,7109,ASDA,0.9037,1
7598,30358,Morrisons,0.9037,1
9295,52481,Tesco,0.9036,1
13863,30575,Morrisons,0.9035,1
7951,17117,Morrisons,0.9034,1
8926,53720,Tesco,0.9032,1
6716,38022,Sains,0.9029,1
13511,30629,Morrisons,0.9029,1
13258,4761,ASDA,0.9028,1
12459,11755,ASDA,0.9028,1
5585,21590,Morrisons,0.9027,1
1624,30686,Morrisons,0.9026,1
7039,58167,Tesco,0.9026,1
12381,409,ASDA,0.9026,1
2153,18286,Morrisons,0.9024,1
11416,9726,ASDA,0.9024,1
7584,25719,Morrisons,0.9023,1
10161,9674,ASDA,0.9023,1
13671,12161,ASDA,0.9022,1
7018,59119,Tesco,0.9021,1
10691,8068,ASDA,0.9021,1
13338,4589,ASDA,0.902,1
9095,46175,Sains,0.9019,1
9205,52330,Tesco,0.9018,1
10610,3347,ASDA,0.9017,1
9662,12256,ASDA,0.9016,1
10796,8113,ASDA,0.9015,1
10333,8339,ASDA,0.9015,1
6318,25765,Morrisons,0.9013,1
12132,59340,Tesco,0.9012,1
4950,53201,Tesco,0.9012,1
13665,26330,Morrisons,0.9008,1
3162,60176,Tesco,0.9006,1
9902,37976,Sains,0.9005,1
1210,35874,Sains,0.9005,1
4953,17927,Morrisons,0.9005,1
3782,18039,Morrisons,0.9004,1
5188,19348,Morrisons,0.9002,1
5383,53414,Tesco,0.9001,1
8246,59943,Tesco,0.9001,1
13771,854,ASDA,0.8999,1
13260,25112,Morrisons,0.8999,1
6075,46402,Sains,0.8998,1
11769,14723,ASDA,0.8995,1
9051,50374,Tesco,0.8995,1
5662,22957,Morrisons,0.8994,1
4328,37533,Sains,0.8992,1
1966,37586,Sains,0.8987,1
8942,21610,Morrisons,0.8985,1
1470,31146,Morrisons,0.8983,1
11807,33192,Sains,0.8983,1
4664,33240,Sains,0.8982,1
8597,64736,Tesco,0.8981,1
11885,40726,Sains,0.898,1
1837,49199,Sains,0.8978,1
7981,45365,Sains,0.8975,1
13957,18866,Morrisons,0.8975,1
9534,45141,Sains,0.8974,1
13166,23798,Morrisons,0.8973,1
9548,62607,Tesco,0.8972,1
12862,31177,Morrisons,0.8971,1
11497,14176,ASDA,0.8969,1
9764,1366,ASDA,0.8969,1
5567,29416,Morrisons,0.8968,1
13766,17270,Morrisons,0.8968,1
3665,54968,Tesco,0.8968,1
9691,47382,Sains,0.8967,1
1614,23721,Morrisons,0.8965,1
3257,64386,Tesco,0.8962,1
6072,53894,Tesco,0.8961,1
5887,19181,Morrisons,0.896,1
1194,62416,Tesco,0.896,1
1649,34197,Sains,0.8959,1
14007,12254,ASDA,0.8959,1
3191,45662,Sains,0.8959,1
9944,12889,ASDA,0.8959,1
10793,6832,ASDA,0.8959,1
12410,13610,ASDA,0.8958,1
4143,32213,Sains,0.8955,1
11501,12882,ASDA,0.8954,1
7063,33483,Sains,0.8952,1
549,46161,Sains,0.8952,1
7930,57738,Tesco,0.8949,1
6695,17599,Morrisons,0.8946,1
1160,38131,Sains,0.8946,1
5446,22285,Morrisons,0.8944,1
12886,16812,ASDA,0.8943,1
10064,2150,ASDA,0.8942,1
2834,26787,Morrisons,0.8942,1
2503,39969,Sains,0.8942,1
7975,43533,Sains,0.8941,1
9643,14748,ASDA,0.8939,1
14090,26368,Morrisons,0.8938,1
10604,7044,ASDA,0.8938,1
12805,7776,ASDA,0.8938,1
12675,23673,Morrisons,0.8936,1
6237,48311,Sains,0.8936,1
7561,24919,Morrisons,0.8936,1
12551,17715,Morrisons,0.8935,1
11493,6928,ASDA,0.8935,1
10356,13873,ASDA,0.8935,1
10095,12710,ASDA,0.8935,1
6955,63194,Tesco,0.8934,1
1565,48288,Sains,0.8933,1
13460,25178,Morrisons,0.8932,1
12276,20104,Morrisons,0.8932,1
614,57026,Tesco,0.8928,1
12670,23362,Morrisons,0.8925,1
13094,3233,ASDA,0.8924,1
2743,26727,Morrisons,0.8923,1
6732,36353,Sains,0.8923,1
12487,2809,ASDA,0.8922,1
2530,38620,Sains,0.8922,1
6942,64992,Tesco,0.8921,1
6720,36815,Sains,0.892,1
11147,13427,ASDA,0.8918,1
1786,36166,Sains,0.8918,1
12322,24257,Morrisons,0.8918,1
7694,59639,Tesco,0.8917,1
11492,59118,Tesco,0.8917,1
3009,48122,Sains,0.8917,1
13785,17364,Morrisons,0.8917,1
12479,29684,Morrisons,0.8916,1
3118,28236,Morrisons,0.8915,1
13960,1269,ASDA,0.8915,1
8248,24361,Morrisons,0.8911,1
8500,18092,Morrisons,0.891,1
8285,60568,Tesco,0.891,1
13829,846,ASDA,0.891,1
4100,57984,Tesco,0.8909,1
2654,24784,Morrisons,0.8909,1
9377,9643,ASDA,0.8908,1
1778,30935,Morrisons,0.8908,1
7627,22779,Morrisons,0.8908,1
2688,24835,Morrisons,0.8908,1
13041,21844,Morrisons,0.8906,1
3477,55379,Tesco,0.8906,1
7405,50091,Tesco,0.8905,1
9717,55697,Tesco,0.8904,1
2869,60964,Tesco,0.8904,1
4547,64768,Tesco,0.8903,1
1781,55533,Tesco,0.8903,1
2186,59019,Tesco,0.8902,1
5993,46619,Sains,0.8899,1
11285,5506,ASDA,0.8899,1
14244,7655,ASDA,0.8899,1
13495,16704,ASDA,0.8899,1
12523,12398,ASDA,0.8899,1
8425,64030,Tesco,0.8896,1
259,41373,Sains,0.8896,1
12921,17636,Morrisons,0.8895,1
11291,1083,ASDA,0.8895,1
7708,36747,Sains,0.8895,1
13169,20905,Morrisons,0.8895,1
5966,46677,Sains,0.8894,1
13440,25169,Morrisons,0.8894,1
4433,18259,Morrisons,0.8893,1
11018,15409,ASDA,0.8892,1
10340,8214,ASDA,0.8891,1
12779,3776,ASDA,0.8889,1
7844,36574,Sains,0.8889,1
4547,24131,Morrisons,0.8887,1
5148,56975,Tesco,0.8885,1
8195,60237,Tesco,0.8883,1
10652,14105,ASDA,0.8881,1
12378,13776,ASDA,0.8881,1
11588,12837,ASDA,0.8878,1
7887,31736,Sains,0.8878,1
7405,24733,Morrisons,0.8875,1
3713,51135,Tesco,0.8875,1
12763,8304,ASDA,0.8874,1
1246,53439,Tesco,0.8874,1
9548,7475,ASDA,0.8873,1
2782,62544,Tesco,0.8873,1
8903,18496,Morrisons,0.8873,1
10386,13593,ASDA,0.8873,1
11748,56503,Tesco,0.8869,1
14271,5009,ASDA,0.8868,1
9787,16631,ASDA,0.8866,1
2500,39945,Sains,0.8865,1
5369,57320,Tesco,0.8863,1
9584,11116,ASDA,0.8862,1
683,17056,Morrisons,0.8861,1
10592,36054,Sains,0.8859,1
13295,1965,ASDA,0.8858,1
13740,12353,ASDA,0.8855,1
11184,4741,ASDA,0.8854,1
13185,13928,ASDA,0.8852,1
14484,18890,Morrisons,0.8852,1
9369,16840,ASDA,0.8852,1
13802,28573,Morrisons,0.8848,1
5569,24223,Morrisons,0.8847,1
3613,38157,Sains,0.8847,1
8629,49424,Tesco,0.8847,1
3546,28382,Morrisons,0.8845,1
10745,11647,ASDA,0.8845,1
6627,54651,Tesco,0.8844,1
2379,58760,Tesco,0.8843,1
13847,827,ASDA,0.8839,1
13159,6893,ASDA,0.8838,1
112,35367,Sains,0.8838,1
10404,8315,ASDA,0.8834,1
7592,38713,Sains,0.8834,1
6479,34009,Sains,0.8831,1
13455,27843,Morrisons,0.883,1
14229,27024,Morrisons,0.8829,1
2026,24253,Morrisons,0.8828,1
14076,19410,Morrisons,0.8825,1
1209,37442,Sains,0.8824,1
2708,56329,Tesco,0.8823,1
13350,24956,Morrisons,0.882,1
11099,637,ASDA,0.8818,1
10514,6769,ASDA,0.8817,1
11689,13024,ASDA,0.8815,1
9811,50197,Tesco,0.8814,1
2400,41281,Sains,0.8814,1
2940,45983,Sains,0.8812,1
9716,45454,Sains,0.8812,1
13316,4536,ASDA,0.881,1
7570,24314,Morrisons,0.881,1
12984,27202,Morrisons,0.8808,1
1128,27317,Morrisons,0.8806,1
5945,48324,Sains,0.8805,1
9171,12004,ASDA,0.8805,1
6595,47115,Sains,0.8803,1
7593,39329,Sains,0.8802,1
6731,58247,Tesco,0.8802,1
13102,13422,ASDA,0.8801,1
4817,36226,Sains,0.88,1
14154,14810,ASDA,0.8798,1
1882,29195,Morrisons,0.8798,1
14098,30540,Morrisons,0.8797,1
13574,25795,Morrisons,0.8796,1
10525,13882,ASDA,0.8796,1
107,21601,Morrisons,0.8796,1
10983,4991,ASDA,0.8796,1
6917,61921,Tesco,0.8796,1
7279,37355,Sains,0.8794,1
4565,24070,Morrisons,0.8791,1
980,23688,Morrisons,0.8786,1
7969,47403,Sains,0.8782,1
14269,6381,ASDA,0.8781,1
3893,59285,Tesco,0.8781,1
12311,22467,Morrisons,0.8781,1
3435,58801,Tesco,0.8778,1
13914,5215,ASDA,0.8776,1
9269,36442,Sains,0.8775,1
5645,30724,Morrisons,0.8772,1
4544,33284,Sains,0.8772,1
13698,28934,Morrisons,0.8769,1
5480,55638,Tesco,0.8766,1
8419,59286,Tesco,0.8765,1
14122,5375,ASDA,0.8765,1
9682,9304,ASDA,0.8764,1
13258,25676,Morrisons,0.8764,1
10164,36789,Sains,0.8763,1
10006,39587,Sains,0.8763,1
14159,14817,ASDA,0.8763,1
8112,19817,Morrisons,0.8761,1
14313,4958,ASDA,0.8758,1
7366,60540,Tesco,0.8758,1
2019,52312,Tesco,0.8753,1
8415,38907,Sains,0.875,1
9801,62037,Tesco,0.875,1
14224,26851,Morrisons,0.8749,1
7800,62473,Tesco,0.8745,1
13432,24427,Morrisons,0.8744,1
9094,46071,Sains,0.8744,1
12311,9631,ASDA,0.8741,1
10901,14993,ASDA,0.8738,1
5786,37932,Sains,0.8737,1
12386,27550,Morrisons,0.8737,1
1386,34726,Sains,0.8736,1
454,48895,Sains,0.8736,1
7313,24214,Morrisons,0.8735,1
14085,19909,Morrisons,0.8733,1
227,59459,Tesco,0.8733,1
14412,21310,Morrisons,0.8731,1
1943,57239,Tesco,0.873,1
4111,45209,Sains,0.8727,1
14471,22470,Morrisons,0.8726,1
8002,48275,Sains,0.8726,1
7847,36275,Sains,0.8725,1
8093,48605,Sains,0.8725,1
1658,30980,Morrisons,0.8724,1
12763,27292,Morrisons,0.8724,1
10725,31972,Sains,0.8722,1
10881,38642,Sains,0.872,1
5490,63819,Tesco,0.8714,1
13058,23620,Morrisons,0.8712,1
10007,13299,ASDA,0.8711,1
2921,56352,Tesco,0.871,1
1499,53758,Tesco,0.8709,1
5051,53096,Tesco,0.8707,1
7016,54344,Tesco,0.8706,1
10973,15152,ASDA,0.8705,1
5536,61955,Tesco,0.8704,1
3057,61459,Tesco,0.8704,1
11149,5017,ASDA,0.8702,1
8359,23614,Morrisons,0.87,1
12891,3358,ASDA,0.8698,1
12594,13813,ASDA,0.8698,1
13987,9752,ASDA,0.8698,1
12706,13579,ASDA,0.8695,1
48,33727,Sains,0.8692,1
3215,30737,Morrisons,0.8692,1
6990,48724,Sains,0.8692,1
8332,17147,Morrisons,0.8691,1
7997,46206,Sains,0.8688,1
5651,29042,Morrisons,0.8687,1
5549,57112,Tesco,0.8686,1
9449,14311,ASDA,0.8686,1
12599,21721,Morrisons,0.8685,1
13254,867,ASDA,0.8685,1
8883,30740,Morrisons,0.8684,1
5808,39868,Sains,0.8683,1
899,50196,Tesco,0.8681,1
10120,34699,Sains,0.8668,1
1016,33695,Sains,0.8668,1
12973,28889,Morrisons,0.8667,1
11582,7094,ASDA,0.8662,1
11188,4746,ASDA,0.8662,1
10913,56077,Tesco,0.8661,1
12003,15495,ASDA,0.866,1
10864,59449,Tesco,0.8659,1
13644,19598,Morrisons,0.8657,1
3767,54925,Tesco,0.8657,1
11119,16541,ASDA,0.8656,1
5584,37488,Sains,0.8655,1
4095,43585,Sains,0.8654,1
4428,64046,Tesco,0.8653,1
8782,20239,Morrisons,0.8646,1
6022,63370,Tesco,0.8644,1
13820,15988,ASDA,0.8642,1
12984,16180,ASDA,0.8641,1
14347,15650,ASDA,0.864,1
12323,2495,ASDA,0.8639,1
289,35914,Sains,0.8637,1
12545,14122,ASDA,0.8636,1
5615,48804,Sains,0.8636,1
12164,36146,Sains,0.8635,1
8947,35664,Sains,0.8632,1
1463,55302,Tesco,0.8631,1
6207,48394,Sains,0.863,1
6248,29381,Morrisons,0.8629,1
14055,19730,Morrisons,0.8629,1
6728,31509,Sains,0.8628,1
12461,13588,ASDA,0.8626,1
12644,18009,Morrisons,0.8622,1
13661,7494,ASDA,0.8621,1
12364,16465,ASDA,0.8621,1
2783,62052,Tesco,0.8619,1
14447,27162,Morrisons,0.8616,1
8253,30393,Morrisons,0.8615,1
7480,60571,Tesco,0.8613,1
11313,10031,ASDA,0.8611,1
12514,2397,ASDA,0.861,1
3243,27034,Morrisons,0.861,1
8185,25401,Morrisons,0.8609,1
12209,38137,Sains,0.8605,1
13344,24816,Morrisons,0.8603,1
11496,48733,Sains,0.86,1
12196,8840,ASDA,0.8595,1
5606,30475,Morrisons,0.8592,1
6333,51917,Tesco,0.859,1
14204,10465,ASDA,0.8586,1
6361,50100,Tesco,0.8585,1
9623,9090,ASDA,0.8583,1
13447,24875,Morrisons,0.8582,1
5409,34862,Sains,0.8579,1
7767,37077,Sains,0.8575,1
12203,14653,ASDA,0.8573,1
6575,51441,Tesco,0.8572,1
14190,10717,ASDA,0.857,1
11632,39000,Sains,0.8568,1
12429,13955,ASDA,0.8566,1
14001,20038,Morrisons,0.8566,1
11246,10810,ASDA,0.8566,1
2606,24573,Morrisons,0.856,1
11140,13468,ASDA,0.8559,1
8002,19310,Morrisons,0.8558,1
13516,13459,ASDA,0.8558,1
2666,56835,Tesco,0.8557,1
14249,12341,ASDA,0.8555,1
9872,53413,Tesco,0.8554,1
10799,35992,Sains,0.8551,1
12580,7041,ASDA,0.855,1
2521,39910,Sains,0.8547,1
12678,31169,Morrisons,0.8543,1
7583,62159,Tesco,0.8543,1
2494,60723,Tesco,0.8543,1
14125,5860,ASDA,0.854,1
11171,4540,ASDA,0.8537,1
12671,6917,ASDA,0.8536,1
8009,64898,Tesco,0.8535,1
13654,28930,Morrisons,0.8531,1
14274,16872,ASDA,0.8522,1
8024,28339,Morrisons,0.852,1
5898,27144,Morrisons,0.8519,1
8117,20127,Morrisons,0.8519,1
14274,25634,Morrisons,0.8511,1
13103,22202,Morrisons,0.851,1
7365,25095,Morrisons,0.8508,1
13479,24409,Morrisons,0.8508,1
10169,36472,Sains,0.8507,1
9107,15011,ASDA,0.8506,1
10948,40249,Sains,0.8499,1
1623,53841,Tesco,0.8499,1
13569,5020,ASDA,0.8496,1
6141,30652,Morrisons,0.8492,1
1109,24177,Morrisons,0.8492,1
14027,14208,ASDA,0.849,1
13832,28419,Morrisons,0.8485,1
5140,27726,Morrisons,0.8483,1
2029,28785,Morrisons,0.8482,1
11678,4344,ASDA,0.8481,1
8429,24581,Morrisons,0.8481,1
10887,58586,Tesco,0.8481,1
3631,63119,Tesco,0.848,1
13610,15045,ASDA,0.848,1
2556,41064,Sains,0.8479,1
9313,37091,Sains,0.8475,1
636,19617,Morrisons,0.8474,1
14379,567,ASDA,0.8468,1
8321,45307,Sains,0.8468,1
8788,37432,Sains,0.8465,1
10978,15478,ASDA,0.8463,1
2524,60243,Tesco,0.8461,1
417,53237,Tesco,0.8459,1
3857,64429,Tesco,0.8458,1
13349,1897,ASDA,0.8457,1
3563,30129,Morrisons,0.8456,1
9710,12223,ASDA,0.8455,1
13652,18821,Morrisons,0.8453,1
7824,23633,Morrisons,0.8452,1
10804,8286,ASDA,0.8452,1
8200,27839,Morrisons,0.8445,1
11924,32993,Sains,0.8442,1
12929,12545,ASDA,0.8441,1
8305,62665,Tesco,0.8438,1
7366,24749,Morrisons,0.8432,1
11730,45859,Sains,0.8429,1
13,59541,Tesco,0.8428,1
6654,50022,Tesco,0.8422,1
3125,46088,Sains,0.8419,1
1683,27320,Morrisons,0.8417,1
12461,24202,Morrisons,0.8414,1
14363,28280,Morrisons,0.8414,1
1242,28084,Morrisons,0.8413,1
13025,21013,Morrisons,0.841,1
11355,5095,ASDA,0.841,1
6319,41267,Sains,0.8405,1
1559,23390,Morrisons,0.8403,1
10910,59602,Tesco,0.8403,1
788,39950,Sains,0.8403,1
6597,35198,Sains,0.8402,1
12981,26307,Morrisons,0.8401,1
8802,37445,Sains,0.84,1
11857,56552,Tesco,0.8398,1
13925,12367,ASDA,0.8393,1
12296,3370,ASDA,0.839,1
14098,14715,ASDA,0.8388,1
12623,3409,ASDA,0.8388,1
13421,31185,Morrisons,0.8386,1
8769,64661,Tesco,0.8385,1
236,53199,Tesco,0.8381,1
14055,16715,ASDA,0.8379,1
8174,40484,Sains,0.8375,1
13486,15005,ASDA,0.8375,1
13975,30088,Morrisons,0.8369,1
9206,60911,Tesco,0.8367,1
5897,29651,Morrisons,0.8366,1
1680,55676,Tesco,0.8366,1
12666,8431,ASDA,0.8363,1
12801,8603,ASDA,0.8363,1
3129,58205,Tesco,0.8361,1
11321,5373,ASDA,0.8361,1
8343,28978,Morrisons,0.836,1
9039,50481,Tesco,0.8359,1
11334,5221,ASDA,0.8359,1
5912,48348,Sains,0.8357,1
9801,14951,ASDA,0.8355,1
11571,3253,ASDA,0.8354,1
5853,46622,Sains,0.8352,1
7880,36027,Sains,0.835,1
2848,41744,Sains,0.835,1
9561,12385,ASDA,0.8347,1
3556,18937,Morrisons,0.8347,1
7890,37672,Sains,0.8343,1
1611,54881,Tesco,0.8342,1
8986,48486,Sains,0.8341,1
6182,48369,Sains,0.8338,1
12319,9685,ASDA,0.8338,1
8414,41219,Sains,0.8337,1
13672,16932,ASDA,0.8337,1
13852,824,ASDA,0.8335,1
8175,24665,Morrisons,0.8334,1
6074,46520,Sains,0.8333,1
8174,64563,Tesco,0.8332,1
9174,62125,Tesco,0.833,1
12874,21618,Morrisons,0.8329,1
13607,4631,ASDA,0.8329,1
14352,14589,ASDA,0.8327,1
8402,50827,Tesco,0.8325,1
5289,34055,Sains,0.8324,1
9366,7527,ASDA,0.8324,1
8109,44636,Sains,0.8322,1
12888,6455,ASDA,0.8321,1
3901,19832,Morrisons,0.8321,1
9909,34952,Sains,0.832,1
7958,19724,Morrisons,0.8318,1
12975,17559,Morrisons,0.8317,1
12829,23130,Morrisons,0.8316,1
10945,60544,Tesco,0.8315,1
9075,45833,Sains,0.8314,1
3654,50988,Tesco,0.8313,1
11156,41115,Sains,0.831,1
13321,30337,Morrisons,0.8309,1
6374,25834,Morrisons,0.8308,1
12156,49350,Tesco,0.8307,1
3201,45563,Sains,0.8305,1
6371,40471,Sains,0.83,1
2664,39933,Sains,0.83,1
10858,15141,ASDA,0.8295,1
13395,11414,ASDA,0.8295,1
8753,33796,Sains,0.8294,1
2294,25234,Morrisons,0.8285,1
11724,44980,Sains,0.8284,1
8793,37122,Sains,0.8283,1
12975,8642,ASDA,0.8282,1
13836,31089,Morrisons,0.8278,1
11682,4597,ASDA,0.8277,1
13752,16254,ASDA,0.8274,1
13063,12962,ASDA,0.8272,1
4182,47769,Sains,0.8269,1
4454,54822,Tesco,0.8265,1
4350,37404,Sains,0.8261,1
5213,19433,Morrisons,0.8261,1
3184,48800,Sains,0.8261,1
6097,46637,Sains,0.8261,1
9387,12343,ASDA,0.8258,1
12870,23116,Morrisons,0.8257,1
13420,209,ASDA,0.8255,1
8064,28168,Morrisons,0.8246,1
7838,37747,Sains,0.8243,1
10128,14008,ASDA,0.8243,1
6392,39620,Sains,0.824,1
11573,33226,Sains,0.824,1
11086,39422,Sains,0.824,1
4024,56606,Tesco,0.8239,1
12122,64500,Tesco,0.8238,1
9276,43667,Sains,0.8237,1
1469,17548,Morrisons,0.8236,1
7684,57761,Tesco,0.8234,1
8059,44811,Sains,0.8229,1
5225,20114,Morrisons,0.8227,1
12651,3513,ASDA,0.8227,1
11260,54142,Tesco,0.8225,1
10992,5011,ASDA,0.8225,1
11580,59907,Tesco,0.8224,1
9971,50280,Tesco,0.8223,1
6147,50111,Tesco,0.8222,1
9743,44737,Sains,0.822,1
13479,15058,ASDA,0.8219,1
9254,13879,ASDA,0.8219,1
10840,41084,Sains,0.8218,1
9384,44080,Sains,0.8217,1
10992,48496,Sains,0.8213,1
11519,59987,Tesco,0.8213,1
4349,23389,Morrisons,0.8209,1
2324,58812,Tesco,0.8209,1
13244,25490,Morrisons,0.8206,1
2279,39097,Sains,0.8205,1
13102,30561,Morrisons,0.8201,1
5642,57827,Tesco,0.8195,1
12659,16339,ASDA,0.8189,1
13687,28551,Morrisons,0.8189,1
4369,17575,Morrisons,0.8188,1
7373,49598,Tesco,0.8188,1
3263,30340,Morrisons,0.8186,1
12656,9659,ASDA,0.8184,1
2076,17770,Morrisons,0.8179,1
6329,25024,Morrisons,0.8178,1
10433,6822,ASDA,0.8178,1
9709,57390,Tesco,0.8178,1
6720,54704,Tesco,0.8173,1
10025,3474,ASDA,0.8171,1
7543,61241,Tesco,0.817,1
13419,24549,Morrisons,0.8164,1
6216,47144,Sains,0.8164,1
10587,55494,Tesco,0.8164,1
13826,31035,Morrisons,0.8164,1
4314,23839,Morrisons,0.8164,1
5112,30254,Morrisons,0.8156,1
7385,25107,Morrisons,0.8156,1
13348,24295,Morrisons,0.8156,1
2785,34459,Sains,0.8155,1
2508,29196,Morrisons,0.8155,1
14292,3317,ASDA,0.8152,1
13262,16640,ASDA,0.8152,1
10968,15062,ASDA,0.8151,1
12556,8313,ASDA,0.8146,1
5494,18173,Morrisons,0.8145,1
10957,14997,ASDA,0.8144,1
14117,5627,ASDA,0.8143,1
2054,49744,Tesco,0.8138,1
3772,18139,Morrisons,0.8137,1
12208,15201,ASDA,0.8136,1
12184,43764,Sains,0.8131,1
12536,11708,ASDA,0.813,1
10537,54222,Tesco,0.8128,1
332,25500,Morrisons,0.8127,1
2157,51424,Tesco,0.8125,1
5508,33296,Sains,0.8124,1
5098,17788,Morrisons,0.8122,1
13692,26783,Morrisons,0.8121,1
9324,15359,ASDA,0.8118,1
3577,28277,Morrisons,0.8114,1
10760,36020,Sains,0.8113,1
5074,58587,Tesco,0.8112,1
13520,31059,Morrisons,0.8111,1
3478,53178,Tesco,0.8109,1
6649,18051,Morrisons,0.8108,1
6596,35416,Sains,0.8106,1
2875,18348,Morrisons,0.8106,1
11624,2698,ASDA,0.8104,1
6809,64908,Tesco,0.8103,1
642,31066,Morrisons,0.8097,1
14149,18824,Morrisons,0.8097,1
9310,6467,ASDA,0.8095,1
10949,4683,ASDA,0.8095,1
7900,18250,Morrisons,0.8088,1
7888,52444,Tesco,0.8088,1
485,30662,Morrisons,0.8083,1
3971,28146,Morrisons,0.8082,1
9725,15762,ASDA,0.8082,1
388,46820,Sains,0.8079,1
7776,48614,Sains,0.8079,1
7567,30630,Morrisons,0.8079,1
712,48983,Sains,0.8078,1
9500,45449,Sains,0.8075,1
14245,18257,Morrisons,0.8074,1
8766,44769,Sains,0.8074,1
1111,24188,Morrisons,0.8073,1
3082,53174,Tesco,0.8072,1
13511,7167,ASDA,0.8069,1
8992,55486,Tesco,0.8068,1
2115,26792,Morrisons,0.8068,1
7830,23533,Morrisons,0.8066,1
9360,52065,Tesco,0.8064,1
3125,28803,Morrisons,0.8064,1
8268,40491,Sains,0.8063,1
13613,24986,Morrisons,0.8063,1
7319,27481,Morrisons,0.8061,1
7688,36177,Sains,0.8057,1
7705,18164,Morrisons,0.8056,1
6728,56729,Tesco,0.8056,1
5409,22105,Morrisons,0.8055,1
13586,16783,ASDA,0.8055,1
8791,24807,Morrisons,0.8051,1
9381,46259,Sains,0.8051,1
1137,34522,Sains,0.8051,1
12760,3761,ASDA,0.8045,1
8772,27301,Morrisons,0.8041,1
655,45430,Sains,0.8037,1
10925,16280,ASDA,0.8036,1
5056,20914,Morrisons,0.8036,1
11584,9612,ASDA,0.8036,1
4229,60433,Tesco,0.8034,1
1067,31368,Sains,0.8034,1
7725,50020,Tesco,0.8032,1
13640,3955,ASDA,0.803,1
13616,11861,ASDA,0.8028,1
13719,9832,ASDA,0.8028,1
5865,42335,Sains,0.8026,1
13518,28082,Morrisons,0.8025,1
5526,54467,Tesco,0.8022,1
3815,50322,Tesco,0.802,1
6031,48383,Sains,0.8019,1
5021,18167,Morrisons,0.8018,1
4731,27457,Morrisons,0.8015,1
307,49220,Tesco,0.8015,1
431,44120,Sains,0.8012,1
12531,23423,Morrisons,0.8011,1
692,44300,Sains,0.8009,1
6895,18873,Morrisons,0.8007,1
9268,37799,Sains,0.8002,1
8102,44587,Sains,0.8002,1
13541,25734,Morrisons,0.8001,1
7866,36562,Sains,0.8,1
13626,15145,ASDA,0.8,1
9314,34660,Sains,0.7999,1
9388,54807,Tesco,0.7999,1
8302,41276,Sains,0.7998,1
13302,25326,Morrisons,0.7991,1
13621,11273,ASDA,0.7989,1
13451,5031,ASDA,0.7983,1
13390,24546,Morrisons,0.798,1
11786,11918,ASDA,0.7975,1
10587,16408,ASDA,0.796,1
9276,7513,ASDA,0.7958,1
12521,23133,Morrisons,0.7955,1
8144,57664,Tesco,0.7952,1
9750,43568,Sains,0.7952,1
7594,40916,Sains,0.795,1
12381,23581,Morrisons,0.795,1
8317,58966,Tesco,0.7946,1
12227,32337,Sains,0.7945,1
8301,64704,Tesco,0.7944,1
8062,62707,Tesco,0.7944,1
2876,29075,Morrisons,0.794,1
10849,13436,ASDA,0.7936,1
14146,28380,Morrisons,0.7936,1
9771,62434,Tesco,0.7927,1
8053,28289,Morrisons,0.7923,1
1427,61871,Tesco,0.7916,1
8489,64395,Tesco,0.7915,1
10620,8607,ASDA,0.7912,1
13619,25600,Morrisons,0.7912,1
10211,54788,Tesco,0.7909,1
12091,1757,ASDA,0.7907,1
9267,9630,ASDA,0.7904,1
13362,29731,Morrisons,0.7903,1
2993,29361,Morrisons,0.79,1
3534,43840,Sains,0.7896,1
2614,25811,Morrisons,0.7893,1
5152,28615,Morrisons,0.7892,1
6793,20693,Morrisons,0.7888,1
8415,55062,Tesco,0.7888,1
13424,4321,ASDA,0.788,1
8855,64021,Tesco,0.7879,1
7398,36425,Sains,0.7879,1
13491,25553,Morrisons,0.7876,1
7732,18091,Morrisons,0.7875,1
8560,32479,Sains,0.7873,1
14371,9093,ASDA,0.7869,1
8228,41136,Sains,0.7868,1
9290,54748,Tesco,0.7867,1
1284,49718,Tesco,0.7866,1
10024,38206,Sains,0.7857,1
1199,34652,Sains,0.7856,1
7879,32706,Sains,0.7854,1
2832,26429,Morrisons,0.7844,1
8315,56169,Tesco,0.7844,1
9701,15259,ASDA,0.7841,1
8261,24951,Morrisons,0.7839,1
10560,56575,Tesco,0.7839,1
7902,34639,Sains,0.7838,1
5475,53423,Tesco,0.7837,1
358,28618,Morrisons,0.7835,1
5633,56506,Tesco,0.783,1
11749,14689,ASDA,0.7829,1
7496,17871,Morrisons,0.7829,1
10494,2367,ASDA,0.7825,1
10561,51380,Tesco,0.7822,1
6798,36959,Sains,0.782,1
2836,45882,Sains,0.7816,1
12534,2859,ASDA,0.7816,1
11853,875,ASDA,0.7814,1
2551,25592,Morrisons,0.781,1
2990,48108,Sains,0.7807,1
1437,59361,Tesco,0.7805,1
9763,53181,Tesco,0.78,1
8715,61650,Tesco,0.7799,1
6948,18883,Morrisons,0.7791,1
2485,57370,Tesco,0.7789,1
10308,63507,Tesco,0.7786,1
6039,48386,Sains,0.7786,1
12134,15175,ASDA,0.7782,1
8296,24915,Morrisons,0.7781,1
13182,17781,Morrisons,0.778,1
45,58141,Tesco,0.778,1
8926,38221,Sains,0.7773,1
10762,35046,Sains,0.7773,1
10504,35537,Sains,0.7772,1
4819,36300,Sains,0.7772,1
11015,39077,Sains,0.7771,1
10590,13294,ASDA,0.7768,1
9557,53246,Tesco,0.7766,1
13190,21722,Morrisons,0.7764,1
8712,53605,Tesco,0.7761,1
10812,13823,ASDA,0.776,1
9387,58928,Tesco,0.7757,1
12163,62340,Tesco,0.7754,1
5117,52646,Tesco,0.7739,1
10579,8956,ASDA,0.7732,1
7729,23068,Morrisons,0.7731,1
2728,56349,Tesco,0.7731,1
3485,44461,Sains,0.7731,1
11994,39195,Sains,0.7727,1
11507,35303,Sains,0.7722,1
9836,9608,ASDA,0.7722,1
7851,18120,Morrisons,0.772,1
2187,61355,Tesco,0.7719,1
7406,64173,Tesco,0.7718,1
12756,17610,Morrisons,0.7718,1
8410,41256,Sains,0.7716,1
8279,39007,Sains,0.7712,1
12164,3266,ASDA,0.7698,1
8696,27027,Morrisons,0.7697,1
10464,38199,Sains,0.7696,1
6328,27635,Morrisons,0.7696,1
6033,30078,Morrisons,0.7696,1
9029,25771,Morrisons,0.7695,1
7225,32500,Sains,0.7694,1
1110,24178,Morrisons,0.769,1
13690,29472,Morrisons,0.769,1
14061,29436,Morrisons,0.7689,1
11125,13026,ASDA,0.7689,1
12841,3351,ASDA,0.7688,1
5796,34845,Sains,0.7686,1
7863,35792,Sains,0.7681,1
11525,54726,Tesco,0.7678,1
1350,17754,Morrisons,0.767,1
2453,27890,Morrisons,0.7669,1
12586,27257,Morrisons,0.7668,1
11136,16905,ASDA,0.7667,1
3306,35871,Sains,0.7666,1
8725,57041,Tesco,0.7659,1
7140,63637,Tesco,0.7659,1
4084,18401,Morrisons,0.7658,1
8553,29644,Morrisons,0.7655,1
14208,10338,ASDA,0.7654,1
14085,14786,ASDA,0.7651,1
3727,30152,Morrisons,0.7646,1
3015,26937,Morrisons,0.7643,1
10945,4680,ASDA,0.7638,1
12978,23806,Morrisons,0.7637,1
397,29688,Morrisons,0.7636,1
10640,64755,Tesco,0.7627,1
8635,41347,Sains,0.7623,1
10676,15636,ASDA,0.7621,1
5699,41658,Sains,0.7616,1
5236,45102,Sains,0.7614,1
6097,50691,Tesco,0.7614,1
13957,6552,ASDA,0.7611,1
9354,13939,ASDA,0.761,1
10928,13016,ASDA,0.7606,1
3621,45232,Sains,0.7606,1
13528,3560,ASDA,0.7604,1
5929,46659,Sains,0.7601,1
2449,25748,Morrisons,0.7599,1
11811,61154,Tesco,0.7593,1
9763,4639,ASDA,0.7592,1
1597,53619,Tesco,0.759,1
12384,9684,ASDA,0.759,1
2678,39021,Sains,0.7587,1
12996,17914,Morrisons,0.758,1
14178,10531,ASDA,0.7574,1
5798,50501,Tesco,0.7572,1
2171,33342,Sains,0.7571,1
8844,39493,Sains,0.757,1
7927,45379,Sains,0.7568,1
8246,47161,Sains,0.7568,1
10230,64700,Tesco,0.7568,1
1488,31831,Sains,0.7567,1
9364,5562,ASDA,0.7564,1
4473,22284,Morrisons,0.7555,1
2394,41338,Sains,0.755,1
2093,31744,Sains,0.7548,1
10385,34685,Sains,0.754,1
3496,41007,Sains,0.753,1
6134,49511,Tesco,0.7525,1
13344,571,ASDA,0.7523,1
3873,25462,Morrisons,0.7522,1
358,62505,Tesco,0.7521,1
7278,58725,Tesco,0.7519,1
710,21444,Morrisons,0.7519,1
14124,15989,ASDA,0.7513,1
6439,60529,Tesco,0.7511,1
11247,10453,ASDA,0.7503,1
13976,19321,Morrisons,0.7497,1
11906,1645,ASDA,0.7496,1
6817,58477,Tesco,0.7493,1
6875,43624,Sains,0.7489,1
7642,62360,Tesco,0.7487,1
11814,9764,ASDA,0.7486,1
2980,57330,Tesco,0.7481,1
3656,23366,Morrisons,0.7481,1
2149,30849,Morrisons,0.7475,1
2659,25281,Morrisons,0.7474,1
11561,12457,ASDA,0.7474,1
10882,56404,Tesco,0.7472,1
6888,58344,Tesco,0.7461,1
784,36551,Sains,0.746,1
3734,63223,Tesco,0.7455,1
14484,9856,ASDA,0.7455,1
13656,30889,Morrisons,0.745,1
13595,4362,ASDA,0.7435,1
13494,3634,ASDA,0.7433,1
10455,13631,ASDA,0.743,1
5806,17246,Morrisons,0.7426,1
9206,13508,ASDA,0.7424,1
5935,50956,Tesco,0.742,1
2527,64181,Tesco,0.7419,1
7255,52210,Tesco,0.7419,1
13862,15298,ASDA,0.7413,1
6535,32671,Sains,0.74,1
11909,9278,ASDA,0.7389,1
10864,15022,ASDA,0.7387,1
7174,48748,Sains,0.7386,1
12934,28695,Morrisons,0.7378,1
7950,55169,Tesco,0.7375,1
2536,40102,Sains,0.7369,1
12377,8630,ASDA,0.7366,1
4073,59743,Tesco,0.7364,1
4136,20261,Morrisons,0.7361,1
11175,4753,ASDA,0.7358,1
14420,18391,Morrisons,0.735,1
12145,14026,ASDA,0.7345,1
5088,20209,Morrisons,0.7341,1
3294,52470,Tesco,0.7336,1
14106,5186,ASDA,0.7332,1
1757,36003,Sains,0.7331,1
126,24205,Morrisons,0.7329,1
13043,20324,Morrisons,0.7325,1
11894,56117,Tesco,0.7324,1
12718,17510,Morrisons,0.7321,1
10260,51550,Tesco,0.7318,1
13007,12947,ASDA,0.7317,1
8305,41055,Sains,0.7316,1
12094,46821,Sains,0.7305,1
2327,59677,Tesco,0.7297,1
14278,17120,Morrisons,0.7296,1
2765,18267,Morrisons,0.7294,1
9168,38510,Sains,0.7292,1
13627,3928,ASDA,0.729,1
12307,18294,Morrisons,0.7289,1
10221,13603,ASDA,0.7286,1
3069,19177,Morrisons,0.7283,1
8044,28217,Morrisons,0.7281,1
6866,45383,Sains,0.7279,1
8925,63046,Tesco,0.7278,1
13659,29578,Morrisons,0.7278,1
13970,9845,ASDA,0.7276,1
11460,5947,ASDA,0.7273,1
7018,46908,Sains,0.7257,1
13865,9087,ASDA,0.7253,1
11753,14626,ASDA,0.7248,1
9354,53082,Tesco,0.7244,1
9132,11872,ASDA,0.7236,1
6430,57106,Tesco,0.7235,1
8592,44982,Sains,0.7232,1
11439,5655,ASDA,0.7226,1
13429,11428,ASDA,0.7224,1
5343,36624,Sains,0.7223,1
6053,46421,Sains,0.721,1
7891,37671,Sains,0.721,1
11750,14559,ASDA,0.7199,1
9310,44051,Sains,0.7197,1
13549,25438,Morrisons,0.7197,1
8498,27566,Morrisons,0.7193,1
13193,11504,ASDA,0.7186,1
12121,62016,Tesco,0.7182,1
13363,610,ASDA,0.7182,1
1074,51696,Tesco,0.7181,1
5878,30958,Morrisons,0.718,1
2451,39590,Sains,0.7179,1
11205,38504,Sains,0.7176,1
7641,58254,Tesco,0.7174,1
2570,39160,Sains,0.7174,1
6795,17353,Morrisons,0.7171,1
8598,57689,Tesco,0.7162,1
13559,24890,Morrisons,0.7162,1
7351,63015,Tesco,0.7157,1
10164,13264,ASDA,0.7154,1
10745,37295,Sains,0.7152,1
10499,35879,Sains,0.7151,1
14420,1017,ASDA,0.7145,1
6615,64105,Tesco,0.7141,1
5902,31111,Morrisons,0.7139,1
5589,30137,Morrisons,0.7135,1
11304,5103,ASDA,0.7134,1
10125,32397,Sains,0.7132,1
1084,55639,Tesco,0.7131,1
4356,30602,Morrisons,0.7121,1
5018,55876,Tesco,0.7117,1
9241,38171,Sains,0.7116,1
2407,40430,Sains,0.7108,1
752,40275,Sains,0.7099,1
8295,59207,Tesco,0.7091,1
3546,54619,Tesco,0.7087,1
3335,45453,Sains,0.7074,1
4511,30387,Morrisons,0.7073,1
7259,52482,Tesco,0.7072,1
2570,61811,Tesco,0.707,1
10520,7714,ASDA,0.7064,1
13606,15083,ASDA,0.7062,1
3836,28714,Morrisons,0.7059,1
14193,10855,ASDA,0.7059,1
7538,28963,Morrisons,0.7056,1
10142,13756,ASDA,0.7052,1
8809,56082,Tesco,0.7048,1
4400,17085,Morrisons,0.7031,1
8506,27194,Morrisons,0.7025,1
3370,19137,Morrisons,0.7012,1
11809,43780,Sains,0.7012,1
6222,46595,Sains,0.701,1
12091,46986,Sains,0.701,1
11199,60503,Tesco,0.7009,1
10744,36897,Sains,0.7007,1
5763,62911,Tesco,0.7006,1
6820,42723,Sains,0.7004,1
6017,52741,Tesco,0.7003,1
7255,36356,Sains,0.6994,1
2188,43859,Sains,0.6993,1
5026,57242,Tesco,0.6991,1
9795,1839,ASDA,0.6988,1
6656,58807,Tesco,0.6984,1
9578,16592,ASDA,0.6978,1
10290,141,ASDA,0.6975,1
3717,52636,Tesco,0.6973,1
5966,26134,Morrisons,0.6972,1
2611,41033,Sains,0.6972,1
13351,15028,ASDA,0.697,1
5634,17166,Morrisons,0.6967,1
12069,48379,Sains,0.6965,1
2077,64276,Tesco,0.6963,1
10866,16239,ASDA,0.6957,1
7383,29947,Morrisons,0.6955,1
12226,9913,ASDA,0.6953,1
9706,43422,Sains,0.6953,1
11111,13451,ASDA,0.6941,1
11274,10326,ASDA,0.6937,1
9291,8554,ASDA,0.6934,1
10949,39881,Sains,0.6924,1
7811,24194,Morrisons,0.6923,1
11263,10871,ASDA,0.6916,1
4036,19718,Morrisons,0.6914,1
9033,40969,Sains,0.6913,1
283,23439,Morrisons,0.6903,1
8794,58421,Tesco,0.6903,1
3178,17396,Morrisons,0.6882,1
2849,41586,Sains,0.6882,1
2183,35674,Sains,0.6859,1
8156,24479,Morrisons,0.6859,1
12825,23184,Morrisons,0.6859,1
2164,30644,Morrisons,0.6847,1
13698,6106,ASDA,0.6845,1
8698,53328,Tesco,0.6839,1
9507,1656,ASDA,0.6838,1
13694,10111,ASDA,0.6838,1
3737,34246,Sains,0.6835,1
517,24921,Morrisons,0.6829,1
5820,28755,Morrisons,0.6829,1
10145,7608,ASDA,0.6826,1
11202,56401,Tesco,0.6826,1
12806,8727,ASDA,0.6823,1
13508,25759,Morrisons,0.682,1
8444,53553,Tesco,0.681,1
13822,31131,Morrisons,0.681,1
13641,16834,ASDA,0.6809,1
11799,15160,ASDA,0.6807,1
9201,13690,ASDA,0.6803,1
7162,27399,Morrisons,0.6801,1
11553,59791,Tesco,0.6793,1
2990,26509,Morrisons,0.6787,1
11606,11149,ASDA,0.6785,1
3599,55037,Tesco,0.6782,1
7517,29184,Morrisons,0.6773,1
6455,40211,Sains,0.6766,1
11617,1863,ASDA,0.6765,1
4854,58467,Tesco,0.676,1
487,45384,Sains,0.6753,1
3961,45968,Sains,0.6746,1
2086,22198,Morrisons,0.6744,1
9161,47484,Sains,0.6744,1
1204,30942,Morrisons,0.6742,1
11256,52252,Tesco,0.6741,1
9545,4105,ASDA,0.6732,1
690,44504,Sains,0.6728,1
13010,6659,ASDA,0.6727,1
5346,55471,Tesco,0.6726,1
8587,44164,Sains,0.6723,1
4071,50848,Tesco,0.6723,1
11165,41362,Sains,0.6716,1
8116,28283,Morrisons,0.6716,1
3043,58864,Tesco,0.6707,1
9242,13822,ASDA,0.6705,1
8414,64956,Tesco,0.6702,1
14450,24806,Morrisons,0.67,1
12728,23293,Morrisons,0.669,1
11726,1519,ASDA,0.6675,1
672,48659,Sains,0.6673,1
3887,62931,Tesco,0.6671,1
9561,53563,Tesco,0.6668,1
10665,35703,Sains,0.6666,1
13719,29598,Morrisons,0.6659,1
11602,628,ASDA,0.6658,1
13382,24413,Morrisons,0.6658,1
5176,52008,Tesco,0.6657,1
12572,13942,ASDA,0.6648,1
10355,2241,ASDA,0.6647,1
2690,60403,Tesco,0.6645,1
12312,23715,Morrisons,0.6638,1
6145,47607,Sains,0.6625,1
7650,54864,Tesco,0.6624,1
14243,24056,Morrisons,0.6622,1
506,62344,Tesco,0.6613,1
1246,25819,Morrisons,0.661,1
13594,17025,ASDA,0.66,1
11165,13438,ASDA,0.66,1
8353,48783,Sains,0.6596,1
10715,33892,Sains,0.6595,1
2864,57050,Tesco,0.6595,1
506,44734,Sains,0.6591,1
5164,51345,Tesco,0.6591,1
10381,11712,ASDA,0.6583,1
2360,41253,Sains,0.6582,1
8393,55407,Tesco,0.6582,1
12969,2862,ASDA,0.6575,1
13468,521,ASDA,0.6555,1
3838,50126,Tesco,0.654,1
5220,29175,Morrisons,0.6536,1
4941,30526,Morrisons,0.6535,1
454,63048,Tesco,0.6534,1
1866,48786,Sains,0.6526,1
4114,51803,Tesco,0.6508,1
13444,30096,Morrisons,0.6497,1
14072,3998,ASDA,0.6482,1
14453,24738,Morrisons,0.6481,1
9359,13542,ASDA,0.6479,1
12578,21660,Morrisons,0.6476,1
8250,61839,Tesco,0.6464,1
7570,40451,Sains,0.6454,1
9137,3015,ASDA,0.6453,1
8219,64638,Tesco,0.6446,1
13052,3110,ASDA,0.6446,1
3019,41812,Sains,0.6446,1
10964,41218,Sains,0.6442,1
2840,60867,Tesco,0.6426,1
13408,4749,ASDA,0.6416,1
9356,38296,Sains,0.6403,1
9804,1241,ASDA,0.6401,1
11638,61555,Tesco,0.64,1
9107,46886,Sains,0.6396,1
6279,29929,Morrisons,0.6386,1
5166,29606,Morrisons,0.6384,1
5478,34027,Sains,0.6376,1
10469,8290,ASDA,0.6337,1
14342,16746,ASDA,0.6336,1
9346,38109,Sains,0.6333,1
8407,40206,Sains,0.633,1
7891,55501,Tesco,0.6325,1
1346,33907,Sains,0.6325,1
6172,30800,Morrisons,0.6319,1
13768,26504,Morrisons,0.6315,1
11170,62912,Tesco,0.6314,1
11851,955,ASDA,0.6313,1
1286,59448,Tesco,0.6286,1
7876,17854,Morrisons,0.6285,1
5628,42903,Sains,0.6283,1
10500,3911,ASDA,0.6278,1
12233,6903,ASDA,0.6277,1
9425,15380,ASDA,0.6274,1
12712,17173,Morrisons,0.6266,1
3878,29730,Morrisons,0.626,1
1269,38921,Sains,0.6256,1
2122,45426,Sains,0.6251,1
11081,15048,ASDA,0.6248,1
7355,41012,Sains,0.6245,1
9210,61498,Tesco,0.6237,1
14034,29417,Morrisons,0.6236,1
1875,27644,Morrisons,0.6232,1
9407,44207,Sains,0.623,1
8813,34043,Sains,0.6228,1
12954,8655,ASDA,0.6225,1
13743,26521,Morrisons,0.6223,1
10984,59615,Tesco,0.6208,1
7382,29995,Morrisons,0.6194,1
13588,4340,ASDA,0.6186,1
12866,3497,ASDA,0.6184,1
5956,29140,Morrisons,0.6182,1
10732,41792,Sains,0.6164,1
13814,4073,ASDA,0.6157,1
6869,63219,Tesco,0.6146,1
13360,16525,ASDA,0.6139,1
7782,37171,Sains,0.6137,1
10055,16111,ASDA,0.6133,1
945,51027,Tesco,0.6123,1
11475,5171,ASDA,0.6123,1
14044,12168,ASDA,0.6106,1
346,53449,Tesco,0.6099,1
4242,17535,Morrisons,0.6092,1
11865,62115,Tesco,0.6086,1
6718,38274,Sains,0.6085,1
11816,992,ASDA,0.6082,1
10774,13804,ASDA,0.607,1
1321,25717,Morrisons,0.6069,1
2320,41073,Sains,0.6067,1
12224,59764,Tesco,0.6064,1
4417,52720,Tesco,0.6055,1
723,55276,Tesco,0.6045,1
13661,18339,Morrisons,0.6038,1
5762,48422,Sains,0.6034,1
12837,31220,Morrisons,0.6021,1
1204,37046,Sains,0.6018,1
13400,15055,ASDA,0.6015,1
10915,16244,ASDA,0.6012,1
11195,4737,ASDA,0.601,1
7237,27281,Morrisons,0.6008,1
13136,30401,Morrisons,0.5999,1
11121,4531,ASDA,0.5981,1
2305,30074,Morrisons,0.5976,1
4442,17768,Morrisons,0.5976,1
11094,4575,ASDA,0.5972,1
9967,7064,ASDA,0.5971,1
2317,58944,Tesco,0.5966,1
5763,25710,Morrisons,0.5945,1
12882,8082,ASDA,0.5935,1
5053,19070,Morrisons,0.5934,1
4892,50842,Tesco,0.5929,1
4691,34379,Sains,0.5929,1
10109,13291,ASDA,0.592,1
13352,29775,Morrisons,0.5917,1
10990,13429,ASDA,0.5909,1
11253,10860,ASDA,0.5907,1
5919,42117,Sains,0.5904,1
4521,52976,Tesco,0.5904,1
2286,62188,Tesco,0.5889,1
2332,62736,Tesco,0.587,1
13148,14011,ASDA,0.5869,1
3495,29802,Morrisons,0.5854,1
1304,24977,Morrisons,0.5853,1
8380,28229,Morrisons,0.5851,1
11263,53309,Tesco,0.5846,1
9243,14086,ASDA,0.5839,1
5222,44404,Sains,0.5831,1
7618,64424,Tesco,0.5821,1
14310,28674,Morrisons,0.5819,1
14401,26149,Morrisons,0.5818,1
11947,59597,Tesco,0.5813,1
2390,59705,Tesco,0.5811,1
3998,47401,Sains,0.5794,1
5883,54632,Tesco,0.5789,1
6182,29673,Morrisons,0.578,1
14074,18522,Morrisons,0.5778,1
11220,10647,ASDA,0.577,1
723,44095,Sains,0.5764,1
11859,43439,Sains,0.5752,1
2788,26353,Morrisons,0.5748,1
9239,7059,ASDA,0.5744,1
6455,25601,Morrisons,0.5742,1
11544,64234,Tesco,0.5734,1
6281,29912,Morrisons,0.5729,1
5308,53133,Tesco,0.5728,1
12860,7620,ASDA,0.5725,1
1533,36714,Sains,0.5725,1
9780,1306,ASDA,0.5714,1
357,57715,Tesco,0.5709,1
43,54401,Tesco,0.5686,1
13760,20254,Morrisons,0.5679,1
1239,51156,Tesco,0.5678,1
10987,39049,Sains,0.5674,1
7943,45321,Sains,0.5674,1
12824,16841,ASDA,0.5668,1
12326,28716,Morrisons,0.5665,1
14043,19674,Morrisons,0.566,1
4697,58993,Tesco,0.5649,1
69,34657,Sains,0.5645,1
11982,3458,ASDA,0.5642,1
453,62407,Tesco,0.5639,1
9721,44392,Sains,0.5637,1
11346,5689,ASDA,0.5634,1
12324,27488,Morrisons,0.5622,1
12948,18095,Morrisons,0.5613,1
10691,59827,Tesco,0.5608,1
11029,39231,Sains,0.5604,1
5767,44398,Sains,0.5603,1
12770,3189,ASDA,0.5595,1
12556,21151,Morrisons,0.5588,1
12427,21889,Morrisons,0.5579,1
11634,1906,ASDA,0.5565,1
11160,13446,ASDA,0.5559,1
12760,21591,Morrisons,0.5555,1
6746,51226,Tesco,0.5548,1
3817,33816,Sains,0.5542,1
4369,54275,Tesco,0.5513,1
324,49240,Tesco,0.9874,2
9113,16293,ASDA,0.9867,2
12869,11555,ASDA,0.9854,2
11993,3345,ASDA,0.9851,2
1210,24125,Morrisons,0.9831,2
7636,34993,Sains,0.9822,2
11260,10768,ASDA,0.9811,2
9818,8298,ASDA,0.9808,2
13736,14846,ASDA,0.9803,2
13640,28477,Morrisons,0.979,2
3919,20063,Morrisons,0.9782,2
2942,26945,Morrisons,0.9779,2
13852,28817,Morrisons,0.9779,2
13947,28162,Morrisons,0.9775,2
3610,45444,Sains,0.9753,2
10956,16824,ASDA,0.9744,2
9627,44703,Sains,0.971,2
5638,17088,Morrisons,0.9701,2
3694,50879,Tesco,0.9701,2
13839,19637,Morrisons,0.9695,2
12659,22125,Morrisons,0.9687,2
1291,39299,Sains,0.9687,2
13793,11892,ASDA,0.9684,2
12146,15086,ASDA,0.9669,2
1468,64006,Tesco,0.9666,2
12950,22385,Morrisons,0.9639,2
14278,11930,ASDA,0.9622,2
7618,37827,Sains,0.9617,2
9586,43504,Sains,0.9613,2
4699,60056,Tesco,0.9613,2
10765,6952,ASDA,0.9592,2
11124,60829,Tesco,0.9591,2
10983,62735,Tesco,0.9583,2
12132,13753,ASDA,0.9561,2
8231,39612,Sains,0.9548,2
2783,37402,Sains,0.9538,2
2647,40330,Sains,0.9532,2
13219,28961,Morrisons,0.9516,2
12813,3187,ASDA,0.9514,2
4349,51423,Tesco,0.9485,2
13152,27564,Morrisons,0.948,2
13546,11407,ASDA,0.9479,2
7901,31251,Morrisons,0.9475,2
3520,19765,Morrisons,0.9473,2
78,54531,Tesco,0.9472,2
3917,18707,Morrisons,0.9449,2
10901,58601,Tesco,0.9442,2
11653,16279,ASDA,0.9438,2
1805,24038,Morrisons,0.9434,2
2846,26466,Morrisons,0.9428,2
11194,4735,ASDA,0.9422,2
13692,5557,ASDA,0.9403,2
8194,25080,Morrisons,0.9402,2
6867,44848,Sains,0.9401,2
12463,20596,Morrisons,0.9394,2
3118,58747,Tesco,0.9387,2
6431,25377,Morrisons,0.9377,2
2390,41195,Sains,0.9373,2
8112,62951,Tesco,0.9369,2
11994,15073,ASDA,0.9367,2
13625,15411,ASDA,0.935,2
14068,7406,ASDA,0.9344,2
13426,4330,ASDA,0.9335,2
8611,50805,Tesco,0.9332,2
13826,7230,ASDA,0.9323,2
7691,35590,Sains,0.9319,2
13468,24609,Morrisons,0.931,2
14022,18840,Morrisons,0.9307,2
3613,53934,Tesco,0.9306,2
10880,15151,ASDA,0.9304,2
8809,38915,Sains,0.9301,2
3110,26659,Morrisons,0.9297,2
13443,25348,Morrisons,0.9297,2
12717,20492,Morrisons,0.9265,2
1778,59025,Tesco,0.9258,2
244,49131,Sains,0.9244,2
5534,18639,Morrisons,0.9238,2
13442,11351,ASDA,0.922,2
6695,36561,Sains,0.9216,2
11188,39223,Sains,0.9211,2
10903,15452,ASDA,0.9204,2
13316,25747,Morrisons,0.9203,2
12666,21520,Morrisons,0.919,2
10835,16900,ASDA,0.9184,2
12424,14167,ASDA,0.9169,2
13947,12129,ASDA,0.9165,2
12106,9589,ASDA,0.9164,2
11744,15200,ASDA,0.9164,2
9717,7287,ASDA,0.9155,2
4053,57475,Tesco,0.9099,2
9682,48453,Sains,0.909,2
13720,30277,Morrisons,0.9083,2
14124,26730,Morrisons,0.9077,2
9786,7428,ASDA,0.9062,2
10698,8295,ASDA,0.9057,2
3488,58827,Tesco,0.9045,2
13451,30057,Morrisons,0.9043,2
9258,8561,ASDA,0.9043,2
13195,3516,ASDA,0.9032,2
12636,17452,Morrisons,0.9024,2
7796,48594,Sains,0.9017,2
4556,36831,Sains,0.9016,2
13626,25008,Morrisons,0.8991,2
12545,18226,Morrisons,0.8975,2
9132,62571,Tesco,0.8951,2
10962,60491,Tesco,0.8948,2
9743,6605,ASDA,0.8938,2
10895,39764,Sains,0.8936,2
13644,12300,ASDA,0.8935,2
8837,23919,Morrisons,0.8934,2
8699,60656,Tesco,0.8902,2
10987,13017,ASDA,0.8897,2
2569,25187,Morrisons,0.888,2
8151,39875,Sains,0.8864,2
12196,60519,Tesco,0.8862,2
10337,2491,ASDA,0.886,2
8214,31057,Morrisons,0.8849,2
11426,5487,ASDA,0.8846,2
13447,14918,ASDA,0.8845,2
10849,40381,Sains,0.884,2
13273,24718,Morrisons,0.8832,2
11733,14623,ASDA,0.8828,2
4063,48542,Sains,0.8814,2
1679,27521,Morrisons,0.8812,2
2538,41343,Sains,0.8812,2
4544,17590,Morrisons,0.8809,2
5051,22653,Morrisons,0.8807,2
237,24960,Morrisons,0.8802,2
5376,37425,Sains,0.879,2
9495,7378,ASDA,0.8783,2
397,44495,Sains,0.8776,2
12938,18142,Morrisons,0.8765,2
4433,57933,Tesco,0.8762,2
6207,30751,Morrisons,0.8759,2
12886,24185,Morrisons,0.8758,2
1441,23234,Morrisons,0.8752,2
6196,46672,Sains,0.8745,2
1066,55042,Tesco,0.8708,2
14149,1028,ASDA,0.8693,2
10814,37389,Sains,0.8674,2
12129,6549,ASDA,0.8665,2
7359,25822,Morrisons,0.8662,2
12706,22882,Morrisons,0.8656,2
12824,23765,Morrisons,0.8655,2
13566,15153,ASDA,0.8642,2
9289,8767,ASDA,0.8624,2
12818,20660,Morrisons,0.8615,2
3813,50434,Tesco,0.8597,2
1467,57945,Tesco,0.8583,2
12521,7646,ASDA,0.8577,2
5357,20339,Morrisons,0.8575,2
13272,24904,Morrisons,0.8571,2
3090,26442,Morrisons,0.8567,2
13880,19267,Morrisons,0.8564,2
8110,28188,Morrisons,0.8552,2
13229,968,ASDA,0.8538,2
2653,39729,Sains,0.8531,2
13922,19643,Morrisons,0.8531,2
11072,11385,ASDA,0.8527,2
13142,7086,ASDA,0.8527,2
10962,669,ASDA,0.8512,2
6943,18270,Morrisons,0.8509,2
5853,51409,Tesco,0.8505,2
7407,59665,Tesco,0.8486,2
5633,23292,Morrisons,0.8483,2
10882,13387,ASDA,0.8481,2
12384,17849,Morrisons,0.8481,2
13794,14248,ASDA,0.848,2
3989,30482,Morrisons,0.8475,2
9091,9892,ASDA,0.8464,2
13548,24461,Morrisons,0.8459,2
7597,40200,Sains,0.8459,2
7562,47678,Sains,0.8456,2
10595,34200,Sains,0.8444,2
9784,14629,ASDA,0.8439,2
12998,22873,Morrisons,0.8435,2
4324,21833,Morrisons,0.8419,2
12496,18020,Morrisons,0.8416,2
9253,51562,Tesco,0.8398,2
9239,53538,Tesco,0.8391,2
14245,8479,ASDA,0.8382,2
5767,18664,Morrisons,0.837,2
11170,4560,ASDA,0.836,2
9612,9295,ASDA,0.8354,2
10601,9677,ASDA,0.8341,2
12813,21617,Morrisons,0.8328,2
13251,15084,ASDA,0.8325,2
136,60368,Tesco,0.8325,2
8820,31217,Morrisons,0.8319,2
10143,37440,Sains,0.8318,2
11906,57852,Tesco,0.8314,2
13170,10451,ASDA,0.8312,2
7571,38924,Sains,0.8301,2
12459,23195,Morrisons,0.8297,2
1160,57042,Tesco,0.8295,2
10858,64780,Tesco,0.8291,2
12805,21215,Morrisons,0.8287,2
7977,29167,Morrisons,0.8287,2
8377,28201,Morrisons,0.8284,2
10516,14053,ASDA,0.8277,2
14060,14197,ASDA,0.8276,2
11983,52380,Tesco,0.8271,2
7965,57293,Tesco,0.827,2
10810,37624,Sains,0.8267,2
6096,55118,Tesco,0.8263,2
1008,36004,Sains,0.826,2
7972,53128,Tesco,0.8239,2
13847,19936,Morrisons,0.8237,2
7577,40092,Sains,0.8235,2
11580,12986,ASDA,0.8231,2
1422,23056,Morrisons,0.8219,2
11198,39574,Sains,0.8217,2
13862,26213,Morrisons,0.8209,2
7295,47114,Sains,0.8204,2
13202,17883,Morrisons,0.8201,2
12882,18269,Morrisons,0.8188,2
8091,28175,Morrisons,0.8179,2
10999,15021,ASDA,0.8176,2
11143,2696,ASDA,0.8176,2
11936,844,ASDA,0.8176,2
7453,60633,Tesco,0.8173,2
2790,42584,Sains,0.817,2
7173,29397,Morrisons,0.8164,2
4740,32328,Sains,0.8155,2
1115,30439,Morrisons,0.8151,2
12818,432,ASDA,0.815,2
11122,16896,ASDA,0.8144,2
6809,27246,Morrisons,0.8142,2
11108,4538,ASDA,0.8119,2
7846,54513,Tesco,0.8111,2
4563,54545,Tesco,0.809,2
9766,12360,ASDA,0.8088,2
13185,24138,Morrisons,0.8084,2
8703,64984,Tesco,0.8074,2
13229,18903,Morrisons,0.8061,2
10839,4995,ASDA,0.806,2
8080,54533,Tesco,0.8057,2
4324,43474,Sains,0.8052,2
3260,20032,Morrisons,0.805,2
9724,6405,ASDA,0.8046,2
5515,62414,Tesco,0.8042,2
11048,2570,ASDA,0.8032,2
2773,36635,Sains,0.8029,2
2666,24617,Morrisons,0.8026,2
3620,19648,Morrisons,0.8023,2
1626,35752,Sains,0.8001,2
4726,36956,Sains,0.7997,2
719,45352,Sains,0.799,2
11105,5013,ASDA,0.7976,2
905,49603,Tesco,0.797,2
4238,53634,Tesco,0.7966,2
9331,11830,ASDA,0.7962,2
9360,14048,ASDA,0.7958,2
13059,21196,Morrisons,0.795,2
9269,7947,ASDA,0.7943,2
11402,45632,Sains,0.7924,2
13516,25685,Morrisons,0.7913,2
7703,18087,Morrisons,0.7895,2
5372,35815,Sains,0.7895,2
4024,44519,Sains,0.7888,2
13128,14116,ASDA,0.7879,2
10496,51520,Tesco,0.7869,2
13822,16589,ASDA,0.7864,2
10981,60216,Tesco,0.7854,2
10614,64938,Tesco,0.7843,2
13508,4727,ASDA,0.7842,2
3950,61534,Tesco,0.7832,2
13765,26331,Morrisons,0.7827,2
6904,30570,Morrisons,0.7813,2
11702,13130,ASDA,0.7791,2
12424,20825,Morrisons,0.7781,2
9346,16664,ASDA,0.777,2
13140,14170,ASDA,0.7759,2
2069,23066,Morrisons,0.7753,2
12341,3373,ASDA,0.775,2
2482,57368,Tesco,0.7744,2
13242,15210,ASDA,0.7733,2
10898,15158,ASDA,0.7724,2
2048,64494,Tesco,0.771,2
144,59540,Tesco,0.7709,2
5228,37697,Sains,0.7697,2
14039,20145,Morrisons,0.7669,2
4894,64934,Tesco,0.7655,2
8312,56278,Tesco,0.7654,2
4043,28859,Morrisons,0.7624,2
8094,56813,Tesco,0.7611,2
11094,46703,Sains,0.7609,2
13273,15027,ASDA,0.7596,2
6365,24796,Morrisons,0.7591,2
364,30472,Morrisons,0.7584,2
14235,22724,Morrisons,0.7566,2
10948,2598,ASDA,0.7564,2
7321,27499,Morrisons,0.7562,2
6306,52377,Tesco,0.7545,2
10929,59383,Tesco,0.7542,2
6222,55677,Tesco,0.7512,2
9180,5836,ASDA,0.7497,2
13980,20004,Morrisons,0.7496,2
10943,15134,ASDA,0.7457,2
8387,23456,Morrisons,0.7447,2
10728,8690,ASDA,0.7441,2
2612,30511,Morrisons,0.7411,2
2556,53975,Tesco,0.7388,2
10888,4634,ASDA,0.7377,2
4673,61948,Tesco,0.7371,2
9465,1132,ASDA,0.7366,2
11175,59963,Tesco,0.7341,2
2406,58934,Tesco,0.7338,2
12446,3270,ASDA,0.7322,2
10186,54847,Tesco,0.7317,2
7671,55768,Tesco,0.7316,2
13830,30085,Morrisons,0.7315,2
4935,52729,Tesco,0.7313,2
13419,15464,ASDA,0.7268,2
13648,7520,ASDA,0.7262,2
10943,47390,Sains,0.7257,2
14107,28138,Morrisons,0.725,2
13549,16310,ASDA,0.7232,2
6430,28078,Morrisons,0.7232,2
4473,32501,Sains,0.7227,2
12265,61835,Tesco,0.7226,2
6932,20008,Morrisons,0.721,2
3217,26527,Morrisons,0.719,2
13740,19173,Morrisons,0.7188,2
12383,16918,ASDA,0.7185,2
10559,13638,ASDA,0.7181,2
13485,25472,Morrisons,0.7165,2
11058,64937,Tesco,0.7156,2
11279,1130,ASDA,0.7151,2
10899,15417,ASDA,0.7149,2
9706,16001,ASDA,0.7147,2
2576,24431,Morrisons,0.712,2
7757,24267,Morrisons,0.712,2
13250,29193,Morrisons,0.7111,2
14106,26467,Morrisons,0.711,2
11067,11418,ASDA,0.7085,2
7564,24830,Morrisons,0.7043,2
13462,13386,ASDA,0.7043,2
8407,56522,Tesco,0.7019,2
5572,18430,Morrisons,0.7012,2
9298,50076,Tesco,0.7004,2
2239,49716,Tesco,0.6982,2
12661,22363,Morrisons,0.6976,2
14043,6533,ASDA,0.6974,2
10628,13961,ASDA,0.6968,2
14328,4719,ASDA,0.6955,2
11200,4525,ASDA,0.6944,2
11857,12377,ASDA,0.6929,2
12853,22537,Morrisons,0.6923,2
13324,4635,ASDA,0.6918,2
2335,24736,Morrisons,0.6914,2
8635,24759,Morrisons,0.6883,2
2498,24629,Morrisons,0.6873,2
8080,18993,Morrisons,0.6865,2
12279,28524,Morrisons,0.6796,2
8245,40792,Sains,0.6779,2
11993,33479,Sains,0.6763,2
63,24701,Morrisons,0.6723,2
7195,56040,Tesco,0.6689,2
13630,28460,Morrisons,0.6678,2
9175,3112,ASDA,0.6673,2
8378,18023,Morrisons,0.6673,2
5725,24448,Morrisons,0.6651,2
9051,39180,Sains,0.6644,2
5554,28441,Morrisons,0.6639,2
11204,15030,ASDA,0.6617,2
10367,3746,ASDA,0.6604,2
2575,24451,Morrisons,0.6569,2
13058,435,ASDA,0.6553,2
4186,33457,Sains,0.6533,2
8788,53004,Tesco,0.6522,2
9573,6550,ASDA,0.6478,2
13471,643,ASDA,0.6474,2
12319,22029,Morrisons,0.647,2
7876,54495,Tesco,0.6461,2
13270,599,ASDA,0.6443,2
2574,39411,Sains,0.6431,2
13284,1872,ASDA,0.6426,2
10608,36914,Sains,0.6425,2
14259,16648,ASDA,0.6384,2
7791,17524,Morrisons,0.6344,2
9184,14998,ASDA,0.6332,2
12203,56365,Tesco,0.6319,2
2094,58742,Tesco,0.6315,2
3534,28810,Morrisons,0.6312,2
6338,57383,Tesco,0.6283,2
5606,42400,Sains,0.6232,2
14178,25919,Morrisons,0.6232,2
6017,30075,Morrisons,0.6225,2
11087,634,ASDA,0.6213,2
9267,55730,Tesco,0.618,2
2862,56255,Tesco,0.6167,2
10892,4632,ASDA,0.6162,2
13248,13117,ASDA,0.6162,2
6105,30898,Morrisons,0.6118,2
6368,48483,Sains,0.6104,2
9168,145,ASDA,0.6086,2
13828,7356,ASDA,0.6072,2
433,48131,Sains,0.607,2
9630,9030,ASDA,0.6066,2
6302,39584,Sains,0.6058,2
6868,52632,Tesco,0.6015,2
13177,17834,Morrisons,0.5967,2
14483,29265,Morrisons,0.5931,2
12931,8,ASDA,0.593,2
6352,29772,Morrisons,0.5918,2
2094,22608,Morrisons,0.5856,2
13535,14891,ASDA,0.5847,2
13004,18321,Morrisons,0.5829,2
11881,62784,Tesco,0.5829,2
5941,26097,Morrisons,0.5814,2
10969,40822,Sains,0.5802,2
10996,41351,Sains,0.5788,2
6176,62305,Tesco,0.5787,2
2133,20256,Morrisons,0.5763,2
10913,13397,ASDA,0.5727,2
5097,19742,Morrisons,0.5702,2
10268,7707,ASDA,0.57,2
2084,17504,Morrisons,0.5677,2
999,61359,Tesco,0.5573,2
2332,30412,Morrisons,0.5566,2
13671,28100,Morrisons,0.5564,2
13295,25091,Morrisons,0.5504,2
14262,12491,ASDA,0.5501,2
