demo_order,cluster_id,category,cluster_label,Tesco_product,Tesco_price_£,Tesco_size,Sainsbury's_product,Sainsbury's_price_£,Sainsbury's_size,ASDA_product,ASDA_price_£,ASDA_size,Morrisons_product,Morrisons_price_£,Morrisons_size
1,2728,drinks,Millicano Americano Intense Instant Coffee,Kenco Millicano Americano Intense Instant Coffee 95G,3.75,95g,Kenco Millicano Americano Intense Instant Coffee 95g,6.0,95g,Kenco Millicano Americano Intense Instant Coffee,4.0,95g,Kenco Millicano Intense Instant Coffee,4.0,95g
2,2813,fresh_food,Creamy Mash,Tesco Finest Creamy Buttery Mash 450G,2.75,450g,Pure Dairy Free Buttery Taste 500g,2.15,500g,ASDA Extra Special Creamy Mash,1.25,400g,Morrisons Creamy Mash,1.15,450g
3,2854,fresh_food,Cornish Pasties,Tesco 4 Cornish Pasties 520G,2.35,520g,Sainsbury's Cornish Pasties x4 520g,3.0,520g,ASDA 4 Cornish Pasties,2.5,510g,Morrisons Cornish Pasties,2.39,510g
4,2881,drinks,Pure Tropical Fruit Juice,Tropicana Tropical Fruit Juice 1.5L,3.0,1500ml,Tropicana Pure Tropical Fruit Juice 1.5L,3.0,1500ml,Tropicana Pure Tropical Fruit Juice 1.5L,4.0,1500ml,Tropicana Tropical Juice,4.0,1500ml
5,2892,drinks,Apple and Ginger Juice,Cawston Press Apple & Ginger Juice 1 Litre,2.9,1000ml,Cawston Press Apple & Ginger Juice 1L,2.9,1000ml,ASDA Apple & Ginger Juice,2.0,1000ml,Cawston Press Apple & Ginger Juice,2.9,1000ml
6,2945,food_cupboard,Cake Decor Edible Glue,Cake Decor Edible Glue 15G,1.1,15g,Cake Decor Edible Cake Decoration Pens x8,3.15,16g,Cake Decor Edible Glue,1.05,15g,Cake Decor Edible Glue,1.75,19g
7,3078,food_cupboard,Delight 5 Raspberry Rocky Road Bars,Alpen Delight Cereal Bars Raspberry Rocky Road 5x24g,1.1,120g,Alpen Delight Raspberry Rocky Road Bars 5x24g,1.25,120g,Alpen Delight 5 Raspberry Rocky Road Bars 120g,1.0,120g,Alpen Delight Cereal Bars Raspberry Rocky Road,1.25,120g
8,3113,food_cupboard,Original Curry,Pot Noodle Original Curry Instant Noodles 90g,1.2,90g,Pot Noodle Original Curry 90g,1.3,90g,Pot Noodle Original Curry,0.65,90g,Pot Noodle Original Curry Standard,1.29,90g
9,3239,drinks,Beefsteak Club Rare Malbec Pays d'Oc,Beefsteak Club Malbec 75Cl,7.0,750ml,Beefsteak Club Malbec 75cl,6.75,750ml,Beefsteak Club Rare Malbec Pays d'Oc 75cl,6.5,750ml,Beefsteak Club Mendoza Malbec,8.75,750ml
10,3271,drinks,Fillipo Sansovino Pinot Grigio,Pinot Pinot Pinot Grigio Spritzer 200ml,2.0,200ml,PinotPinot Pinot Grigio Fizz 20cl,2.25,200ml,Fillipo Sansovino Pinot Grigio 18.7cl,2.25,187ml,Pinot Pinot Pinot Grigio Spritzer Can,2.75,200ml
11,3282,frozen,Potato Smiles,McCain Potato Smiles 454G,1.5,454g,McCain Potato Smiles 454g,2.0,454g,McCain Potato Smiles,2.0,450g,McCain Potato Smiles,2.49,450g
12,3337,frozen,4 Beef Quarter Pounders with Plant Protein and Onion,Birds Eye 4 Beef Quarter Pounders with Plant Protein and Onion 454g,4.0,454g,Birds Eye Beef Quarter Pounders with Plant Protein & Onion x4 454g,4.25,454g,Birds Eye 4 Beef Quarter Pounders with Plant Protein and Onion 454g,4.0,454g,Birds Eye 4 Original Beef Quarter Pounder Burgers,4.39,450g
13,3386,fresh_food,Skyr Vanilla Icelandic Style Yogurt,Arla Skyr Vanilla Yogurt 450G,2.2,450g,Arla Skyr Vanilla Icelandic Style Yogurt 450g,1.25,450g,Arla Skyr Vanilla Icelandic Style Yogurt,1.85,450g,Arla Skyr Vanilla Icelandic Style Yogurt,2.25,450g
14,3552,food_cupboard,Oxtail Soup,Heinz Oxtail Soup 400G,1.7,400g,Heinz Oxtail Soup 400g,1.2,400g,Heinz Oxtail Soup,1.7,400g,Heinz Oxtail Soup,1.7,400g
15,3661,food_cupboard,Easy Ginger,Tesco Ginger 100g,1.2,100g,Sainsbury's Ginger 100g,1.0,100g,COOK by ASDA Easy Ginger 95g,1.55,95g,Morrisons Ginger,1.25,125g
16,3677,food_cupboard,Roast Potato Seasoning,Tesco Baharat Seasoning 53G,2.55,53g,"Sainsbury's Roast Potato Seasoning, Inspired to Cook 62g",1.25,62.5g,COOK by ASDA Roast Potato Seasoning,1.1,68.8g,Morrisons All Purpose Seasoning,1.09,48g
17,3683,food_cupboard,Classic Malt Vinegar,Tesco Malt Vinegar 568Ml,0.35,568ml,Sainsbury's Malt Vinegar 568ml,0.4,568ml,ASDA Classic Malt Vinegar 568ml,0.35,568ml,,,
18,3815,free-from,Falafels,Cauldron Foods Falafel 200G,2.5,200g,Cauldron Falafels 200g,2.6,200g,Cauldron Vegan Falafels,2.0,200g,Cauldron Vegan Middle Eastern Falafels,2.49,200g
19,3869,bakery,Fairy Cakes,Ms Molly's 12 Fairy Cakes,0.99,,Stamford Street Co. Fairy Cakes x12,1.25,,The BAKERY at ASDA 12 Fairy Cakes,2.0,,Regal Plain Fairy Cakes,1.2,
20,3877,bakery,We Love Cake 4 Raspberry Ripple Cake Slices,We Love Cake Free From Raspberry Ripple 4 Pack 150G,2.3,150g,We Love Cake Raspberry Ripple Cake Slices x4 150g,2.3,150g,We Love Cake 4 Raspberry Ripple Cake Slices,2.3,150g,Wedel Raspberry Supreme Jaffa Cakes,1.29,150g
21,3948,food_cupboard,Lasagne Red Tomato Sauce,Dolmio Lasagne Red Tomato Sauce 500g,1.65,500g,Dolmio Lasagne Red Tomato Sauce 500g,2.5,500g,Dolmio Lasagne Red Tomato Sauce,2.5,500g,Dolmio Lasagne Red Tomato Sauce,2.5,500g
22,4011,free-from,Moo Free Choccy Rocks Moofreesas,Moo Free Moofreesas Choccy Balls 35G,1.3,35g,Moo Free Moofreesas Choccy Bar with Crunchy Biscuit Balls 35g,1.2,35g,Moo Free Choccy Rocks Moofreesas,1.0,35g,Moo Free Choccy Rocks Moofreesas,1.2,35g
23,4097,drinks,Champagne,Bollinger Champagne Non Vintage 75Cl,58.0,750ml,"Bollinger Special Cuvee, Non Vintage Champagne 75cl",58.0,750ml,Bollinger Champagne,58.0,750ml,Champagne Charles Clement…,25.0,750ml
24,4211,fresh_food,Boneless Pork Leg Joint,Tesco Pork Leg Joint Crackling 1kg,5.0,1000g,Sainsbury's British Fresh Pork Crackling Leg Joint 1kg-1.8kg,8.4,1000g,ASDA Boneless Pork Leg Joint,4.99,950g,Market Street British Pork Leg Joint,7.7,1100g
25,4239,drinks,Premium Lager Beer Bottle,Heineken Lager Beer Bottle 650ml,2.5,650ml,Heineken Premium Lager Beer Bottle 650ml,2.0,650ml,Heineken Premium Lager Beer Bottle,2.5,650ml,Heineken Premium Lager Beer Bottle,2.75,650ml
