supermarket,prices_(£),prices_unit_(£),unit,names,date,category,own_brand,is_truncated,original_name,supermarket_brand,tier_type,tier_keyword,known_brand,pack_quantity,pack_pattern,unit_value,unit_type,abv_percentage,unit_inferred,attributes_types,attributes_keywords,descriptors,core_product_name,normalized_name,product_idx,known_brand_clean,product_type,has_unit,has_pack,cat_norm,cluster_id,cluster_size,demo_order
ASDA,4.0,42.1,kg,Kenco Millicano Americano Intense Instant Coffee,20240413,drinks,False,False,Kenco Millicano Americano Intense Instant Coffee,,,,Kenco,,,95.0,g,,True,,,,Millicano Americano Intense Instant Coffee,kenco millicano americano intense instant coffee,51,Kenco,branded,True,False,drinks,2728,4,1
Morrisons,4.0,42.1,kg,Kenco Millicano Intense Instant Coffee,20240413,food_cupboard,False,False,Kenco Millicano Intense Instant Coffee,,,,Kenco,,,95.0,g,,True,,,,Millicano Intense Instant Coffee,kenco millicano intense instant coffee,21493,Kenco,branded,True,False,food_cupboard,2728,4,1
Sains,6.0,63.2,kg,Kenco Millicano Americano Intense Instant Coffee 95g,20240413,food_cupboard,False,False,Kenco Millicano Americano Intense Instant Coffee 95g,,,,Kenco,,,95.0,g,,False,,,,Millicano Americano Intense Instant Coffee,kenco millicano americano intense instant coffee,35032,Kenco,branded,True,False,food_cupboard,2728,4,1
Tesco,3.75,39.5,kg,Kenco Millicano Americano Intense Instant Coffee 95G,20240413,drinks,False,False,Kenco Millicano Americano Intense Instant Coffee 95G,,,,Kenco,,,95.0,g,,False,,,,Millicano Americano Intense Instant Coffee,kenco millicano americano intense instant coffee,60682,Kenco,branded,True,False,drinks,2728,4,1
ASDA,1.25,3.12,kg,ASDA Extra Special Creamy Mash,20240413,fresh_food,True,False,ASDA Extra Special Creamy Mash,ASDA Extra Special,premium,Extra Special,,,,400.0,g,,True,,,{'texture': ['creamy']},Creamy Mash,creamy mash,995,,own_brand,True,False,fresh_food,2813,4,2
Morrisons,1.15,2.56,kg,Morrisons Creamy Mash,20240413,fresh_food,True,False,Morrisons Creamy Mash,Morrisons,standard,,,,,450.0,g,,True,,,{'texture': ['creamy']},Creamy Mash,creamy mash,19244,,own_brand,True,False,fresh_food,2813,4,2
Sains,2.15,4.3,kg,Pure Dairy Free Buttery Taste 500g,20240413,fresh_food,False,False,Pure Dairy Free Buttery Taste 500g,,,,,,,500.0,g,,False,free_from,dairy free,,Pure Buttery Taste,pure buttery taste,44724,,unbranded,True,False,fresh_food,2813,4,2
Tesco,2.75,6.11,kg,Tesco Finest Creamy Buttery Mash 450G,20240413,fresh_food,True,False,Tesco Finest Creamy Buttery Mash 450G,Tesco Finest,premium,Finest,,,,450.0,g,,False,,,{'texture': ['creamy']},Creamy Buttery Mash,creamy buttery mash,60892,,own_brand,True,False,fresh_food,2813,4,2
ASDA,2.5,4.8,kg,ASDA 4 Cornish Pasties,20240413,fresh_food,True,False,ASDA 4 Cornish Pasties,ASDA,standard,,,4.0,leading_count,510.0,g,,True,,,,Cornish Pasties,cornish pasties,1510,,own_brand,True,True,fresh_food,2854,4,3
Morrisons,2.39,4.6,kg,Morrisons Cornish Pasties,20240413,fresh_food,True,False,Morrisons Cornish Pasties,Morrisons,standard,,,,,510.0,g,,True,,,,Cornish Pasties,cornish pasties,19324,,own_brand,True,False,fresh_food,2854,4,3
Sains,3.0,5.8,kg,Sainsbury's Cornish Pasties x4 520g,20240413,fresh_food,True,False,Sainsbury's Cornish Pasties x4 520g,Sainsbury's,standard,,,4.0,x_count,520.0,g,,False,,,,Cornish Pasties,cornish pasties,44326,,own_brand,True,True,fresh_food,2854,4,3
Tesco,2.35,4.5,kg,Tesco 4 Cornish Pasties 520G,20240413,fresh_food,True,False,Tesco 4 Cornish Pasties 520G,Tesco,standard,,,4.0,leading_count,520.0,g,,False,,,,Cornish Pasties,cornish pasties,51295,,own_brand,True,True,fresh_food,2854,4,3
ASDA,4.0,2.7,l,Tropicana Pure Tropical Fruit Juice 1.5L,20240413,drinks,False,False,Tropicana Pure Tropical Fruit Juice 1.5L,,,,Tropicana,,,1500.0,ml,,False,,,,Pure Tropical Fruit Juice,tropicana pure tropical fruit juice,1769,Tropicana,branded,True,False,drinks,2881,4,4
Morrisons,4.0,2.7,l,Tropicana Tropical Juice,20240413,drinks,False,False,Tropicana Tropical Juice,,,,Tropicana,,,1500.0,ml,,True,,,,Tropical Juice,tropicana tropical juice,27807,Tropicana,branded,True,False,drinks,2881,4,4
Sains,3.0,2.0,l,Tropicana Pure Tropical Fruit Juice 1.5L,20240413,drinks,False,False,Tropicana Pure Tropical Fruit Juice 1.5L,,,,Tropicana,,,1500.0,ml,,False,,,,Pure Tropical Fruit Juice,tropicana pure tropical fruit juice,39053,Tropicana,branded,True,False,drinks,2881,4,4
Tesco,3.0,2.0,l,Tropicana Tropical Fruit Juice 1.5L,20240412,drinks,False,False,Tropicana Tropical Fruit Juice 1.5L,,,,Tropicana,,,1500.0,ml,,False,,,,Tropical Fruit Juice,tropicana tropical fruit juice,62293,Tropicana,branded,True,False,drinks,2881,4,4
ASDA,2.0,2.0,l,ASDA Apple & Ginger Juice,20240413,drinks,True,False,ASDA Apple & Ginger Juice,ASDA,standard,,,,,1000.0,ml,,True,,,,Apple and Ginger Juice,apple and ginger juice,1886,,own_brand,True,False,drinks,2892,4,5
Morrisons,2.9,2.9,l,Cawston Press Apple & Ginger Juice,20240413,drinks,False,False,Cawston Press Apple & Ginger Juice,,,,Cawston Press,,,1000.0,ml,,True,,,,Apple and Ginger Juice,cawston press apple and ginger juice,27978,Cawston Press,branded,True,False,drinks,2892,4,5
Sains,2.9,2.9,l,Cawston Press Apple & Ginger Juice 1L,20240413,drinks,False,False,Cawston Press Apple & Ginger Juice 1L,,,,Cawston Press,,,1000.0,ml,,False,,,,Apple and Ginger Juice,cawston press apple and ginger juice,39162,Cawston Press,branded,True,False,drinks,2892,4,5
Tesco,2.9,2.9,l,Cawston Press Apple & Ginger Juice 1 Litre,20240413,fresh_food,False,False,Cawston Press Apple & Ginger Juice 1 Litre,,,,Cawston Press,,,1000.0,ml,,False,,,,Apple and Ginger Juice,cawston press apple and ginger juice,50450,Cawston Press,branded,True,False,fresh_food,2892,4,5
ASDA,1.05,70.0,kg,Cake Decor Edible Glue,20240413,food_cupboard,False,False,Cake Decor Edible Glue,,,,,,,15.0,g,,True,,,,Cake Decor Edible Glue,cake decor edible glue,2454,,unbranded,True,False,food_cupboard,2945,4,6
Morrisons,1.75,92.1,kg,Cake Decor Edible Glue,20240413,food_cupboard,False,False,Cake Decor Edible Glue,,,,,,,19.0,g,,True,,,,Cake Decor Edible Glue,cake decor edible glue,24176,,unbranded,True,False,food_cupboard,2945,4,6
Sains,3.15,196.9,kg,Cake Decor Edible Cake Decoration Pens x8,20240413,food_cupboard,False,False,Cake Decor Edible Cake Decoration Pens x8,,,,,8.0,x_count,16.0,g,,True,,,,Cake Decor Edible Cake Decoration Pens,cake decor edible cake decoration pens,36479,,unbranded,True,True,food_cupboard,2945,4,6
Tesco,1.1,73.3,kg,Cake Decor Edible Glue 15G,20240413,food_cupboard,False,False,Cake Decor Edible Glue 15G,,,,,,,15.0,g,,False,,,,Cake Decor Edible Glue,cake decor edible glue,61349,,unbranded,True,False,food_cupboard,2945,4,6
ASDA,1.0,8.3,kg,Alpen Delight 5 Raspberry Rocky Road Bars 120g,20240413,food_cupboard,False,False,Alpen Delight 5 Raspberry Rocky Road Bars 120g,,,,Alpen,,,120.0,g,,False,,,,Delight 5 Raspberry Rocky Road Bars,alpen delight 5 raspberry rocky road bars,3523,Alpen,branded,True,False,food_cupboard,3078,4,7
Morrisons,1.25,10.4,kg,Alpen Delight Cereal Bars Raspberry Rocky Road,20240413,food_cupboard,False,False,Alpen Delight Cereal Bars Raspberry Rocky Road,,,,Alpen,,,120.0,g,,True,,,,Delight Cereal Bars Raspberry Rocky Road,alpen delight cereal bars raspberry rocky road,21183,Alpen,branded,True,False,food_cupboard,3078,4,7
Sains,1.25,10.4,kg,Alpen Delight Raspberry Rocky Road Bars 5x24g,20240413,food_cupboard,False,False,Alpen Delight Raspberry Rocky Road Bars 5x24g,,,,Alpen,5.0,count_x_size,120.0,g,,False,,,,Delight Raspberry Rocky Road Bars,alpen delight raspberry rocky road bars,37064,Alpen,branded,True,True,food_cupboard,3078,4,7
Tesco,1.1,9.2,kg,Alpen Delight Cereal Bars Raspberry Rocky Road 5x24g,20240413,food_cupboard,False,False,Alpen Delight Cereal Bars Raspberry Rocky Road 5x24g,,,,Alpen,5.0,count_x_size,120.0,g,,False,,,,Delight Cereal Bars Raspberry Rocky Road,alpen delight cereal bars raspberry rocky road,53890,Alpen,branded,True,True,food_cupboard,3078,4,7
ASDA,0.65,7.22,kg,Pot Noodle Original Curry,20240413,food_cupboard,False,False,Pot Noodle Original Curry,,,,Pot Noodle,,,90.0,g,,True,,,,Original Curry,pot noodle original curry,3704,Pot Noodle,branded,True,False,food_cupboard,3113,4,8
Morrisons,1.29,14.33,kg,Pot Noodle Original Curry Standard,20240413,food_cupboard,False,False,Pot Noodle Original Curry Standard,,,,Pot Noodle,,,90.0,g,,True,,,,Original Curry Standard,pot noodle original curry standard,21840,Pot Noodle,branded,True,False,food_cupboard,3113,4,8
Sains,1.3,14.44,kg,Pot Noodle Original Curry 90g,20240413,food_cupboard,False,False,Pot Noodle Original Curry 90g,,,,Pot Noodle,,,90.0,g,,False,,,,Original Curry,pot noodle original curry,32049,Pot Noodle,branded,True,False,food_cupboard,3113,4,8
Tesco,1.2,13.33,kg,Pot Noodle Original Curry Instant Noodles 90g,20240413,food_cupboard,False,False,Pot Noodle Original Curry Instant Noodles 90g,,,,Pot Noodle,,,90.0,g,,False,,,,Original Curry Instant Noodles,pot noodle original curry instant noodles,56925,Pot Noodle,branded,True,False,food_cupboard,3113,4,8
ASDA,6.5,86.64,l,Beefsteak Club Rare Malbec Pays d'Oc 75cl,20240413,drinks,False,False,Beefsteak Club Rare Malbec Pays d'Oc 75cl,,,,,,,750.0,ml,,False,,,,Beefsteak Club Rare Malbec Pays d'Oc,beefsteak club rare malbec pays doc,4715,,unbranded,True,False,drinks,3239,4,9
Morrisons,8.75,11.64,l,Beefsteak Club Mendoza Malbec,20240413,drinks,False,False,Beefsteak Club Mendoza Malbec,,,,,,,750.0,ml,,True,,,,Beefsteak Club Mendoza Malbec,beefsteak club mendoza malbec,24449,,unbranded,True,False,drinks,3239,4,9
Sains,6.75,8.98,l,Beefsteak Club Malbec 75cl,20240413,drinks,False,False,Beefsteak Club Malbec 75cl,,,,,,,750.0,ml,,False,,,,Beefsteak Club Malbec,beefsteak club malbec,39312,,unbranded,True,False,drinks,3239,4,9
Tesco,7.0,9.31,l,Beefsteak Club Malbec 75Cl,20240413,drinks,False,False,Beefsteak Club Malbec 75Cl,,,,,,,750.0,ml,,False,,,,Beefsteak Club Malbec,beefsteak club malbec,61574,,unbranded,True,False,drinks,3239,4,9
ASDA,2.25,120.24,l,Fillipo Sansovino Pinot Grigio 18.7cl,20240413,drinks,False,False,Fillipo Sansovino Pinot Grigio 18.7cl,,,,,,,187.0,ml,,False,,,,Fillipo Sansovino Pinot Grigio,fillipo sansovino pinot grigio,4987,,unbranded,True,False,drinks,3271,4,10
Morrisons,2.75,13.71,l,Pinot Pinot Pinot Grigio Spritzer Can,20240413,drinks,False,False,Pinot Pinot Pinot Grigio Spritzer Can,,,,,,,200.0,ml,,True,,,{'packaging': ['can']},Pinot Pinot Pinot Grigio Spritzer Can,pinot pinot pinot grigio spritzer can,25033,,unbranded,True,False,drinks,3271,4,10
Sains,2.25,11.23,l,PinotPinot Pinot Grigio Fizz 20cl,20240413,drinks,False,False,PinotPinot Pinot Grigio Fizz 20cl,,,,,,,200.0,ml,,False,,,,PinotPinot Pinot Grigio Fizz,pinotpinot pinot grigio fizz,39765,,unbranded,True,False,drinks,3271,4,10
Tesco,2.0,9.98,l,Pinot Pinot Pinot Grigio Spritzer 200ml,20240413,drinks,False,False,Pinot Pinot Pinot Grigio Spritzer 200ml,,,,,,,200.0,ml,,False,,,,Pinot Pinot Pinot Grigio Spritzer,pinot pinot pinot grigio spritzer,61366,,unbranded,True,False,drinks,3271,4,10
ASDA,2.0,4.41,kg,McCain Potato Smiles,20240413,frozen,False,False,McCain Potato Smiles,,,,Mccain,,,450.0,g,,True,,,,Potato Smiles,mccain potato smiles,5099,Mccain,branded,True,False,frozen,3282,4,11
Morrisons,2.49,5.48,kg,McCain Potato Smiles,20240413,food_cupboard,False,False,McCain Potato Smiles,,,,Mccain,,,450.0,g,,True,,,,Potato Smiles,mccain potato smiles,17635,Mccain,branded,True,False,food_cupboard,3282,4,11
Sains,2.0,4.41,kg,McCain Potato Smiles 454g,20240413,free-from,False,False,McCain Potato Smiles 454g,,,,Mccain,,,454.0,g,,False,,,,Potato Smiles,mccain potato smiles,41547,Mccain,branded,True,False,free_from,3282,4,11
Tesco,1.5,3.31,kg,McCain Potato Smiles 454G,20240413,frozen,False,False,McCain Potato Smiles 454G,,,,Mccain,,,454.0,g,,False,,,,Potato Smiles,mccain potato smiles,60655,Mccain,branded,True,False,frozen,3282,4,11
ASDA,4.0,8.81,kg,Birds Eye 4 Beef Quarter Pounders with Plant Protein and Onion 454g,20240413,frozen,False,False,Birds Eye 4 Beef Quarter Pounders with Plant Protein and Onion 454g,,,,Birds Eye,,,454.0,g,,False,,,,4 Beef Quarter Pounders with Plant Protein and Onion,birds eye 4 beef quarter pounders with plant protein and onion,5656,Birds Eye,branded,True,False,frozen,3337,4,12
Morrisons,4.39,9.63,kg,Birds Eye 4 Original Beef Quarter Pounder Burgers,20240413,frozen,False,False,Birds Eye 4 Original Beef Quarter Pounder Burgers,,,,Birds Eye,,,450.0,g,,True,,,{'cut_meat': ['burgers']},4 Original Beef Quarter Pounder Burgers,birds eye 4 original beef quarter pounder burgers,27057,Birds Eye,branded,True,False,frozen,3337,4,12
Sains,4.25,9.36,kg,Birds Eye Beef Quarter Pounders with Plant Protein & Onion x4 454g,20240413,frozen,False,False,Birds Eye Beef Quarter Pounders with Plant Protein & Onion x4 454g,,,,Birds Eye,4.0,x_count,454.0,g,,False,,,,Beef Quarter Pounders with Plant Protein and Onion,birds eye beef quarter pounders with plant protein and onion,45846,Birds Eye,branded,True,True,frozen,3337,4,12
Tesco,4.0,8.81,kg,Birds Eye 4 Beef Quarter Pounders with Plant Protein and Onion 454g,20240413,frozen,False,False,Birds Eye 4 Beef Quarter Pounders with Plant Protein and Onion 454g,,,,Birds Eye,,,454.0,g,,False,,,,4 Beef Quarter Pounders with Plant Protein and Onion,birds eye 4 beef quarter pounders with plant protein and onion,61938,Birds Eye,branded,True,False,frozen,3337,4,12
ASDA,1.85,4.1,kg,Arla Skyr Vanilla Icelandic Style Yogurt,20240413,fresh_food,False,False,Arla Skyr Vanilla Icelandic Style Yogurt,,,,Arla,,,450.0,g,,True,,,,Skyr Vanilla Icelandic Style Yogurt,arla skyr vanilla icelandic style yogurt,6011,Arla,branded,True,False,fresh_food,3386,4,13
Morrisons,2.25,5.0,kg,Arla Skyr Vanilla Icelandic Style Yogurt,20240413,fresh_food,False,False,Arla Skyr Vanilla Icelandic Style Yogurt,,,,Arla,,,450.0,g,,True,,,,Skyr Vanilla Icelandic Style Yogurt,arla skyr vanilla icelandic style yogurt,18566,Arla,branded,True,False,fresh_food,3386,4,13
Sains,1.25,2.8,kg,Arla Skyr Vanilla Icelandic Style Yogurt 450g,20240413,fresh_food,False,False,Arla Skyr Vanilla Icelandic Style Yogurt 450g,,,,Arla,,,450.0,g,,False,,,,Skyr Vanilla Icelandic Style Yogurt,arla skyr vanilla icelandic style yogurt,44522,Arla,branded,True,False,fresh_food,3386,4,13
Tesco,2.2,4.9,kg,Arla Skyr Vanilla Yogurt 450G,20240413,fresh_food,False,False,Arla Skyr Vanilla Yogurt 450G,,,,Arla,,,450.0,g,,False,,,,Skyr Vanilla Yogurt,arla skyr vanilla yogurt,51498,Arla,branded,True,False,fresh_food,3386,4,13
ASDA,1.7,4.2,kg,Heinz Oxtail Soup,20240413,food_cupboard,False,False,Heinz Oxtail Soup,,,,Heinz,,,400.0,g,,True,,,,Oxtail Soup,heinz oxtail soup,7558,Heinz,branded,True,False,food_cupboard,3552,4,14
Morrisons,1.7,4.2,kg,Heinz Oxtail Soup,20240411,food_cupboard,False,False,Heinz Oxtail Soup,,,,Heinz,,,400.0,g,,True,,,,Oxtail Soup,heinz oxtail soup,28841,Heinz,branded,True,False,food_cupboard,3552,4,14
Sains,1.2,3.0,kg,Heinz Oxtail Soup 400g,20240413,food_cupboard,False,False,Heinz Oxtail Soup 400g,,,,Heinz,,,400.0,g,,False,,,,Oxtail Soup,heinz oxtail soup,31717,Heinz,branded,True,False,food_cupboard,3552,4,14
Tesco,1.7,4.2,kg,Heinz Oxtail Soup 400G,20240413,food_cupboard,False,False,Heinz Oxtail Soup 400G,,,,Heinz,,,400.0,g,,False,,,,Oxtail Soup,heinz oxtail soup,51111,Heinz,branded,True,False,food_cupboard,3552,4,14
ASDA,1.55,16.0,kg,COOK by ASDA Easy Ginger 95g,20240413,food_cupboard,True,False,COOK by ASDA Easy Ginger 95g,COOK by ASDA,standard,,,,,95.0,g,,False,,,,Easy Ginger,easy ginger,8497,,own_brand,True,False,food_cupboard,3661,4,15
Morrisons,1.25,10.0,kg,Morrisons Ginger,20240413,fresh_food,True,False,Morrisons Ginger,Morrisons,standard,,,,,125.0,g,,True,,,,Ginger,ginger,28559,,own_brand,True,False,fresh_food,3661,4,15
Sains,1.0,10.0,kg,Sainsbury's Ginger 100g,20240413,fresh_food,True,False,Sainsbury's Ginger 100g,Sainsbury's,standard,,,,,100.0,g,,False,,,,Ginger,ginger,43502,,own_brand,True,False,fresh_food,3661,4,15
Tesco,1.2,12.0,kg,Tesco Ginger 100g,20240413,fresh_food,True,False,Tesco Ginger 100g,Tesco,standard,,,,,100.0,g,,False,,,,Ginger,ginger,56663,,own_brand,True,False,fresh_food,3661,4,15
ASDA,1.1,16.0,kg,COOK by ASDA Roast Potato Seasoning,20240413,food_cupboard,True,False,COOK by ASDA Roast Potato Seasoning,COOK by ASDA,standard,,,,,68.8,g,,True,,,,Roast Potato Seasoning,roast potato seasoning,8665,,own_brand,True,False,food_cupboard,3677,4,16
Morrisons,1.09,22.7,kg,Morrisons All Purpose Seasoning,20240413,food_cupboard,True,False,Morrisons All Purpose Seasoning,Morrisons,standard,,,,,48.0,g,,True,,,,All Purpose Seasoning,all purpose seasoning,21151,,own_brand,True,False,food_cupboard,3677,4,16
Sains,1.25,20.0,kg,"Sainsbury's Roast Potato Seasoning, Inspired to Cook 62g",20240413,food_cupboard,True,False,"Sainsbury's Roast Potato Seasoning, Inspired to Cook 62g",Sainsbury's,dietary,Inspired To Cook,,,,62.5,g,,True,,,,Roast Potato Seasoning,roast potato seasoning,35029,,own_brand,True,False,food_cupboard,3677,4,16
Tesco,2.55,48.0,kg,Tesco Baharat Seasoning 53G,20240112,food_cupboard,True,False,Tesco Baharat Seasoning 53G,Tesco,standard,,,,,53.0,g,,False,,,,Baharat Seasoning,baharat seasoning,64969,,own_brand,True,False,food_cupboard,3677,4,16
ASDA,0.35,0.6,l,ASDA Classic Malt Vinegar 568ml,20240413,food_cupboard,True,False,ASDA Classic Malt Vinegar 568ml,ASDA,standard,,,,,568.0,ml,,False,,,,Classic Malt Vinegar,classic malt vinegar,8690,,own_brand,True,False,food_cupboard,3683,4,17
ASDA,0.35,0.6,l,ASDA Malt Vinegar,20240223,food_cupboard,True,False,ASDA Malt Vinegar,ASDA,standard,,,,,568.0,ml,,True,,,,Malt Vinegar,malt vinegar,16367,,own_brand,True,False,food_cupboard,3683,4,17
Sains,0.4,0.7,l,Sainsbury's Malt Vinegar 568ml,20240413,food_cupboard,True,False,Sainsbury's Malt Vinegar 568ml,Sainsbury's,standard,,,,,568.0,ml,,False,,,,Malt Vinegar,malt vinegar,32032,,own_brand,True,False,food_cupboard,3683,4,17
Tesco,0.35,0.6,l,Tesco Malt Vinegar 568Ml,20240413,food_cupboard,True,False,Tesco Malt Vinegar 568Ml,Tesco,standard,,,,,568.0,ml,,False,,,,Malt Vinegar,malt vinegar,49306,,own_brand,True,False,food_cupboard,3683,4,17
ASDA,2.0,10.0,kg,Cauldron Vegan Falafels,20240413,free-from,False,False,Cauldron Vegan Falafels,,,,Cauldron,,,200.0,g,,True,diet,vegan,,Falafels,cauldron falafels,9911,Cauldron,branded,True,False,free_from,3815,4,18
Morrisons,2.49,12.45,kg,Cauldron Vegan Middle Eastern Falafels,20240413,fresh_food,False,False,Cauldron Vegan Middle Eastern Falafels,,,,Cauldron,,,200.0,g,,True,diet,vegan,,Middle Eastern Falafels,cauldron middle eastern falafels,19455,Cauldron,branded,True,False,fresh_food,3815,4,18
Sains,2.6,13.0,kg,Cauldron Falafels 200g,20240413,free-from,False,False,Cauldron Falafels 200g,,,,Cauldron,,,200.0,g,,False,,,,Falafels,cauldron falafels,41446,Cauldron,branded,True,False,free_from,3815,4,18
Tesco,2.5,12.5,kg,Cauldron Foods Falafel 200G,20240413,fresh_food,False,False,Cauldron Foods Falafel 200G,,,,Cauldron,,,200.0,g,,False,,,,Foods Falafel,cauldron foods falafel,56751,Cauldron,branded,True,False,fresh_food,3815,4,18
ASDA,2.0,0.17,unit,The BAKERY at ASDA 12 Fairy Cakes,20240413,bakery,True,False,The BAKERY at ASDA 12 Fairy Cakes,The BAKERY at ASDA,standard,,,12.0,leading_count,,,,False,,,,Fairy Cakes,fairy cakes,10547,,own_brand,False,True,bakery,3869,4,19
Morrisons,1.2,0.1,unit,Regal Plain Fairy Cakes,20240413,bakery,False,False,Regal Plain Fairy Cakes,,,,Regal,,,,,,False,,,,Plain Fairy Cakes,regal plain fairy cakes,26093,Regal,branded,False,False,bakery,3869,4,19
Sains,1.25,0.1,unit,Stamford Street Co. Fairy Cakes x12,20240413,bakery,False,False,Stamford Street Co. Fairy Cakes x12,Stamford Street Co.,value,Stamford Street,,12.0,x_count,,,,False,,,,Fairy Cakes,fairy cakes,46506,,unbranded,False,True,bakery,3869,4,19
Tesco,0.99,0.08,unit,Ms Molly's 12 Fairy Cakes,20240413,bakery,True,False,Ms Molly's 12 Fairy Cakes,Ms Molly's,value,Ms Molly,,12.0,leading_count,,,,False,,,,Fairy Cakes,fairy cakes,49375,,own_brand,False,True,bakery,3869,4,19
ASDA,2.3,15.33,kg,We Love Cake 4 Raspberry Ripple Cake Slices,20240413,bakery,False,False,We Love Cake 4 Raspberry Ripple Cake Slices,,,,,,,150.0,g,,True,,,,We Love Cake 4 Raspberry Ripple Cake Slices,we love cake 4 raspberry ripple cake slices,10733,,unbranded,True,False,bakery,3877,4,20
Morrisons,1.29,8.8,kg,Wedel Raspberry Supreme Jaffa Cakes,20240413,food_cupboard,False,False,Wedel Raspberry Supreme Jaffa Cakes,,,,,,,150.0,g,,True,,,,Wedel Raspberry Supreme Jaffa Cakes,wedel raspberry supreme jaffa cakes,18059,,unbranded,True,False,food_cupboard,3877,4,20
Sains,2.3,0.58,unit,We Love Cake Raspberry Ripple Cake Slices x4 150g,20240413,free-from,False,False,We Love Cake Raspberry Ripple Cake Slices x4 150g,,,,,4.0,x_count,150.0,g,,False,,,,We Love Cake Raspberry Ripple Cake Slices,we love cake raspberry ripple cake slices,42726,,unbranded,True,True,free_from,3877,4,20
Tesco,2.3,15.3,kg,We Love Cake Free From Raspberry Ripple 4 Pack 150G,20240413,bakery,False,False,We Love Cake Free From Raspberry Ripple 4 Pack 150G,,,,,4.0,count_pack,150.0,g,,False,free_from,free from,,We Love Cake Raspberry Ripple,we love cake raspberry ripple,55338,,unbranded,True,True,bakery,3877,4,20
ASDA,2.5,5.0,kg,Dolmio Lasagne Red Tomato Sauce,20240413,food_cupboard,False,False,Dolmio Lasagne Red Tomato Sauce,,,,Dolmio,,,500.0,g,,True,,,,Lasagne Red Tomato Sauce,dolmio lasagne red tomato sauce,11549,Dolmio,branded,True,False,food_cupboard,3948,4,21
Morrisons,2.5,5.0,kg,Dolmio Lasagne Red Tomato Sauce,20240413,food_cupboard,False,False,Dolmio Lasagne Red Tomato Sauce,,,,Dolmio,,,500.0,g,,True,,,,Lasagne Red Tomato Sauce,dolmio lasagne red tomato sauce,20541,Dolmio,branded,True,False,food_cupboard,3948,4,21
Sains,2.5,5.0,kg,Dolmio Lasagne Red Tomato Sauce 500g,20240413,food_cupboard,False,False,Dolmio Lasagne Red Tomato Sauce 500g,,,,Dolmio,,,500.0,g,,False,,,,Lasagne Red Tomato Sauce,dolmio lasagne red tomato sauce,32000,Dolmio,branded,True,False,food_cupboard,3948,4,21
Tesco,1.65,3.3,kg,Dolmio Lasagne Red Tomato Sauce 500g,20240413,food_cupboard,False,False,Dolmio Lasagne Red Tomato Sauce 500g,,,,Dolmio,,,500.0,g,,False,,,,Lasagne Red Tomato Sauce,dolmio lasagne red tomato sauce,51581,Dolmio,branded,True,False,food_cupboard,3948,4,21
ASDA,1.0,28.6,kg,Moo Free Choccy Rocks Moofreesas,20240413,free-from,False,False,Moo Free Choccy Rocks Moofreesas,,,,,,,35.0,g,,True,,,,Moo Free Choccy Rocks Moofreesas,moo free choccy rocks moofreesas,12038,,unbranded,True,False,free_from,4011,4,22
Morrisons,1.2,34.3,kg,Moo Free Choccy Rocks Moofreesas,20240413,free-from,False,False,Moo Free Choccy Rocks Moofreesas,,,,,,,35.0,g,,True,,,,Moo Free Choccy Rocks Moofreesas,moo free choccy rocks moofreesas,17331,,unbranded,True,False,free_from,4011,4,22
Sains,1.2,34.3,kg,Moo Free Moofreesas Choccy Bar with Crunchy Biscuit Balls 35g,20240413,food_cupboard,False,False,Moo Free Moofreesas Choccy Bar with Crunchy Biscuit Balls 35g,,,,,,,35.0,g,,False,,,{'texture': ['crunchy']},Moo Free Moofreesas Choccy Bar with Crunchy Biscuit Balls,moo free moofreesas choccy bar with crunchy biscuit balls,37778,,unbranded,True,False,food_cupboard,4011,4,22
Tesco,1.3,37.1,kg,Moo Free Moofreesas Choccy Balls 35G,20240413,food_cupboard,False,False,Moo Free Moofreesas Choccy Balls 35G,,,,,,,35.0,g,,False,,,,Moo Free Moofreesas Choccy Balls,moo free moofreesas choccy balls,59528,,unbranded,True,False,food_cupboard,4011,4,22
ASDA,58.0,773.14,l,Bollinger Champagne,20240413,drinks,False,False,Bollinger Champagne,,,,Bollinger,,,750.0,ml,,True,,,,Champagne,bollinger champagne,12999,Bollinger,branded,True,False,drinks,4097,4,23
Morrisons,25.0,33.25,l,Champagne Charles Clement…,20240413,drinks,False,True,Champagne Charles Clement…,,,,,,,750.0,ml,,True,,,,Champagne Charles Clement…,champagne charles clement,25687,,unbranded,True,False,drinks,4097,4,23
Sains,58.0,77.14,l,"Bollinger Special Cuvee, Non Vintage Champagne 75cl",20240413,drinks,False,False,"Bollinger Special Cuvee, Non Vintage Champagne 75cl",,,,Bollinger,,,750.0,ml,,False,,,{'maturity': ['vintage']},"Special Cuvee, Non Vintage Champagne",bollinger special cuvee non vintage champagne,39091,Bollinger,branded,True,False,drinks,4097,4,23
Tesco,58.0,77.14,l,Bollinger Champagne Non Vintage 75Cl,20240413,drinks,False,False,Bollinger Champagne Non Vintage 75Cl,,,,Bollinger,,,750.0,ml,,False,,,{'maturity': ['vintage']},Champagne Non Vintage,bollinger champagne non vintage,60830,Bollinger,branded,True,False,drinks,4097,4,23
ASDA,4.99,5.25,kg,ASDA Boneless Pork Leg Joint,20240413,fresh_food,True,False,ASDA Boneless Pork Leg Joint,ASDA,standard,,,,,950.0,g,,True,,,"{'cut_meat': ['joint'], 'prep_meat_fish': ['boneless']}",Boneless Pork Leg Joint,boneless pork leg joint,14582,,own_brand,True,False,fresh_food,4211,4,24
Morrisons,7.7,7.0,kg,Market Street British Pork Leg Joint,20240413,fresh_food,False,False,Market Street British Pork Leg Joint,Market Street,premium,Market Street,,,,1100.0,g,,True,,,{'cut_meat': ['joint']},British Pork Leg Joint,british pork leg joint,28309,,unbranded,True,False,fresh_food,4211,4,24
Sains,8.4,6.0,kg,Sainsbury's British Fresh Pork Crackling Leg Joint 1kg-1.8kg,20240413,fresh_food,True,False,Sainsbury's British Fresh Pork Crackling Leg Joint 1kg-1.8kg,Sainsbury's,standard,,,,,1000.0,g,,False,,,{'cut_meat': ['joint']},British Fresh Pork Crackling Leg Joint,british fresh pork crackling leg joint,46085,,own_brand,True,False,fresh_food,4211,4,24
Tesco,5.0,5.0,kg,Tesco Pork Leg Joint Crackling 1kg,20240121,fresh_food,True,False,Tesco Pork Leg Joint Crackling 1kg,Tesco,standard,,,,,1000.0,g,,False,,,{'cut_meat': ['joint']},Pork Leg Joint Crackling,pork leg joint crackling,64808,,own_brand,True,False,fresh_food,4211,4,24
ASDA,2.5,3.85,l,Heineken Premium Lager Beer Bottle,20240413,drinks,False,False,Heineken Premium Lager Beer Bottle,,,,Heineken,,,650.0,ml,,True,,,{'packaging': ['bottle']},Premium Lager Beer Bottle,heineken premium lager beer bottle,14963,Heineken,branded,True,False,drinks,4239,4,25
Morrisons,2.75,4.23,l,Heineken Premium Lager Beer Bottle,20240413,drinks,False,False,Heineken Premium Lager Beer Bottle,,,,Heineken,,,650.0,ml,,True,,,{'packaging': ['bottle']},Premium Lager Beer Bottle,heineken premium lager beer bottle,24557,Heineken,branded,True,False,drinks,4239,4,25
Sains,2.0,3.08,l,Heineken Premium Lager Beer Bottle 650ml,20240413,drinks,False,False,Heineken Premium Lager Beer Bottle 650ml,,,,Heineken,,,650.0,ml,,False,,,{'packaging': ['bottle']},Premium Lager Beer Bottle,heineken premium lager beer bottle,39349,Heineken,branded,True,False,drinks,4239,4,25
Tesco,2.5,3.85,l,Heineken Lager Beer Bottle 650ml,20240413,drinks,False,False,Heineken Lager Beer Bottle 650ml,,,,Heineken,,,650.0,ml,,False,,,{'packaging': ['bottle']},Lager Beer Bottle,heineken lager beer bottle,59600,Heineken,branded,True,False,drinks,4239,4,25
