cluster_id,cluster_size,n_supermarkets,supermarkets_present,category,match_type,known_brand,tier_type,unit_value,unit_type,pack_quantity,core_product_name_consensus,avg_pairwise_score,min_pairwise_score
0,3,3,ASDA|Morrisons|Sains,drinks,completion,Monster,,2000.0,ml,4.0,Energy Drink Ultra,0.8276884753901561,0.774764705882353
1,3,3,ASDA|Morrisons|Tesco,frozen,completion,Chicago Town,,635.0,g,,Large Takeaway Cheese Pizza,0.7352059073145698,0.7217916847590099
2,2,2,ASDA|Tesco,drinks,branded,Nesquik,,500.0,g,,Strawberry Flavoured Milkshake Powder Tub,0.963157894736842,0.963157894736842
3,2,2,Morrisons|Sains,drinks,branded,Brancott Estate,,750.0,ml,,Sauvignon Blanc White Wine,1.0,1.0
4,2,2,Sains|Tesco,food_cupboard,branded,Batchelors,,75.0,g,,"Super Noodles Pot, BBQ Beef",1.0,1.0
5,2,2,ASDA|Tesco,fresh_food,own_brand,,standard,400.0,g,,Macaroni Cheese,1.0,1.0
6,2,2,ASDA|Sains,food_cupboard,own_brand,,standard,300.0,g,,White Black and Red Quinoa,0.9076923076923076,0.9076923076923076
7,2,2,Sains|Tesco,fresh_food,branded,Wasabi,,150.0,g,,Home Bento Spicy Korean Chicken Pops,0.8737704918032787,0.8737704918032787
8,2,2,Morrisons|Sains,food_cupboard,branded,Milky Way,,100.0,g,,Magic Stars Milk Chocolate Bites Pouch Bag,0.8088992974238876,0.8088992974238876
9,2,2,Morrisons|Tesco,fresh_food,branded,Castello,,150.0,g,,Danish Blue Cheese,0.8913793103448275,0.8913793103448275
10,2,2,ASDA|Morrisons,food_cupboard,branded,Belvita,,250.0,g,5.0,Breakfast Biscuits Soft Bakes Filled Strawberry,0.8457142857142856,0.8457142857142856
11,2,2,Morrisons|Tesco,fresh_food,branded,I Can't Believe It's Not Butter,,450.0,g,,Original Spread,1.0,1.0
12,1,1,Morrisons,fresh_food,branded,Getpro,,175.0,g,,Caramel High Protein Pudding,,
13,1,1,Tesco,food_cupboard,branded,John West,,85.0,g,,Smoked Oysters Sunflower Oil,,
14,1,1,Morrisons,drinks,branded,Nestle,,6250.0,ml,,Pure Life Still Spring Water,,
15,1,1,ASDA,food_cupboard,own_brand,,standard,475.0,g,,White Lasagne Pasta Sauce,,
16,1,1,ASDA,fresh_food,own_brand,,premium,170.0,g,,Nut Mix,,
17,1,1,Morrisons,food_cupboard,branded,Mutti,,400.0,g,,Cherry Tomatoes,,
18,1,1,ASDA,fresh_food,own_brand,,dietary,175.0,g,,Chocolate Mousses,,
19,1,1,Sains,free-from,own_brand,,standard,360.0,g,6.0,Lamb and Mint Kebabs,,
20,1,1,Morrisons,drinks,unbranded,,,750.0,ml,,Chevaliers St Martin Aop Bordeaux,,
21,1,1,Tesco,drinks,branded,Scrumpy Jack,,1760.0,ml,4.0,Premium British Cider Can,,
22,1,1,Tesco,food_cupboard,branded,Mazzetti,,250.0,ml,,Gold Label Balsamic Vinegar Of Modena,,
23,1,1,ASDA,drinks,unbranded,,,750.0,ml,,Macon-Villages Reserve Chardonnay,,
24,1,1,Morrisons,frozen,unbranded,,standard,320.0,g,,Thin Crust Cheese Pizza,,
25,1,1,ASDA,drinks,branded,Hardys,,750.0,ml,,Crest Cabernet Shiraz Merlot,,
26,1,1,Sains,drinks,own_brand,,standard,1000.0,ml,,Pure 100% Prune Juice,,
27,1,1,Sains,drinks,own_brand,,standard,750.0,ml,,Quadruple Strength Summer Fruits Squash,,
28,1,1,ASDA,food_cupboard,branded,Buttermilk,,50.0,g,,Peanut Nougat,,
29,1,1,Tesco,fresh_food,own_brand,,premium,188.0,g,4.0,Pork Sausage Rolls,,
30,1,1,ASDA,food_cupboard,branded,Blue Riband,,288.5,g,16.0,Original Milk Chocolate Wafer Biscuits,,
31,1,1,Sains,food_cupboard,branded,Geeta's,,320.0,g,,Mango Chutney,,
32,1,1,ASDA,bakery,branded,Sheldon's,,,,,Lancashire Oven Bottom Muffins,,
33,1,1,Sains,food_cupboard,branded,Kellogg's,,300.0,g,,Special K The Original,,
34,1,1,Morrisons,food_cupboard,branded,Kind,,90.0,g,,Dark Chocolate Nuts and Sea Sa…,,
35,1,1,ASDA,drinks,branded,Sharp's,,500.0,ml,,Doom Bar Amber Ale,,
36,1,1,Tesco,drinks,unbranded,,value,200.0,g,80.0,,,
37,1,1,Tesco,fresh_food,branded,Philadelphia,,140.0,g,4.0,Original Soft Cream Cheese Mini Tub,,
38,1,1,Morrisons,free-from,branded,Applewood,,200.0,g,,Block,,
39,1,1,ASDA,food_cupboard,branded,Ambrosia,,240.0,g,2.0,Deluxe Custard Madagascan Vanilla,,
40,1,1,Tesco,drinks,own_brand,,premium,125.0,g,50.0,Chai,,
41,1,1,Sains,free-from,branded,Grenade,,60.0,g,,Jaffa Quake Chocolate Orange Flavour,,
42,1,1,Tesco,food_cupboard,branded,Mars,,128.0,g,4.0,Triple Treat Fruit Nut and Chocolate Bars Multipack,,
43,1,1,Sains,food_cupboard,own_brand,,standard,85.0,g,,Paprika Lentil Triangles,,
44,1,1,Sains,free-from,own_brand,,premium,150.0,g,,Raw Large Canadian Scallops MSC,,
45,1,1,Morrisons,food_cupboard,branded,Haribo,,175.0,g,,Tangfastics 11 Mini…,,
46,1,1,Sains,food_cupboard,branded,Snickers,,180.0,g,182.0,Creamy Peanut Butter and Milk Chocolate Snack Bars g,,
47,1,1,Sains,fresh_food,branded,Cadbury,,75.0,g,,Dairy Milk Daim Chocolate Dessert,,
48,1,1,Tesco,fresh_food,own_brand,,dietary,250.0,g,,Coleslaw,,
49,1,1,Sains,free-from,own_brand,,premium,180.0,g,,New York Vanilla Cheesecake Slices,,
50,1,1,Sains,fresh_food,own_brand,,standard,150.0,ml,,Fresh Soured Cream,,
51,1,1,Sains,food_cupboard,branded,Chicken Tonight,,500.0,g,,Honey and Mustard,,
52,1,1,Tesco,food_cupboard,branded,Fox's,,180.0,g,,Milk Chocolate Cookies,,
53,1,1,Tesco,fresh_food,branded,Alpro,,140.0,g,2.0,Double Chocolate Soya Dessert,,
54,1,1,ASDA,fresh_food,own_brand,,standard,100.0,g,,Goat's Cheese,,
55,1,1,Sains,food_cupboard,branded,Lindt,,200.0,g,,Lindor Strawberries and Cream Chocolate Truffles Box,,
56,1,1,Morrisons,food_cupboard,branded,Pg Tips,,231.8,g,80.0,Original,,
57,1,1,Sains,drinks,branded,Pommery,,750.0,ml,,Champagne Brut Royal,,
58,1,1,Sains,food_cupboard,branded,The Natural Confectionery Company,,130.0,g,,Jelly Snakes Sweets Bag,,
59,1,1,ASDA,fresh_food,own_brand,,value,400.0,g,,Wafer Thin Cooked Ham Slices,,
60,1,1,ASDA,frozen,branded,Birds Eye,,400.0,g,,Steam Fresh Mediterranean Pasta with Veg and Tomato Sauce,,
61,1,1,Sains,drinks,branded,Old Jamaica,,1500.0,ml,,"Ginger Beer, Diet",,
62,1,1,Sains,drinks,own_brand,,premium,750.0,ml,,Chardonnay,,
63,1,1,Tesco,food_cupboard,branded,Marmite,,125.0,g,,Yeast Extract Spread,,
64,1,1,Morrisons,food_cupboard,branded,Skinny Whip,,500.0,g,,Chocolate Orange,,
65,1,1,Tesco,food_cupboard,branded,Grace,,50.0,g,,Pumpkin Soup Mix,,
66,1,1,Tesco,fresh_food,own_brand,,standard,50.0,g,,Scotch Bonnet Chillies,,
67,1,1,Tesco,food_cupboard,branded,Roses,,454.0,g,,Lemon and Lime Marmalade,,
68,1,1,ASDA,bakery,own_brand,,dietary,150.0,g,5.0,Brownie Slices,,
69,1,1,Tesco,fresh_food,own_brand,,standard,80.0,g,,Honey Roast Salmon Flakes,,
70,1,1,Sains,fresh_food,branded,Higgidy,,250.0,g,,Steak and Ale Pie,,
71,1,1,Tesco,frozen,own_brand,,standard,270.0,ml,3.0,Caramel Millionaires Ice Cream,,
72,1,1,Sains,drinks,branded,Nestle,,6000.0,ml,12.0,Pure Life Still Spring Water,,
73,1,1,Tesco,frozen,own_brand,,standard,568.0,g,4.0,Chicken and Bacon Pies,,
74,1,1,Sains,food_cupboard,branded,Kubus,,300.0,ml,,Go Strawberry-Banana,,
75,1,1,ASDA,food_cupboard,branded,Schwartz,,36.0,g,,Somerset Pork Casserole Recipe Mix,,
76,1,1,Sains,free-from,branded,Yeo Valley,,350.0,g,,Kefir Strawberry Yogurt,,
77,1,1,Morrisons,fresh_food,own_brand,,standard,425.0,g,,Puff Pastry Block,,
78,1,1,Morrisons,frozen,own_brand,,standard,500.0,g,4.0,Garlic and Herb Chicken Kievs,,
79,1,1,ASDA,food_cupboard,own_brand,,value,125.0,g,,Batter Mix,,
80,1,1,Morrisons,drinks,branded,Barefoot,,750.0,ml,,Pink Moscato Rose Wine,,
81,1,1,Morrisons,food_cupboard,branded,Allinson,,3000.0,g,,Strong White Flour,,
82,1,1,Sains,free-from,unbranded,,,120.0,g,8.0,Häagen-Dazs Salted Caramel Ice Cream Bites,,
83,1,1,Morrisons,food_cupboard,branded,Al Fez,,,,,Harissa Wrap Kit,,
84,1,1,Morrisons,drinks,unbranded,,,,,,Vuse Go Edition 01 Mint Ice 20mg,,
85,1,1,ASDA,fresh_food,own_brand,,standard,250.0,g,,Cheshire Cheese,,
86,1,1,Morrisons,food_cupboard,branded,Kit Kat,,41.9,g,,Chunky Peanut Butter,,
87,1,1,Morrisons,fresh_food,branded,Pukka,,210.0,g,,All Day Breakfast Pie,,
88,1,1,Sains,fresh_food,own_brand,,standard,,,,Outdoor Novelty Mum and Baby Tete a Tete 9cm,,
89,1,1,Sains,drinks,branded,Red Bull,,250.0,ml,4.0,Energy Drink,,
90,1,1,Sains,free-from,branded,Rubicon,,1000.0,ml,,Lychee Fruit Juice Drink,,
91,1,1,Tesco,food_cupboard,branded,Kind,,90.0,g,3.0,Fruit and Nut,,
92,1,1,Sains,food_cupboard,branded,Dr. Oetker,,295.0,g,,Science Crazy Colour Changing Icing Cupcake Mix,,
93,1,1,ASDA,food_cupboard,branded,Jacob's,,138.0,g,6.0,Crinkly's Cheese and Onion Flavour Baked Snacks Multipack,,
94,1,1,Morrisons,fresh_food,own_brand,,standard,150.0,g,,Fishmongers Frozen Raw Peeled Argentinian Red Shrimp,,
95,1,1,Tesco,food_cupboard,branded,Bisto,,300.0,g,,Chicken Gravy Granules,,
96,1,1,Tesco,drinks,branded,Hardys,,750.0,ml,,Tintara Cabernet Sauvignon,,
97,1,1,ASDA,drinks,own_brand,,standard,680.0,g,240.0,Everyday,,
98,1,1,Sains,food_cupboard,branded,Fudco,,500.0,g,,Idli Instant Mix,,
99,1,1,ASDA,fresh_food,own_brand,,premium,500.0,g,,Coleslaw,,
100,1,1,Morrisons,food_cupboard,branded,Idahoan,,109.0,g,,Perfect Mash Cheddar Cheese,,
101,1,1,Tesco,food_cupboard,branded,Natco,,1000.0,g,,Ground Coriander,,
102,1,1,ASDA,bakery,own_brand,,standard,,,10.0,Chocolate Chip Madeleines,,
103,1,1,Morrisons,fresh_food,own_brand,,standard,1000.0,ml,,100% Orange Juice with Bits,,
104,1,1,Morrisons,drinks,branded,Robinsons,,1000.0,ml,,Fruit and Barley Peac…,,
105,1,1,Sains,drinks,branded,Buxton,,9000.0,ml,6.0,Still Natural Bottled Mineral Water,,
106,1,1,ASDA,food_cupboard,branded,Eat Real,,110.0,g,,Hummus Chips Tomato + Basil Flavour,,
107,1,1,Tesco,food_cupboard,branded,Popworks,,85.0,g,,Sweet Chipotle Chilli Sharing Bag Popped Crisps,,
108,1,1,Sains,free-from,unbranded,,,180.0,g,,Rhokett Chocolate and Caramel Cheesecake Slices,,
109,1,1,ASDA,food_cupboard,branded,Ainsley Harriott,,75.0,g,,Cream of Wild Mushroom Cup Soup,,
110,1,1,Morrisons,frozen,branded,Birds Eye,,220.0,g,,8 Battered Fish Fingers,,
111,1,1,Tesco,drinks,branded,Beavertown,,1320.0,ml,4.0,Neck Oil Session Ipa,,
112,1,1,ASDA,food_cupboard,branded,Merchant Gourmet,,250.0,g,,Smoky Spanish-Style Grains and Rice,,
113,1,1,Morrisons,food_cupboard,own_brand,,standard,225.0,g,80.0,Everyday Tea Bags,,
114,1,1,Morrisons,food_cupboard,branded,Amoy,,400.0,ml,,Rich Coconut Milk,,
115,1,1,Sains,frozen,branded,Cadbury,,400.0,g,,Dairy Milk Caramel Chocolate Brownie,,
116,1,1,ASDA,drinks,branded,Kopparberg,,1320.0,ml,4.0,Premium Cider with Strawberry and Pineapple,,
117,1,1,ASDA,food_cupboard,branded,Indus,,1800.0,g,,Chana Dal,,
118,1,1,ASDA,food_cupboard,branded,Batchelors,,93.1,g,,Cup a Soup Tomato Soup 4 Instant Soup Sachets,,
119,1,1,ASDA,food_cupboard,branded,Nando's,,454.0,g,,Perinaise Garlic Peri-Peri Mayonnaise,,
120,1,1,Morrisons,free-from,branded,Violife,,200.0,g,,Original Flavour Grated V…,,
121,1,1,Tesco,fresh_food,branded,Quorn,,300.0,g,,Biryani Bowl,,
122,1,1,Tesco,frozen,branded,Pukka,,306.0,g,,2 Chicken Bakes,,
123,1,1,ASDA,food_cupboard,branded,Grace,,50.0,g,,Coconut Milk Powder,,
124,1,1,Sains,food_cupboard,own_brand,,dietary,340.0,g,,Set Honey,,
125,1,1,Morrisons,frozen,own_brand,,standard,220.0,g,,Boneless Atlantic Salmon Portions Twin Pack,,
126,1,1,Sains,free-from,own_brand,,standard,1000.0,ml,,Vanilla Flavour Ice Cream,,
127,1,1,ASDA,free-from,branded,Blue Dragon,,400.0,ml,,Coconut Milk,,
128,1,1,Sains,food_cupboard,branded,Nando's,,260.0,g,,Peri-Peri Marinade Lemon and Herb Extra Mild,,
129,1,1,Morrisons,food_cupboard,branded,Hartleys,,750.0,g,6.0,Jelly Blackcurrant Flavour Jelly,,
130,1,1,Sains,drinks,branded,Villa Maria,,750.0,ml,,Sparkling Cuvée Brut,,
131,1,1,Sains,drinks,own_brand,,premium,250.0,ml,,Sicilian Lemon Gin and Tonic,,
132,1,1,ASDA,drinks,unbranded,,,700.0,ml,,El Jimador 100% Agave Tequila Blanco,,
133,1,1,Sains,food_cupboard,unbranded,,,1600.0,g,4.0,Muttil Whole Peeled Tomatoes,,
134,1,1,Morrisons,fresh_food,own_brand,,standard,200.0,g,,Fishmonger Kipper Fillets,,
135,1,1,Sains,food_cupboard,branded,Starbucks,,57.0,g,10.0,"by Nespresso Decaf Espresso Coffee Pods, 10 Drinks",,
136,1,1,Morrisons,food_cupboard,unbranded,,,250.0,g,,Holy Cow! Delhi Tikka Masala,,
137,1,1,Sains,food_cupboard,own_brand,,standard,400.0,g,,Oxtail Soup,,
138,1,1,Sains,fresh_food,own_brand,,standard,600.0,g,,Chunky Vegetable Soup,,
139,1,1,ASDA,drinks,own_brand,,standard,946.0,ml,,Diet Indian Tonic Water with Lime,,
140,1,1,ASDA,food_cupboard,branded,Grenade,,240.0,g,,Chocolate Chip Salted Caramel Flavour,,
141,1,1,ASDA,fresh_food,own_brand,,standard,,,,Zingy and Crisp Braeburn Apples,,
142,1,1,Sains,free-from,branded,Phd,,500.0,g,,Smart Protein Powder Plant Chocolate Cookie,,
143,1,1,Morrisons,fresh_food,own_brand,,premium,320.0,g,,Panc…,,
144,1,1,Sains,free-from,own_brand,,standard,1.0,g,180.0,Health Matters Immunity Chewable Vitamin C One a Day Tablet,,
145,1,1,ASDA,drinks,branded,Brewdog,,440.0,ml,,Hazy Jane Guava,,
146,1,1,Sains,free-from,branded,Science In Sport,,82.0,g,,Beta Fuel Orange Energy Drink,,
147,1,1,Sains,fresh_food,own_brand,,standard,,,,Large Garlic,,
148,1,1,Sains,drinks,unbranded,,,750.0,ml,,Edizione 789 Di Mondelli Prosecco,,
149,1,1,Sains,food_cupboard,unbranded,,,242.0,g,,Tony's Chocolonely Milk Chocolate,,
150,1,1,Morrisons,fresh_food,own_brand,,standard,1000.0,g,,BBQ Chicken Drums,,
151,1,1,Morrisons,fresh_food,own_brand,,standard,150.0,g,2.0,Fresh Bake Pork Sausage Rolls,,
152,1,1,Sains,free-from,branded,Pukka,,170.0,g,,No Steak Slice,,
153,1,1,Sains,fresh_food,own_brand,,standard,450.0,g,,Frozen Peach and Nectarine Slices,,
154,1,1,Morrisons,fresh_food,own_brand,,premium,300.0,g,,Aged Red Leicester,,
155,1,1,Morrisons,fresh_food,unbranded,,,360.0,g,,This Isn't Chicken Chicken Pieces,,
156,1,1,Sains,food_cupboard,unbranded,,,1000.0,ml,,Califia Farms Oat Drink Barista Blend,,
157,1,1,ASDA,food_cupboard,unbranded,,,200.0,g,,Shalimar Balti Mix,,
158,1,1,Sains,drinks,unbranded,,,1000.0,ml,,Grant's Triple Wood Blended Scotch Whisky,,
159,1,1,Tesco,fresh_food,own_brand,,standard,2000.0,g,,Lamb Whole Leg Joint,,
160,1,1,Sains,free-from,unbranded,,,36.0,g,,Orion Choco Boy Chocolate Biscuits,,
161,1,1,Sains,drinks,branded,Fever-tree,,1200.0,ml,8.0,Premium Indian Tonic Water,,
162,1,1,Morrisons,fresh_food,own_brand,,value,114.0,g,,Fruit Cocktail Trifle,,
163,1,1,Tesco,bakery,branded,Mcvitie's,,200.0,g,,8 Toasting Waffles Chocolate,,
164,1,1,Morrisons,drinks,branded,Ufit,,250.0,ml,,Chocolate Protein,,
165,1,1,ASDA,drinks,branded,Hobgoblin,,2250.0,ml,,Gold Beer,,
166,1,1,ASDA,free-from,own_brand,,dietary,300.0,g,,Brown Sauce,,
167,1,1,Sains,food_cupboard,unbranded,,,1000.0,ml,,Mazola Pure Corn Oil,,
168,1,1,Tesco,food_cupboard,unbranded,,,360.0,g,,and Me Super Berry Gut Loving Granola,,
169,1,1,Morrisons,food_cupboard,branded,Pek,,170.0,g,,Chopped Pork Gold,,
170,1,1,Morrisons,food_cupboard,branded,Aashirvaad,,360.0,g,,Phulka Roti,,
171,1,1,Sains,free-from,unbranded,,,400.0,g,,Plant Pioneers No Chicken Sweet and Sour with Tofu Fried Rice for 1,,
172,1,1,Tesco,food_cupboard,own_brand,,standard,392.0,g,,Beef Casserole,,
173,1,1,ASDA,food_cupboard,branded,Wrigley's,,37.8,g,9.0,Extra Cool Breeze Chewing Gum 3 Pieces,,
174,1,1,Sains,free-from,own_brand,,standard,180.0,g,2.0,Steamed ASC Scottish Salmon Portions,,
175,1,1,Morrisons,food_cupboard,branded,Grace,,500.0,ml,,Original Aloe Vera Juice Drink,,
176,1,1,ASDA,food_cupboard,own_brand,,standard,55.6,g,,Chopped Garlic,,
177,1,1,Tesco,food_cupboard,branded,Nandos,,262.0,g,,Peri Peri Quick Marinade Medium,,
178,1,1,Sains,food_cupboard,branded,Twinings,,35.0,g,20.0,Spiced Ginger Tea,,
179,1,1,Tesco,food_cupboard,branded,Simply Cook,,40.0,g,,Creamy Tuscan Sausage Pasta R/Kit,,
180,1,1,Tesco,drinks,branded,Belvoir,,500.0,ml,,Ginger Cordial,,
181,1,1,Tesco,fresh_food,own_brand,,standard,90.0,g,,Sugar Snap Peas And Sweet Chilli Dip,,
182,1,1,Morrisons,food_cupboard,branded,Bonne Maman,,375.0,g,,Peach Conserve,,
183,1,1,ASDA,bakery,own_brand,,standard,,,,Fluffy 16 Teacake Mini Bites,,
184,1,1,Sains,food_cupboard,unbranded,,,400.0,g,6.0,Black Farmer Premium Pork Sausages,,
185,1,1,Tesco,frozen,branded,Merchant Gourmet,,400.0,g,,Herby Mediterranean Vegetables and Couscous,,
186,1,1,ASDA,fresh_food,branded,Lurpak,,400.0,g,,Slightly Salted Spreadable,,
187,1,1,Tesco,bakery,own_brand,,standard,,,,Chocolate and Salted Caramel Drip Cake,,
188,1,1,Sains,drinks,own_brand,,standard,1000.0,ml,,Pure Tomato Juice,,
189,1,1,ASDA,fresh_food,own_brand,,standard,300.0,g,6.0,Mini Hog Roast Pork Pies,,
190,1,1,Tesco,fresh_food,own_brand,,premium,440.0,g,4.0,"Pork, Coastal Cheddar and Confit Onion Sausages",,
191,1,1,Morrisons,drinks,own_brand,,premium,750.0,ml,,Elderflower Presse,,
192,1,1,Sains,free-from,own_brand,,dietary,,,,Sweet Pointed Peppers,,
193,1,1,Morrisons,food_cupboard,unbranded,,,340.0,g,,Mackays Scottish Strawberry Preserve,,
194,1,1,Sains,fresh_food,own_brand,,premium,454.0,g,,Chicken Bacon Caesar,,
195,1,1,Tesco,drinks,branded,Jim Beam,,1000.0,ml,,Kentucky Straight Bourbon Whiskey,,
196,1,1,ASDA,food_cupboard,branded,Sharwood's,,300.0,g,,Plum Sauce,,
197,1,1,Sains,food_cupboard,branded,Ritter Sport,,100.0,g,,Rum Raisin and Hazelnut,,
198,1,1,Sains,food_cupboard,unbranded,,,230.0,g,,Koh-Kae Peanuts Nori Wasabi Flavour Coated,,
199,1,1,Sains,free-from,own_brand,,standard,110.0,g,,"Mild Cheddar Slices with Cracked Black Pepper, Summer Edition",,
200,1,1,Tesco,food_cupboard,branded,The Spice Tailor,,300.0,g,,Butter Chicken Mild Curry,,
201,1,1,Tesco,fresh_food,own_brand,,dietary,,,,Falafel Houmous Wrap,,
202,1,1,Sains,food_cupboard,branded,Rowse,,340.0,g,,Natural Blossom Honey Squeezy,,
203,1,1,ASDA,food_cupboard,branded,Grace,,75.0,g,,Exotic Chips Purple Sweet Potato,,
204,1,1,Tesco,food_cupboard,own_brand,,standard,200.0,g,,Chopped Mixed Nuts,,
205,1,1,Morrisons,bakery,own_brand,,standard,,,,Christmas Dundee Cake,,
206,1,1,Morrisons,drinks,unbranded,,,,,,Vapes Bars Ghost Banana Ice 20mg,,
207,1,1,Tesco,drinks,own_brand,,standard,1000.0,ml,,Low Calorie Indian Tonic Water With Lime,,
208,1,1,ASDA,drinks,unbranded,,,700.0,ml,,Glen Moray Speyside Single Malt Scotch Whisky Twisted Vine,,
209,1,1,Morrisons,drinks,own_brand,,standard,1000.0,ml,,Manor Hall Fortif…,,
210,1,1,Tesco,food_cupboard,own_brand,,standard,52.0,g,,Ground Nutmeg,,
211,1,1,ASDA,fresh_food,unbranded,,,300.0,g,,Shazans Smoked Salt and Pepper Lamb Sausages,,
212,1,1,Sains,drinks,branded,Robinsons,,750.0,ml,,Orange,,
213,1,1,ASDA,frozen,branded,Goodfella's,,250.0,g,,2 Triple Cheese Pizza Pockets,,
214,1,1,ASDA,food_cupboard,own_brand,,premium,450.0,g,,Roast Chicken Stock,,
215,1,1,ASDA,food_cupboard,branded,Santa Maria,,200.0,g,,Hot Green Jalapeños,,
216,1,1,ASDA,bakery,own_brand,,standard,800.0,g,,Bake at Home Tiger Bloomer,,
217,1,1,ASDA,food_cupboard,unbranded,,,400.0,ml,,Łowicz Cherry Sour Syrup,,
218,1,1,Sains,food_cupboard,unbranded,,,290.0,g,,Levi Roots Reggae Reggae Jerk BBQ Sauce,,
219,1,1,Sains,food_cupboard,unbranded,,,330.0,ml,,Tropical Sun American Style Root Beer,,
220,1,1,ASDA,fresh_food,branded,Innocent,,330.0,ml,,Plus Berry Set Go Raspberry and Cherry Juice,,
221,1,1,Morrisons,bakery,branded,Cadbury,,,,,Dairy Milk Cornfl…,,
222,1,1,ASDA,food_cupboard,branded,Leon,,240.4,ml,,Love Burger Sauce,,
223,1,1,Tesco,drinks,own_brand,,premium,750.0,ml,,Pinot Grigio Blush,,
224,1,1,Tesco,food_cupboard,own_brand,,premium,250.0,g,,Salted Caramel Sauce,,
225,1,1,Tesco,fresh_food,branded,Yamas,,150.0,g,,Authentic Greek Feta Pdo,,
226,1,1,Sains,free-from,unbranded,,,600.0,g,,BOL Garden Pea and Spinach Protein Power Soup,,
227,1,1,Morrisons,drinks,unbranded,,,,,,Velo Max Ruby Berry 17mg,,
228,1,1,Morrisons,food_cupboard,own_brand,,standard,190.0,g,,Midget Gems,,
229,1,1,Sains,free-from,own_brand,,premium,170.0,g,,Fire Roasted Red Pepper Dip Summer Edition,,
230,1,1,ASDA,drinks,branded,Nescafe,,120.0,g,,Gold Cappuccino Decaf Unsweetened Taste Coffee Sachets,,
231,1,1,Sains,food_cupboard,branded,Walkers,,150.0,g,6.0,Prawn Cocktail Multipack Crisps,,
232,1,1,Sains,food_cupboard,branded,Chicken Tonight,,500.0,g,,Mushroom Sauce,,
233,1,1,Sains,drinks,branded,Diet Coke,,1000.0,ml,4.0,,,
234,1,1,Sains,food_cupboard,own_brand,,dietary,350.0,g,,Tomato Sauce with Basil,,
235,1,1,Tesco,food_cupboard,own_brand,,dietary,300.0,g,,Choco-Nut Pillows,,
236,1,1,Sains,fresh_food,own_brand,,standard,,,,Braeburn Apples,,
237,1,1,Morrisons,food_cupboard,branded,Mother Africa,,680.0,g,,Fufu Flour,,
238,1,1,Sains,food_cupboard,branded,Bisto,,175.0,g,,Gravy Granules,,
239,1,1,Sains,fresh_food,branded,Higgidy,,155.0,g,,Spinach and Tomato Quiche,,
240,1,1,ASDA,drinks,own_brand,,premium,750.0,ml,,Cóte De Beaune Villages,,
241,1,1,Tesco,food_cupboard,own_brand,,standard,400.0,g,,Vanilla Sponge Mix,,
242,1,1,Morrisons,food_cupboard,own_brand,,standard,100.0,g,,Sardines in Harissa Sauce,,
243,1,1,Morrisons,drinks,branded,Cruzcampo,,3960.0,ml,12.0,Sevilla Lager Beer,,
244,1,1,Morrisons,food_cupboard,branded,Princes,,160.0,g,,Mexican Tuna Salad Bowl,,
245,1,1,Tesco,bakery,own_brand,,dietary,,,,Stripey The Caterpillar Cake,,
246,1,1,Sains,food_cupboard,branded,Pot Noodle,,100.0,g,,Chilli Chicken Instant Snack,,
247,1,1,ASDA,fresh_food,own_brand,,standard,450.0,g,,Tender 4 Pork Loin Steaks,,
248,1,1,Sains,drinks,unbranded,,,1000.0,ml,,Nexba Naturally Pineapple Soft Drink,,
249,1,1,Morrisons,bakery,branded,Hovis,,800.0,g,,Seeded Batch Bread,,
250,1,1,Sains,drinks,branded,Hardys,,750.0,ml,,VR Sauvignon Blanc,,
251,1,1,Morrisons,food_cupboard,unbranded,,,100.0,g,,Extra Watermelon Flavour Sugarfree Ch…,,
252,1,1,ASDA,drinks,branded,Timothy Taylor's,,500.0,ml,,Landlord Classic Pale Ale,,
253,1,1,Sains,food_cupboard,branded,Costa,,200.0,g,,Coffee Mocha Italia Signature Blend Ground for Cafetiere and Filter,,
254,1,1,Morrisons,food_cupboard,branded,Allinson,,1000.0,g,,Plain Wholemeal Flour,,
255,1,1,Morrisons,fresh_food,own_brand,,standard,340.0,g,,Chinese Sweet and Sour Chicken,,
256,1,1,ASDA,drinks,own_brand,,standard,240.0,g,,Mexican Style Bean Mix in Water,,
257,1,1,Tesco,frozen,branded,Quorn,,240.0,g,,Tomato and Mozzarella Escalopes,,
258,1,1,Morrisons,fresh_food,unbranded,,,250.0,g,,Crisp 'N' Dry Solid White Vegetable Oil,,
259,1,1,ASDA,food_cupboard,unbranded,,,300.0,g,,Tropics Original Recipe Hot and Spicy Chicken Fry Mix,,
260,1,1,Tesco,drinks,own_brand,,standard,1000.0,ml,4.0,Reduced Cal G and T,,
261,1,1,Tesco,food_cupboard,unbranded,,,180.0,g,,Tony's Chocolonely Milk Chocolate Caramel Biscuit,,
262,1,1,Sains,free-from,own_brand,,standard,350.0,g,,Arrabiata Sauce,,
263,1,1,Tesco,food_cupboard,own_brand,,standard,1000.0,ml,,Coconut Drink,,
264,1,1,Sains,drinks,branded,Red Bull,,250.0,ml,,"Spiced Pear Energy Drink, the Winter Edition",,
265,1,1,Tesco,fresh_food,own_brand,,standard,423.0,g,,Chicken and Bacon Sandwich Filler,,
266,1,1,Tesco,frozen,branded,Cadbury,,400.0,ml,4.0,Creme Egg Ice Cream Cones,,
267,1,1,Sains,fresh_food,own_brand,,standard,300.0,g,,Watermelon,,
268,1,1,Morrisons,food_cupboard,unbranded,,,55.0,g,,Cornish Sea Salt Really Garlicky Seasoning,,
269,1,1,Morrisons,food_cupboard,branded,Regal,,340.0,g,,Bakery Mini Madeira Cakes,,
270,1,1,Tesco,food_cupboard,branded,Batchelors,,300.0,g,,Bigga Marrowfat Processed Peas,,
271,1,1,Sains,free-from,own_brand,,standard,230.0,g,2.0,Mini Garlic Pizza Breads,,
272,1,1,Sains,food_cupboard,own_brand,,standard,340.0,g,,Peanut Butter Smooth,,
273,1,1,ASDA,fresh_food,own_brand,,standard,,,,Green Simplicity 28cm Wok,,
274,1,1,Tesco,fresh_food,own_brand,,standard,300.0,g,,Beetroot Salad,,
275,1,1,Tesco,food_cupboard,own_brand,,value,440.0,g,,Curry Sauce,,
276,1,1,Sains,drinks,branded,Lipton,,1250.0,ml,,Ice Tea Lemon Flavoured Still Soft Drink,,
277,1,1,ASDA,food_cupboard,own_brand,,standard,2000.0,ml,,Grip Measuring Jug,,
278,1,1,Sains,fresh_food,own_brand,,premium,340.0,g,,Extra Mature Cumbrian Cheddar,,
279,1,1,ASDA,drinks,branded,Kopparberg,,500.0,ml,,Premium Cider with Raspberry,,
280,1,1,Tesco,fresh_food,unbranded,,,250.0,g,,Lactofree Spreadable,,
281,1,1,ASDA,food_cupboard,branded,Nando's,,270.0,g,,Peri-Peri Medium Quick Marinade,,
282,1,1,Morrisons,drinks,unbranded,,,750.0,ml,,Baron Philippe de Rothsch…,,
283,1,1,ASDA,food_cupboard,branded,Ryvita,,125.0,g,,Crackerbread Wholegrain Crackers,,
284,1,1,Morrisons,drinks,branded,Highland Spring,,4642.9,ml,,Still Water Sports Cap,,
285,1,1,ASDA,food_cupboard,own_brand,,standard,150.0,g,,Vegetable Bouillon Mix,,
286,1,1,Sains,drinks,unbranded,,,1320.0,ml,4.0,Get More Vits Vitamin D Sparkling Mango and Passionfruit,,
287,1,1,Tesco,fresh_food,own_brand,,standard,405.0,g,3.0,Raspberry Trifles,,
288,1,1,Morrisons,drinks,branded,Brothers,,500.0,ml,,App Solutely Pear Fect Cider,,
289,1,1,ASDA,free-from,unbranded,,,170.0,g,,This Isn't Chicken Shawarma,,
290,1,1,ASDA,food_cupboard,branded,Branston,,400.0,g,,Baked Beans with Sausages in Tomato Sauce,,
291,1,1,Sains,food_cupboard,branded,Nissin,,64.0,g,,Cup Noodles 5 Spices Beef Flavour Instant Ramen Style Pot,,
292,1,1,ASDA,fresh_food,branded,Fage,,375.0,g,,Strawberry Thick and Smooth Strained Yoghurt,,
293,1,1,Sains,fresh_food,own_brand,,standard,300.0,g,2.0,Cheesy Bean Slices,,
294,1,1,Sains,free-from,unbranded,,dietary,500.0,g,,Broccoli,,
295,1,1,Tesco,bakery,branded,Cadbury,,,,6.0,Mini Egg Choc Cakes,,
296,1,1,ASDA,fresh_food,branded,Lindahls,,150.0,g,,Pro + Kvarg Banoffee Pie,,
297,1,1,Sains,free-from,own_brand,,dietary,185.0,g,,Raspberry Butterfly Cakes,,
298,1,1,Sains,food_cupboard,own_brand,,standard,400.0,g,,"Rice Pudding, Creamed",,
299,1,1,ASDA,drinks,own_brand,,standard,,,,Red Alphabet Glass Mug - G,,
300,1,1,Sains,food_cupboard,own_brand,,standard,180.0,g,,Wholegrain Mustard,,
301,1,1,Tesco,food_cupboard,branded,Batchelors,,86.0,g,4.0,Cup A Soup Chicken and Leek,,
302,1,1,Tesco,fresh_food,own_brand,,standard,400.0,g,,Fire Pit 10 Sweet and Smoky Beef Kebabs,,
303,1,1,Sains,drinks,branded,Bacardi,,250.0,ml,,Mango Mojito Premix Rum Cocktail,,
304,1,1,Sains,bakery,own_brand,,premium,500.0,g,,Strawberry and Clotted Cream Cake,,
305,1,1,Sains,frozen,own_brand,,standard,454.0,g,8.0,Beef Burgers With Onion,,
306,1,1,Sains,drinks,branded,Starbucks,,130.0,g,12.0,"by Nescafe Dolce Gusto Madagascar Vanilla Macchiato Coffee Pods, Per Box",,
307,1,1,Tesco,drinks,unbranded,,,2500.0,ml,10.0,All Shook Up Mixed Sharing Pack Cocktail Cans,,
308,1,1,ASDA,food_cupboard,unbranded,,,35.0,g,,Muscle Moose The Dinky Protein Bar Chocolate Donut Flavour,,
309,1,1,Tesco,fresh_food,own_brand,,standard,1000.0,g,,Marmalade Oranges Pack,,
310,1,1,Tesco,fresh_food,unbranded,,,400.0,g,,The Gym Kitchen Piri Piri Chicken,,
311,1,1,Morrisons,food_cupboard,branded,Dr. Oetker,,100.0,g,,Dark Chocolate Bar,,
312,1,1,Morrisons,frozen,unbranded,,,500.0,ml,,Baskin Robbins Cool Mint Cookie Ice Cream,,
313,1,1,Morrisons,food_cupboard,branded,Illy,,250.0,g,,Espresso Ground Coffee,,
314,1,1,Tesco,frozen,own_brand,,dietary,454.0,g,8.0,Meat Free Burgers,,
315,1,1,ASDA,food_cupboard,branded,Ben's Original,,220.0,g,,Pilau Microwave Rice,,
316,1,1,ASDA,food_cupboard,own_brand,,premium,,,6.0,All-Butter Pastry Cases,,
317,1,1,Tesco,drinks,branded,Brewdog,,1320.0,ml,4.0,Punk Ipa,,
318,1,1,Sains,drinks,branded,Kahlua,,700.0,ml,,Coffee Liqueur,,
319,1,1,ASDA,frozen,unbranded,,,250.0,g,,The Lions Kingdom 2 Ostrich Sous-Vide Steaks,,
320,1,1,Sains,fresh_food,own_brand,,standard,80.0,g,,Sweet and Smoky BBQ Chicken Breast Chunks,,
321,1,1,Tesco,food_cupboard,unbranded,,,142.0,ml,,Tropical Sun Jamaican Scotch Bonnet Pepper Sauce,,
322,1,1,Sains,food_cupboard,branded,Walkers,,45.0,g,,Less Salt Mild Cheese and Onion Crisps,,
323,1,1,Morrisons,drinks,unbranded,,,750.0,ml,,Radacini Blanc De Noirs,,
324,1,1,ASDA,drinks,own_brand,,standard,,,,Blue Bubble Hi-Ball Glass,,
325,1,1,Sains,free-from,branded,Kitkat,,512.7,g,,Caramel Cookie Collision Incredible Giant Easter Egg,,
326,1,1,ASDA,food_cupboard,branded,Jacob's,,150.0,g,,Savours Thins Sour Cream and Chive Crackers,,
327,1,1,ASDA,frozen,branded,Chicago Town,,320.0,g,,Tiger Crust Double Pepperoni Pizza,,
328,1,1,Morrisons,food_cupboard,unbranded,,,375.0,g,,Guylian The Original Seashells Chocolate Box,,
329,1,1,Morrisons,frozen,own_brand,,standard,1000.0,g,,Mixed Vegetables,,
330,1,1,ASDA,food_cupboard,branded,Indus,,100.0,g,,Garlic Powder,,
331,1,1,Morrisons,food_cupboard,branded,Flora,,2000.0,ml,,Pure Sunflower Oil with Vitamin E,,
332,1,1,Tesco,food_cupboard,unbranded,,,250.0,g,,Guylian Seashells Boxed Chocolates,,
333,1,1,ASDA,frozen,own_brand,,standard,,,,Ice Cream Choc Sticks,,
334,1,1,Sains,bakery,branded,Mr Kipling,,230.0,g,,Battenberg Cake,,
335,1,1,Morrisons,bakery,unbranded,,,,,,Irwin's Together Cinnamon…,,
336,1,1,Morrisons,fresh_food,own_brand,,standard,,,,Loose Pomegranate,,
337,1,1,Tesco,food_cupboard,branded,Blue Dragon,,190.0,ml,,Rich Hoisin Sauce,,
338,1,1,ASDA,food_cupboard,unbranded,,,140.0,g,,Olly's Pretzels Thins Sour Cream and Onion Pretzel Thins,,
339,1,1,ASDA,fresh_food,own_brand,,standard,150.0,g,,Grated Carrot,,
340,1,1,Morrisons,food_cupboard,branded,Lindt,,80.0,g,,Milk Chocolate Mini Eggs Bag,,
341,1,1,Tesco,food_cupboard,branded,Milo,,400.0,g,,Instant Malt Chocolate Drinking Powder Tin Ghanaian,,
342,1,1,Sains,fresh_food,own_brand,,standard,300.0,g,,Deli-Style Traditional Coleslaw,,
343,1,1,ASDA,fresh_food,branded,Ginsters,,180.0,g,,Chicken and Bacon Pasty,,
344,1,1,ASDA,drinks,own_brand,,standard,,,,Smoked Cappuccino Mug,,
345,1,1,Sains,fresh_food,unbranded,,,250.0,ml,,Ssh! Indulgent Pot Au Choc Milkshake,,
346,1,1,Sains,bakery,own_brand,,standard,240.0,g,,Double Chocolate Brownie Mini Bites,,
347,1,1,Sains,food_cupboard,branded,Twinings,,125.0,g,,English Breakfast Loose Tea,,
348,1,1,Tesco,fresh_food,own_brand,,standard,55.0,g,,Vegetable Sushi Snack,,
349,1,1,ASDA,fresh_food,own_brand,,standard,,,,Seasonal Cabbage (Colour and Variety may vary),,
350,1,1,Sains,drinks,branded,Sipsmith,,700.0,ml,,London Limited Edition Very Berry Gin,,
351,1,1,ASDA,drinks,own_brand,,standard,1750.0,ml,,Cola 2 Litres,,
352,1,1,Sains,food_cupboard,branded,Ritter Sport,,100.0,g,,Orange,,
353,1,1,ASDA,frozen,branded,Chicago Town,,625.0,g,,Takeaway Stuffed Crust Magnificent Meat Feast Large Pizza,,
354,1,1,ASDA,food_cupboard,branded,Mazzetti,,250.0,ml,,Balsamic Vinegar of Modena,,
355,1,1,Morrisons,drinks,unbranded,,,700.0,ml,,Masons Dry Yorkshire Gin,,
356,1,1,ASDA,fresh_food,own_brand,,standard,,,,Green Simplicity 24cm Frying Pan,,
357,1,1,Morrisons,food_cupboard,branded,Kellogg's,,475.0,g,,Chocolate Wheats,,
358,1,1,Tesco,drinks,branded,Belvoir,,500.0,ml,,Cordial E/Flower Rose,,
359,1,1,Tesco,drinks,unbranded,,,150.0,ml,3.0,Beams The Whisky Collection Gift Set,,
360,1,1,Morrisons,food_cupboard,branded,Yorkshire Tea,,1500.0,g,480.0,,,
361,1,1,Sains,fresh_food,own_brand,,premium,240.0,g,,Unsmoked Air Dried Wiltshire Cured Back Bacon Rashers,,
362,1,1,Sains,drinks,unbranded,,,750.0,ml,,Piper Heidsieck Brut NV Champagne,,
363,1,1,Sains,food_cupboard,unbranded,,,454.0,g,,Garner's Sweet Pickled Baby Onions,,
364,1,1,Sains,food_cupboard,unbranded,,,65.0,g,,Goong Instant Soup Gold Chicken,,
365,1,1,Tesco,food_cupboard,own_brand,,standard,250.0,g,,Scottish Rough Oatcakes,,
366,1,1,Morrisons,drinks,branded,Barefoot,,750.0,ml,,Pinot Grigio White Wine,,
367,1,1,ASDA,drinks,branded,Absolut,,700.0,ml,,Wild Berri Berry Flavoured Swedish Vodka,,
368,1,1,Tesco,fresh_food,own_brand,,standard,300.0,g,2.0,Breaded Cod Fillets,,
369,1,1,ASDA,fresh_food,own_brand,,standard,,,,Green Easter Tumbler,,
370,1,1,ASDA,food_cupboard,branded,Rowntree's,,140.0,g,,Randoms Juicers Sweets Sharing Bag,,
371,1,1,Tesco,fresh_food,own_brand,,premium,225.0,g,,Belgian Dark Chocolate Brazil Nuts,,
372,1,1,Morrisons,frozen,unbranded,,,400.0,g,,Kershaw's The All Day Big Breakfast,,
373,1,1,ASDA,drinks,own_brand,,standard,,,,Aqua Tracker Bottle,,
374,1,1,Sains,food_cupboard,branded,Nestle,,330.0,g,,KitKat Milk Chocolate Cereal,,
375,1,1,ASDA,fresh_food,own_brand,,value,2000.0,g,,White Potatoes,,
376,1,1,Morrisons,food_cupboard,own_brand,,standard,200.0,g,,Strawberry Bon Bons,,
377,1,1,Morrisons,free-from,branded,Jack Daniel's,,550.0,g,,Original BBQ Sauce,,
378,1,1,Tesco,food_cupboard,branded,Kabuto Noodles,,65.0,g,,Chilli Chicken Ramen,,
379,1,1,Tesco,frozen,own_brand,,premium,170.0,g,10.0,Prawn Lollipops,,
380,1,1,Tesco,frozen,branded,Birds Eye,,440.0,g,,4 Large Breaded Cod Fillets,,
381,1,1,ASDA,food_cupboard,branded,Knorr,,80.0,g,,Beef Stock Cubes,,
382,1,1,Sains,fresh_food,own_brand,,premium,400.0,g,,Beef Lasagne,,
383,1,1,ASDA,fresh_food,own_brand,,standard,450.0,g,8.0,Succulent Turkey Sausages,,
384,1,1,Sains,fresh_food,branded,Arla,,250.0,ml,,Lactofree Cream,,
385,1,1,Sains,food_cupboard,branded,Oatly,,1000.0,ml,,Oat Drink Light Chilled,,
386,1,1,Sains,frozen,unbranded,,value,320.0,g,,Frozen Breaded British Chicken Nuggets,,
387,1,1,Tesco,fresh_food,own_brand,,standard,200.0,g,,Cheddar Cheese and Chive Dip,,
388,1,1,Tesco,drinks,branded,Gordon's,,700.0,ml,,Tropical Passionfruit Gin Bottle,,
389,1,1,ASDA,drinks,branded,Robinsons,,1000.0,ml,,Apple and Blackcurrant Squash,,
390,1,1,Morrisons,fresh_food,branded,Muller,,160.0,g,,Light Banana and Custard Yogurt,,
391,1,1,Tesco,drinks,branded,Stella Artois,,1320.0,ml,4.0,Premium Lager Beer,,
392,1,1,ASDA,drinks,unbranded,,,750.0,ml,,Gordon Ramsay Intenso Rosso,,
393,1,1,ASDA,drinks,branded,Clipper,,280.0,g,80.0,Everyday Tea,,
394,1,1,Tesco,bakery,branded,Warburtons,,400.0,g,,Milk Roll Sliced White Bread,,
395,1,1,Sains,free-from,branded,Slimfast,,325.0,ml,,Ready to Drink Meal Replacement Shake Chocolate Flavour 6 meals,,
396,1,1,Morrisons,fresh_food,branded,Gressingham,,300.0,g,,Duck Breast Fillets,,
397,1,1,Sains,food_cupboard,branded,Grenade,,60.0,g,,Carb Killa Chocolate Chip Salted Caramel Bar,,
398,1,1,Morrisons,drinks,branded,Disaronno,,700.0,ml,,Amaretto,,
399,1,1,Morrisons,drinks,unbranded,,,700.0,ml,,Red Leg Spiced Rum,,
400,1,1,Tesco,food_cupboard,own_brand,,standard,340.0,g,,Pitted Green Olives Reduce Salt,,
401,1,1,Tesco,fresh_food,own_brand,,standard,300.0,g,,Prawn Layered Salad,,
402,1,1,Sains,drinks,own_brand,,standard,750.0,ml,,"Demi-sec Champagne, Non Vintage",,
403,1,1,Tesco,fresh_food,own_brand,,standard,,,,Flat Leaf Parsley Medium Pot,,
404,1,1,Sains,food_cupboard,branded,Betty Crocker,,415.0,g,,Chocolate Fudge Brownie Mix,,
405,1,1,ASDA,fresh_food,own_brand,,value,300.0,g,,Pepperoni Pizza,,
406,1,1,Tesco,food_cupboard,branded,Maggi,,400.0,g,,Authentic Indian Masala Chilli Sauce,,
407,1,1,Tesco,frozen,branded,Itsu,,240.0,g,,Teriyaki Chick'n Gyoza,,
408,1,1,Morrisons,fresh_food,branded,Ginsters,,170.0,g,,Cheddar and Onion Slice,,
409,1,1,Tesco,frozen,branded,Discover-in,,414.0,g,,Hoisin Chicken Bao Bun Kit,,
410,1,1,ASDA,drinks,own_brand,,standard,,,,Yellow Fast Boil Textured Kettle GTK101Y-21,,
411,1,1,Tesco,food_cupboard,unbranded,,,100.0,g,,Tony's Chocolonely Littl' Bits Triple chocolate mix,,
412,1,1,Tesco,food_cupboard,branded,Sensations,,150.0,g,,Crushed Sea Salt and Black Peppercorn Flavour Potato Crisps,,
413,1,1,Morrisons,fresh_food,unbranded,,premium,,,,Salad Cress,,
414,1,1,Sains,free-from,branded,Optibac,,,,30.0,Kids Strawberry Gummies,,
415,1,1,Sains,frozen,unbranded,,,427.0,ml,,Ben and Jerry's Sundae Ice Cream Tub Marshmallow and S'more,,
416,1,1,Morrisons,drinks,unbranded,,,700.0,ml,,Jaffa Cake Gin,,
417,1,1,ASDA,food_cupboard,branded,Patak's,,64.1,g,8.0,Plain Pappadums,,
418,1,1,Sains,fresh_food,own_brand,,standard,350.0,g,,British Fresh Chicken Thigh Fillets In a Hot and Spicy Breadcrumb Coating,,
419,1,1,Tesco,food_cupboard,branded,Ambrosia,,500.0,g,,Light 30% Less Sugar and Fat Custard,,
420,1,1,ASDA,food_cupboard,own_brand,,standard,,,,Cake White Paper Cases,,
421,1,1,Sains,free-from,branded,Quorn,,200.0,g,,Totally 10 Fishless Fingers,,
422,1,1,Sains,food_cupboard,branded,Napolina,,1000.0,g,,Spaghetti,,
423,1,1,ASDA,drinks,branded,Kenco,,110.0,g,,Duo Cappuccino Instant Coffee,,
424,1,1,Sains,fresh_food,unbranded,,,280.0,g,,La Famiglia Rana Filled Pan-Fry Gnocchi Spinach and Mozzarella,,
425,1,1,Sains,drinks,branded,San Pellegrino,,330.0,ml,,Orange,,
426,1,1,Morrisons,drinks,unbranded,,,,,,Velo Freeze 11mg Pouch,,
427,1,1,Sains,food_cupboard,branded,Clipper,,30.0,g,20.0,Nettle,,
428,1,1,Tesco,food_cupboard,branded,Cadbury,,120.0,g,6.0,Snack Shortcake Chocolate Biscuits Multipack,,
429,1,1,ASDA,fresh_food,own_brand,,standard,300.0,g,,Pickled Beetroot,,
430,1,1,Sains,drinks,unbranded,,,750.0,ml,,Journeys End Bluegum Merlot,,
431,1,1,Morrisons,drinks,unbranded,,,0.02,g,,Aspire Origin Bar 600 Blue and Raspberry,,
432,1,1,ASDA,free-from,branded,Organix,,90.0,g,,KIDS Cool Choco Mint Mini Flapjack Bites 4x,,
433,1,1,Sains,fresh_food,own_brand,,standard,200.0,g,,Cheese and Garlic Mushrooms,,
434,1,1,Morrisons,drinks,unbranded,,,,,,Ske Crystal Blue Sour Raspberry 20Mg,,
435,1,1,Morrisons,fresh_food,branded,Dairylea,,170.0,g,,Dunkers Nacho Cheese Snacks,,
436,1,1,Morrisons,bakery,branded,Warburtons,,360.0,g,,4 Large White Rolls,,
437,1,1,Tesco,food_cupboard,unbranded,,,480.0,g,6.0,Cocon Assorted Fruit Jelly Pudding,,
438,1,1,Sains,bakery,own_brand,,standard,750.0,g,,Football Crazy Madeira Cake,,
439,1,1,ASDA,drinks,own_brand,,standard,2500.0,ml,10.0,Biere De Luxe,,
440,1,1,ASDA,food_cupboard,unbranded,,,170.0,g,,Butterkist Crunchy Toffee Popcorn,,
441,1,1,Morrisons,frozen,own_brand,,standard,1000.0,g,,Cauliflower Florets,,
442,1,1,ASDA,fresh_food,unbranded,,,200.0,ml,,Disney 8 Encanto Paper Cups,,
443,1,1,Sains,food_cupboard,own_brand,,standard,60.0,ml,,Pink Food Colouring,,
444,1,1,Tesco,food_cupboard,own_brand,,standard,125.0,g,,Mackerel Fillets Sunflower Oil,,
445,1,1,Tesco,fresh_food,own_brand,,premium,500.0,g,,BEEF DRIPPING GRAVY,,
446,1,1,Tesco,food_cupboard,own_brand,,standard,500.0,g,,Prunes,,
447,1,1,ASDA,food_cupboard,unbranded,,,473.0,ml,,Ben and Jerry's Caramel Brownie Party Ice Cream,,
448,1,1,Sains,free-from,branded,Piccolo,,200.0,g,,Cooking Baby Pasta Mini Penne 10+ Months,,
449,1,1,ASDA,food_cupboard,unbranded,,,400.0,g,,Cake Decor Rich Chocolate Frosting,,
450,1,1,Sains,food_cupboard,branded,Whitworths,,130.0,g,,Whole Cranberries,,
451,1,1,ASDA,fresh_food,branded,Young's,,350.0,g,,Gastro Cod Spinach Cheese and Potato Gratin,,
452,1,1,Tesco,food_cupboard,unbranded,,,84.1,g,60.0,Extra Peppermint Sugarfree Chewing Gum Bottle,,
453,1,1,Sains,food_cupboard,branded,Belvita,,250.0,g,250.0,Breakfast Biscuits Soft Bakes Choc Chips g,,
454,1,1,ASDA,food_cupboard,branded,Kellogg's,,100.0,g,,Krave Chocolate Hazelnut Stix,,
455,1,1,ASDA,drinks,branded,Schweppes,,1000.0,ml,,Slimline Bitter Lemon,,
456,1,1,Tesco,fresh_food,unbranded,,,227.0,g,,Finest Strawberries,,
457,1,1,ASDA,bakery,own_brand,,standard,,,,Sid the Sausage Dog Cake,,
458,1,1,Morrisons,drinks,unbranded,,,355.0,ml,,The Famous Grouse Blended Scotch Whisky,,
459,1,1,Sains,fresh_food,own_brand,,standard,425.0,g,,British Extra Lean Diced Pork Leg,,
460,1,1,Sains,fresh_food,own_brand,,dietary,450.0,g,,Chicken Stock,,
461,1,1,Morrisons,food_cupboard,unbranded,,,200.0,ml,,Kingfisher Coconut Milk Light,,
462,1,1,Morrisons,food_cupboard,branded,Ryvita,,125.0,g,,Thins Rosemary and Sea S…,,
463,1,1,Sains,fresh_food,own_brand,,premium,160.0,g,,Unsmoked Dry Cured British Bacon Medallions,,
464,1,1,Sains,free-from,branded,Heinz,,435.0,g,,Tomato Ketchup 50% Less Sugar,,
465,1,1,Morrisons,fresh_food,branded,Innocent,,750.0,ml,,Plus Bolt From The Blue Guav…,,
466,1,1,Tesco,drinks,unbranded,,,750.0,ml,,Louis Latour Bourgogne Gamay,,
467,1,1,Morrisons,food_cupboard,branded,Mcvitie's,,94.7,g,,Iced Gems Chocola…,,
468,1,1,Tesco,food_cupboard,own_brand,,standard,300.0,g,,Sliced Carrots In Water,,
469,1,1,Tesco,fresh_food,own_brand,,standard,600.0,g,,Raspberry Trifle,,
470,1,1,ASDA,fresh_food,branded,Peperami,,100.0,g,5.0,Firestick,,
471,1,1,Tesco,fresh_food,own_brand,,premium,460.0,g,,Moroccan Inspired Lamb Kebabs,,
472,1,1,ASDA,food_cupboard,own_brand,,standard,400.0,g,,Sweet Pickled Silverskin Onions,,
473,1,1,ASDA,food_cupboard,own_brand,,premium,340.0,g,,Bolognese Sauce,,
474,1,1,Sains,drinks,branded,Starbucks,,800.0,ml,4.0,Doubleshot Espresso Iced Coffee Drink,,
475,1,1,Morrisons,fresh_food,unbranded,,,160.0,g,,The Butcher Chic…,,
476,1,1,ASDA,fresh_food,own_brand,,premium,225.0,g,,Aberdeen Angus Ribeye Steak 30 Day Matured,,
477,1,1,Tesco,bakery,own_brand,,standard,,,,Angel Layer Cake,,
478,1,1,Tesco,food_cupboard,branded,Maldon,,250.0,g,,Sea Salt,,
479,1,1,Tesco,food_cupboard,own_brand,,standard,200.0,g,,Dark Chocolate Bar,,
480,1,1,Tesco,food_cupboard,branded,Kohinoor,,375.0,g,,Mumbai Kolhapuri Masala Cooking Sauce,,
481,1,1,Morrisons,food_cupboard,branded,Batchelors,,90.0,g,4.0,Cup A Soup Hot and Sour,,
482,1,1,Tesco,fresh_food,own_brand,,standard,1000.0,ml,,Banana Flavoured Milk,,
483,1,1,Sains,food_cupboard,unbranded,,,300.0,g,,Lowicz Cascaval Cheese,,
484,1,1,ASDA,food_cupboard,unbranded,,,200.0,g,,LU Le Petit Biscotte Crunchy Cinnamon and Brown Sugar Biscuits,,
485,1,1,Morrisons,food_cupboard,branded,Bonne Maman,,270.0,g,,Caramelised Apple Spread,,
486,1,1,Tesco,fresh_food,own_brand,,premium,110.0,g,,PORK LIVER PATE WITH PEAR GLAZE,,
487,1,1,Sains,free-from,branded,Unearthed,,500.0,g,,Spanish Potato Omelette,,
488,1,1,Sains,drinks,unbranded,,,750.0,ml,,Dada Art 391 Malbec,,
489,1,1,Morrisons,fresh_food,own_brand,,standard,80.0,g,,Tapas Cheddar And Chorizo Rollitos,,
490,1,1,Morrisons,food_cupboard,branded,Taylors,,200.0,g,,Hot Lava Java Coffee Beans,,
491,1,1,ASDA,drinks,branded,Lavazza,,500.0,g,,Decaffeinated Coffee Beans,,
492,1,1,Tesco,frozen,unbranded,,,204.0,g,,Snacksters Big Stack Burger,,
493,1,1,ASDA,fresh_food,unbranded,,,,,,Widdop 70 Flute,,
494,1,1,Tesco,food_cupboard,branded,Schwartz,,35.0,g,,Chicken and Leek Bake Recipe Mix,,
495,1,1,Morrisons,food_cupboard,branded,Haribo,,175.0,g,,Sour Sparks Vegeta…,,
496,1,1,Sains,drinks,unbranded,,,700.0,ml,,Toki Suntory Whisky Blended Japanese Whisky,,
497,1,1,Morrisons,frozen,branded,Quorn,,500.0,g,,Sausages,,
498,1,1,Sains,drinks,branded,Jam Shed,,187.0,ml,,Shiraz,,
499,1,1,ASDA,food_cupboard,branded,Werthers,,125.0,g,,Original Creamy Filling Sweets,,
500,1,1,Tesco,food_cupboard,unbranded,,,630.0,g,,Nestlé Shreddies Original Cereal,,
501,1,1,Sains,fresh_food,own_brand,,premium,,,,Spiced Butternut and Whipped Feta Wrap,,
502,1,1,Sains,food_cupboard,branded,Heinz,,400.0,g,,Chicken and Leek Chunky Big Soup,,
503,1,1,Sains,food_cupboard,own_brand,,standard,440.0,g,,Hot and Spicy Pickled Onions in Malt Vinegar,,
504,1,1,ASDA,fresh_food,own_brand,,standard,200.0,g,,Crisp and Tender Rainbow Chard,,
505,1,1,ASDA,bakery,own_brand,,standard,,,5.0,Strawberry Popdot,,
506,1,1,Tesco,fresh_food,branded,Pilgrims Choice,,550.0,g,,Mature Cheddar Cheese,,
507,1,1,Sains,food_cupboard,branded,Lindt,,125.0,g,,Classic Recipe Crispy Milk Chocolate Bar,,
508,1,1,ASDA,food_cupboard,branded,Simply Cook,,60.0,g,,Cajun Jambalaya Recipe Kit,,
509,1,1,Sains,food_cupboard,unbranded,,,190.0,g,,Wholecreations Dairy and Garlic Bread Baguette,,
510,1,1,Sains,fresh_food,branded,Galbani,,250.0,g,,Mozzarella Cheese Maxi Bag,,
511,1,1,Morrisons,food_cupboard,branded,Heinz,,400.0,g,,Mulligatawny Soup,,
512,1,1,Tesco,food_cupboard,branded,Kohinoor,,300.0,g,,Dal Tarka,,
513,1,1,Tesco,frozen,own_brand,,standard,500.0,g,,Oriental Style Takeaway with Vegetable Spring Roll,,
514,1,1,ASDA,drinks,branded,John Smith's,,440.0,ml,,18 Extra Smooth Cans,,
515,1,1,ASDA,drinks,unbranded,,,275.0,ml,,The Mocktail Company Pino Colada,,
516,1,1,Sains,fresh_food,own_brand,,premium,510.0,g,,Slow Cooked Smoky Gammon Shanks with A Blossom Honey and Wholegrain Mustard Glaze,,
517,1,1,ASDA,food_cupboard,unbranded,,,164.8,g,,Penn State Baked Pretzels Roasted Chilli Flavour,,
518,1,1,ASDA,frozen,own_brand,,standard,280.0,ml,8.0,Assorted Milk Lollies,,
519,1,1,Sains,food_cupboard,branded,Rubicon,,1980.0,ml,6.0,Sparkling Passionfruit Juice Soft Drink,,
520,1,1,Sains,food_cupboard,branded,Heinz,,400.0,g,,Cream of Chicken Soup,,
521,1,1,Morrisons,food_cupboard,own_brand,,standard,25.0,g,,Flower Modelling Paste,,
522,1,1,ASDA,food_cupboard,branded,Kellogg's,,375.0,g,,Crunchy Nut Bites Honey and Nut,,
523,1,1,Sains,fresh_food,own_brand,,standard,300.0,g,,Deli-Style Coleslaw,,
524,1,1,Tesco,food_cupboard,branded,Blue Dragon,,500.0,g,,Sushi Rice,,
525,1,1,Morrisons,food_cupboard,branded,Tassimo,,116.3,g,14.0,L'OR Americano Classique Coffee Pods,,
526,1,1,Sains,fresh_food,own_brand,,standard,210.0,g,,On the Go Greek Style Yogurt with Mixed Berry Compote and Crispy Granola,,
527,1,1,Tesco,fresh_food,branded,Ginsters,,227.0,g,,Original Cornish Pasty,,
528,1,1,Morrisons,frozen,own_brand,,premium,1500.0,g,,Chunky Chips,,
529,1,1,Morrisons,food_cupboard,branded,Mcvitie's,,125.0,g,,Mini BN Strawberry Flavour,,
530,1,1,Tesco,food_cupboard,branded,Bisto,,450.0,g,,Reduced Salt Gravy Granules,,
531,1,1,Morrisons,fresh_food,branded,Pizza Express,,400.0,g,,Dough Ready to Roll,,
532,1,1,ASDA,drinks,branded,Silver Spoon,,1000.0,g,,Demerara Sugar,,
533,1,1,Morrisons,bakery,branded,Warburtons,,530.0,g,,Multi Seeded Artisan Bread,,
534,1,1,Sains,drinks,branded,Fruit Shoot,,4800.0,ml,24.0,Orange Kids Juice Drink,,
535,1,1,Tesco,fresh_food,own_brand,,standard,350.0,g,,Cauliflower Cheese,,
536,1,1,Tesco,fresh_food,own_brand,,standard,255.0,g,30.0,Bitesize Pork Cocktail Sausages,,
537,1,1,Tesco,food_cupboard,unbranded,,,1000.0,ml,,Dr Witt Multivitamins Metabolism Drink,,
538,1,1,ASDA,food_cupboard,own_brand,,standard,,,,White Pie Dish - Set of 3,,
539,1,1,ASDA,drinks,unbranded,,,750.0,ml,,Lugana Italian Wine,,
540,1,1,ASDA,drinks,unbranded,,,,,,Disney Disney Pride Mug,,
541,1,1,Sains,fresh_food,own_brand,,premium,320.0,g,,Spicy Chicken and Puttanesca Pasta Salad,,
542,1,1,Tesco,frozen,own_brand,,standard,780.0,g,,Butter Basted Frozen Turkey Breast Joint,,
543,1,1,ASDA,food_cupboard,branded,Fray Bentos,,425.0,g,,Minced Beef and Onion,,
544,1,1,Sains,frozen,unbranded,,,656.0,g,6.0,Mr Brain's Pork Faggots,,
545,1,1,ASDA,drinks,branded,Black Tower,,750.0,ml,,Club Edition Pinot Noir Rosé Wine,,
546,1,1,Sains,fresh_food,own_brand,,standard,200.0,g,,Baby Cucumbers,,
547,1,1,Morrisons,drinks,branded,Kopparberg,,1319.3,ml,,Winter Punch,,
548,1,1,Morrisons,food_cupboard,branded,Whitworths,,140.0,g,,Bake Chopped Apricots,,
549,1,1,Sains,food_cupboard,own_brand,,standard,300.0,g,,Shorties,,
550,1,1,Morrisons,drinks,unbranded,,,750.0,ml,,Jim Barry Wines Single Vineyard Watervale Shiraz,,
551,1,1,Morrisons,fresh_food,own_brand,,standard,,,,Bloom Bouquet,,
552,1,1,Tesco,frozen,own_brand,,standard,400.0,g,,Sausage And Mash,,
553,1,1,Sains,drinks,branded,Guinness,,1760.0,ml,4.0,0.0% Stout Beer Cans,,
554,1,1,Morrisons,drinks,branded,Giesen,,750.0,ml,,Estate Sauvignon Blanc Wine,,
555,1,1,ASDA,fresh_food,unbranded,,,450.0,g,,Light and Free Sticky Toffee Flavour Greek Style 0% Added Sugar Yoghurt,,
556,1,1,ASDA,drinks,own_brand,,standard,240.0,g,3.0,Skip Jack Tuna Chunks in Spring Water,,
557,1,1,Tesco,fresh_food,own_brand,,standard,412.0,g,,Garlic and Herb Pork Loin Kievs,,
558,1,1,Sains,food_cupboard,own_brand,,standard,970.0,g,,Tomato Ketchup Sauce,,
559,1,1,ASDA,food_cupboard,branded,Ambrosia,,120.0,g,,Belgian Chocolate Mousse Pots,,
560,1,1,Sains,food_cupboard,own_brand,,standard,550.0,g,,Dry Roasted Peanuts,,
561,1,1,Morrisons,frozen,own_brand,,standard,175.0,g,,Seabass Fillets,,
562,1,1,Sains,fresh_food,branded,Seriously,,125.0,g,,Spreadable Vintage Cheese,,
563,1,1,Morrisons,fresh_food,branded,Nomadic,,200.0,g,,Protein Pudding Vanilla,,
564,1,1,Sains,fresh_food,own_brand,,standard,400.0,g,,Beef Hotpot,,
565,1,1,ASDA,food_cupboard,branded,Myprotein,,27.0,g,,Pop Roll Golden Caramel Flavour,,
566,1,1,Sains,food_cupboard,branded,Pukka,,36.0,g,20.0,"Ginger, Galangal and Golden Turmeric Tea Bags",,
567,1,1,Sains,fresh_food,branded,Wall's,,216.0,g,,Mini Savoury Eggs,,
568,1,1,Tesco,fresh_food,unbranded,,,160.0,g,,Planted Chicken Lemon and Herb,,
569,1,1,Sains,food_cupboard,own_brand,,standard,730.0,ml,,Mayonnaise,,
570,1,1,Morrisons,food_cupboard,own_brand,,standard,100.0,g,,Grissini Mini Breadsticks,,
571,1,1,Sains,fresh_food,own_brand,,standard,180.0,g,2.0,Vanilla Cheesecake Slices,,
572,1,1,Sains,food_cupboard,branded,Bens Original,,450.0,g,,Hot Chilli Con Carne Sauce,,
573,1,1,ASDA,drinks,branded,Peroni,,1318.8,ml,4.0,Nastro Azzurro Lager Beer Bottle,,
574,1,1,ASDA,fresh_food,own_brand,,standard,400.0,g,,British Half Fat Mature Cheddar,,
575,1,1,ASDA,frozen,unbranded,,,800.0,g,,Tahira Chicken and Beef Burgers,,
576,1,1,Sains,food_cupboard,own_brand,,premium,750.0,g,,Whole Rolled Porridge Oats,,
577,1,1,Sains,free-from,unbranded,,,,,100.0,Nature's Bounty Gentle Iron Complex with Vitamins B12 and C Capsules,,
578,1,1,Sains,free-from,branded,Cadbury,,180.0,g,,Dairy Milk Orange Chocolate Bar,,
579,1,1,Sains,drinks,unbranded,,,1320.0,ml,4.0,Aqua Libra Sparkling Water Infused with Cucumber Mint and Lime,,
580,1,1,ASDA,food_cupboard,own_brand,,premium,300.0,g,,"Fig, Date, and Balsamic Chutney",,
581,1,1,ASDA,food_cupboard,own_brand,,standard,4000.0,ml,,Black Stand Mixer,,
582,1,1,ASDA,food_cupboard,unbranded,,,680.0,g,,Tarantella Tomato Passata,,
583,1,1,Sains,drinks,unbranded,,,250.0,ml,,Radnor Splash Apple and Raspberry Still Flavoured Spring Water,,
584,1,1,Morrisons,food_cupboard,branded,Potts,,500.0,ml,,Beef Stock Can,,
585,1,1,Sains,drinks,unbranded,,,750.0,ml,,Signé Bourgogne Montagny,,
586,1,1,ASDA,drinks,branded,Innocent,,750.0,ml,,Pineapples Bananas and Coconuts Smoothie,,
587,1,1,Morrisons,drinks,unbranded,,,750.0,ml,,Rosemount Diamond Selection Shiraz,,
588,1,1,Morrisons,fresh_food,branded,Philadelphia,,170.0,g,,Lightest Soft Cream Cheese,,
589,1,1,ASDA,food_cupboard,unbranded,,,180.0,g,,Jutrzenka Wafle Wafers with Cream Flavoured Cream,,
590,1,1,Tesco,fresh_food,own_brand,,standard,500.0,g,,Roast Chicken Dinner Pie,,
591,1,1,Sains,food_cupboard,branded,De Cecco,,500.0,g,,Fusilli,,
592,1,1,ASDA,food_cupboard,branded,Colman's,,100.0,g,,Original English Mustard,,
593,1,1,Sains,drinks,own_brand,,standard,1000.0,ml,,Sweet Pale Cream Sherry,,
594,1,1,Tesco,fresh_food,branded,Cathedral City,,550.0,g,,Mild Cheddar,,
595,1,1,Sains,bakery,own_brand,,standard,800.0,g,,Seeded White Bloomer,,
596,1,1,Tesco,food_cupboard,own_brand,,standard,200.0,g,,Bombay Mix Snacks,,
597,1,1,Sains,fresh_food,own_brand,,standard,,,2.0,Fresh Packed Lemongrass Sticks,,
598,1,1,ASDA,drinks,own_brand,,standard,800.0,g,8.0,Vitamin Boosting Peach and Apricot Yogurt Drinks,,
599,1,1,Sains,food_cupboard,own_brand,,standard,80.0,g,,Garlic and Coriander Poppadoms,,
600,1,1,Morrisons,frozen,branded,Young's,,400.0,g,,Chip Shop 4 Cod Fillets,,
601,1,1,Sains,free-from,unbranded,,,62.0,g,,Battle Bites High Protein Bar Jaffa Bake Flavour,,
602,1,1,Sains,free-from,own_brand,,premium,800.0,g,,Orange and Prosecco Doc Panettone,,
603,1,1,Tesco,fresh_food,unbranded,,,110.0,g,,The Collective Brekkie Blueberry and Oat Kids Yoghurt Pouch,,
604,1,1,ASDA,free-from,own_brand,,dietary,225.0,g,,Spiced Bean Burgers,,
605,1,1,Sains,fresh_food,own_brand,,standard,350.0,g,,British or Irish 10% Fat 20 Beef Mini Meatballs,,
606,1,1,Tesco,frozen,branded,Magnum,,300.0,ml,3.0,Mint Ice Cream Sticks,,
607,1,1,ASDA,food_cupboard,branded,Lurpak,,200.0,g,,Slightly Salted Butter,,
608,1,1,ASDA,food_cupboard,branded,Schwartz,,35.1,g,,Cloves Ground,,
609,1,1,Tesco,drinks,branded,Kumala,,750.0,ml,,Reserve Shiraz,,
610,1,1,Morrisons,food_cupboard,branded,Old El Paso,,40.0,g,,Chilli Con Carne Seasoning Mix,,
611,1,1,Tesco,food_cupboard,branded,John West,,213.0,g,,Red Salmon,,
612,1,1,ASDA,food_cupboard,unbranded,,,340.0,g,,Skippy Extra Smooth Creamy Peanut Butter,,
613,1,1,ASDA,food_cupboard,unbranded,,,100.0,g,,Butterkist Cinema Sweet Popcorn,,
614,1,1,Sains,food_cupboard,own_brand,,standard,250.0,g,,Pure Canadian Maple Syrup,,
615,1,1,Morrisons,food_cupboard,unbranded,,,150.0,g,6.0,Seabrooks Prawn Cocktail Crisps,,
616,1,1,Sains,food_cupboard,unbranded,,,400.0,g,,and Me Oats and Plenty Super Seedy and Nutty,,
617,1,1,Tesco,food_cupboard,unbranded,,,350.0,g,,Nishaan Chakki Roti,,
618,1,1,Sains,food_cupboard,own_brand,,standard,143.0,g,4.0,Milk Chocolate Rice Cakes,,
619,1,1,Sains,fresh_food,own_brand,,standard,300.0,g,,Beansprouts,,
620,1,1,Morrisons,bakery,branded,Soreen,,170.0,g,,Lift Bars Raspberry and Vanilla,,
621,1,1,Morrisons,food_cupboard,unbranded,,,1000.0,g,,Shazans Mutton Shanks,,
622,1,1,Sains,drinks,branded,Monster,,500.0,ml,,Energy Drink,,
623,1,1,Sains,food_cupboard,branded,Whitworths,,175.0,g,,Figs,,
624,1,1,Morrisons,free-from,branded,Bfree,,,,,Naan Breads Stone Baked Original,,
625,1,1,Tesco,drinks,unbranded,,,750.0,ml,,Zuccardi Serie A Malbec,,
626,1,1,Morrisons,food_cupboard,unbranded,,,270.0,g,,Imperial Chicken Teriyaki Bao Buns,,
627,1,1,Tesco,fresh_food,own_brand,,standard,125.0,g,5.0,Pork and Egg Roll Slices,,
628,1,1,Sains,food_cupboard,branded,Blue Dragon,,50.0,g,,Thai Green Curry Paste Pot,,
629,1,1,Tesco,food_cupboard,own_brand,,standard,400.0,g,,Broccoli And Stilton Soup,,
630,1,1,ASDA,drinks,branded,Sistema,,,,,Flip Bottle,,
631,1,1,ASDA,food_cupboard,branded,Tiger,,1000.0,g,,Tiger Sushi Rice,,
632,1,1,Tesco,food_cupboard,branded,Sharwoods,,420.0,g,,Korma 30% Less Fat Cooking Sauce,,
633,1,1,ASDA,food_cupboard,unbranded,,,80.0,g,,Africa's Finest Coconut Chin-Chin,,
634,1,1,Morrisons,food_cupboard,own_brand,,standard,500.0,g,,Wholefoods Red Split Lentils,,
635,1,1,Morrisons,free-from,branded,Nomo,,110.0,g,,Creamy Buttons,,
636,1,1,Tesco,food_cupboard,unbranded,,,1000.0,ml,,Ufc 100% Watermelon Drink,,
637,1,1,ASDA,food_cupboard,branded,Kellogg's,,400.0,g,,Krave Cookies and Cream Cereal,,
638,1,1,Sains,drinks,branded,Actimel,,800.0,g,8.0,Multifruit Cultured Yogurt Drink,,
639,1,1,Sains,food_cupboard,unbranded,,,25.0,g,6.0,McCoy's Curry Sauce Flavour Ridge Cut Potato Crisps,,
640,1,1,Tesco,food_cupboard,own_brand,,value,250.0,g,,Chocolate Chip Cookies,,
641,1,1,ASDA,free-from,own_brand,,dietary,100.0,g,13.0,Slightly Salted Rice Cakes,,
642,1,1,ASDA,food_cupboard,branded,Ktc,,400.0,g,,Crispy Fried Onions,,
643,1,1,Morrisons,food_cupboard,own_brand,,standard,340.0,g,,Pimiento-Stuffed Olives,,
644,1,1,Tesco,fresh_food,own_brand,,standard,,,15.0,Eggs,,
645,1,1,ASDA,food_cupboard,branded,Wrigley's,,14.0,g,10.0,Extra White Chewing Gum,,
646,1,1,ASDA,drinks,own_brand,,standard,1000.0,ml,,Pomegranate Juice Drink,,
647,1,1,ASDA,food_cupboard,own_brand,,standard,190.0,g,,Pink Wafers,,
648,1,1,Tesco,frozen,own_brand,,dietary,440.0,ml,4.0,Toffee and Vanilla Cones,,
649,1,1,Sains,food_cupboard,own_brand,,premium,125.0,g,,Earl Grey Decaff Tea Bags,,
650,1,1,ASDA,fresh_food,branded,Arla,,1000.0,g,,Skyr Natural Icelandic Style Yogurt,,
651,1,1,Morrisons,frozen,own_brand,,standard,340.0,g,,Takeaway Chinese Chicken Curry,,
652,1,1,Morrisons,fresh_food,own_brand,,standard,600.0,g,,Casserole Vegetables,,
653,1,1,ASDA,fresh_food,own_brand,,standard,2000.0,g,,Fluffy and Golden Baking Potatoes,,
654,1,1,ASDA,drinks,branded,Costa,,102.0,g,6.0,Creamy Cappuccino Sachets Drinks,,
655,1,1,Tesco,fresh_food,own_brand,,standard,200.0,g,,Smoked Prosciutto and Salami Plat,,
656,1,1,ASDA,drinks,own_brand,,standard,1000.0,ml,,Exotic Juice Drink,,
657,1,1,Sains,food_cupboard,unbranded,,dietary,650.0,g,,Alara Fruits and Seeds Muesli,,
658,1,1,ASDA,fresh_food,unbranded,,,250.0,g,,Rana Chicken and Smoked Pancetta Fresh Tortelloni,,
659,1,1,Morrisons,food_cupboard,branded,Cirio,,380.0,g,,Lentils,,
660,1,1,Tesco,food_cupboard,own_brand,,standard,1000.0,g,,Fusilli Whole Wheat Pasta,,
661,1,1,Morrisons,drinks,own_brand,,standard,1750.0,ml,,Original Bitter Beer Cans 2.8%,,
662,1,1,Morrisons,food_cupboard,branded,Oreo,,240.0,g,,Sandwich Biscuits Snowy…,,
663,1,1,Sains,fresh_food,branded,Cathedral City,,200.0,g,,Mature Cheese,,
664,1,1,ASDA,fresh_food,branded,Frubes,,340.0,g,,Frubes Strawberry and Banana Flavour Yogurt Tubes,,
665,1,1,ASDA,fresh_food,own_brand,,premium,160.0,g,,Hand Picked Tenderstem Broccoli,,
666,1,1,Tesco,drinks,unbranded,,,1500.0,ml,10.0,London Essence Original Indian Tonic Water,,
667,1,1,Morrisons,food_cupboard,branded,Milkybar,,90.0,g,,,,
668,1,1,Tesco,food_cupboard,own_brand,,standard,18.0,g,,Italian Seasoning,,
669,1,1,Tesco,food_cupboard,own_brand,,standard,250.0,ml,,Seafood Sauce,,
670,1,1,Morrisons,food_cupboard,branded,Filippo Berio,,750.0,ml,,Olive Oil,,
671,1,1,Morrisons,drinks,unbranded,,,750.0,ml,,Myton Hill Rose,,
672,1,1,Sains,food_cupboard,branded,Kenco,,195.0,g,,Gold Indulgence Instant Coffee,,
673,1,1,Sains,free-from,own_brand,,dietary,400.0,g,,Grapes (Red or Black),,
674,1,1,ASDA,fresh_food,branded,Marmite,,190.0,g,,Oven Baked Peanuts,,
675,1,1,Sains,fresh_food,branded,Young's,,440.0,g,4.0,Breaded Cod Fillets,,
676,1,1,Tesco,drinks,branded,Jam Shed,,750.0,ml,,Australian Chardonnay,,
677,1,1,Sains,food_cupboard,branded,Kellogg's,,500.0,g,,Wheats Apricot Breakfast Cereal,,
678,1,1,Morrisons,fresh_food,own_brand,,standard,450.0,g,,Honey Skyr,,
679,1,1,Sains,food_cupboard,own_brand,,dietary,40.0,g,,Chicken Casserole Recipe Mix,,
680,1,1,Sains,food_cupboard,branded,Cadbury,,110.0,g,,Dairy Milk Orange Giant Buttons Chocolate Bag,,
681,1,1,ASDA,drinks,own_brand,,standard,,,,Sipper Bottle - Grey,,
682,1,1,Sains,fresh_food,unbranded,,,360.0,g,6.0,OaYeah! Feelgood Original Large Pancakes,,
683,1,1,Sains,free-from,branded,Muller,,124.0,g,,Corner Vanilla Yogurt With Chocolate Digestive Biscuits,,
684,1,1,Tesco,food_cupboard,own_brand,,standard,150.0,ml,,Oyster Sauce,,
685,1,1,ASDA,drinks,branded,Carlsberg,,7920.0,ml,18.0,Danish Pilsner,,
686,1,1,ASDA,free-from,branded,New York Bakery Co,,,,,4 Soft Seeded Bagel Thins,,
687,1,1,Sains,fresh_food,unbranded,,,,,,Large Dianthus Ceramic,,
688,1,1,Sains,free-from,unbranded,,,500.0,g,,Renourish Immunity Kale Spinach and Turmeric Soup,,
689,1,1,Sains,drinks,own_brand,,standard,1500.0,ml,6.0,Fruit Slurps Orange Juice Drink,,
690,1,1,Morrisons,food_cupboard,branded,Heinz,,130.0,g,,Double Concen…,,
691,1,1,Tesco,frozen,branded,Magnum,,330.0,ml,6.0,Mini White Chocolate and White Chocolate Almond Ice Cream Sticks,,
692,1,1,ASDA,fresh_food,branded,Benecol,,400.0,g,,Blueberry,,
693,1,1,Morrisons,food_cupboard,own_brand,,standard,400.0,g,,Stewed Steak,,
694,1,1,Sains,free-from,unbranded,,,0.4,g,60.0,Vitabiotics Ultra Garlic Extract Tablets,,
695,1,1,Sains,drinks,branded,Brooklyn Brewery,,440.0,ml,4.0,Pilsner Crisp Lager,,
696,1,1,Sains,free-from,unbranded,,,105.0,g,,This Isn't Streaky Bacon Rashers,,
697,1,1,ASDA,fresh_food,own_brand,,standard,500.0,g,,Tomato and Pepperoni Pasta Salad,,
698,1,1,Tesco,fresh_food,own_brand,,standard,220.0,g,,Baby Spinach,,
699,1,1,Sains,food_cupboard,own_brand,,dietary,375.0,g,,Mediterranean Vegetable Pasta For 1,,
700,1,1,ASDA,fresh_food,unbranded,,,250.0,g,,Captain Cook Dry Salted Skinless and Boneless Salt Fish,,
701,1,1,Morrisons,food_cupboard,branded,Cofresh,,200.0,g,,London Mix,,
702,1,1,Sains,food_cupboard,own_brand,,standard,90.0,g,,Sun Dried Tomato Paste,,
703,1,1,Morrisons,food_cupboard,branded,Cantu,,450.0,g,,Shea Butter Leave-In Co…,,
704,1,1,Sains,free-from,unbranded,,,1320.0,ml,4.0,Lucky Saint Hazy IPA Can,,
705,1,1,ASDA,food_cupboard,branded,Ainsley Harriott,,65.8,g,,Goan Spiced Chicken Cup Soup,,
706,1,1,Morrisons,fresh_food,own_brand,,standard,500.0,g,,Trimmed Leeks,,
707,1,1,Sains,drinks,branded,Brooklyn Brewery,,3960.0,ml,12.0,Brooklyn Pilsner Crisp Lager Beer,,
708,1,1,ASDA,food_cupboard,own_brand,,value,386.7,g,,Custard,,
709,1,1,Sains,drinks,own_brand,,standard,1000.0,ml,,High Juice Blackcurrant Squash,,
710,1,1,Sains,drinks,branded,Fever-tree,,1000.0,ml,4.0,Sparkling Mexican Lime,,
711,1,1,Morrisons,drinks,branded,Wolf Blass,,750.0,ml,,Red Label Shiraz Cabernet,,
712,1,1,ASDA,food_cupboard,own_brand,,standard,125.0,g,,Scottish Mackerel Fillets in Brine,,
713,1,1,Tesco,drinks,unbranded,,,500.0,ml,,Jägermeister Cold Brew Coffee Liqueur,,
714,1,1,Sains,food_cupboard,unbranded,,,392.0,g,,Grant's Premium Stewed Steak,,
715,1,1,Tesco,drinks,branded,Shloer,,750.0,ml,,Winter Spiced Punch Sparkling,,
716,1,1,ASDA,drinks,unbranded,,,750.0,ml,,Greasy Fingers Luscious Red,,
717,1,1,Sains,food_cupboard,branded,Ambrosia,,150.0,g,,Devon Custard Pot,,
718,1,1,Sains,drinks,branded,Bacardi,,700.0,ml,,Caribbean Spiced Premium Rum,,
719,1,1,Sains,bakery,own_brand,,premium,,,,Fruity Hot Cross Buns,,
720,1,1,Sains,food_cupboard,branded,Maille,,215.0,g,,Dijon Original Mustard,,
721,1,1,Tesco,drinks,branded,Old Mout,,1320.0,ml,4.0,Berries and Cherries Flavoured Cider,,
722,1,1,Tesco,frozen,own_brand,,standard,600.0,g,,Double Chocolate Gateau,,
723,1,1,ASDA,frozen,unbranded,,,200.0,g,,Whitby Seafoods Wholetail Scampi,,
724,1,1,Sains,food_cupboard,own_brand,,standard,130.0,g,,Salt and Vinegar Corn and Rice Cakes,,
725,1,1,Morrisons,drinks,branded,Blossom Hill,,187.0,ml,,White Wine,,
726,1,1,ASDA,fresh_food,own_brand,,premium,290.1,g,2.0,Cod Fishcakes with Roasted Tomato and Mozzarella,,
727,1,1,ASDA,drinks,unbranded,,,200.0,g,,Options Belgian Hot Choc,,
728,1,1,Tesco,food_cupboard,unbranded,,,45.0,g,,Mccoy's Epic Eats Nacho Cheese Crisps,,
729,1,1,ASDA,food_cupboard,branded,Reese's,,90.0,g,,Peanut Butter Bar,,
730,1,1,Tesco,food_cupboard,unbranded,,,45.0,g,,Cheezees Jalapeno,,
731,1,1,Morrisons,fresh_food,own_brand,,standard,400.0,g,,All Day Breakfast,,
732,1,1,Morrisons,fresh_food,own_brand,,standard,500.0,g,,Slow Cooked Bourbon…,,
733,1,1,Morrisons,food_cupboard,unbranded,,,600.0,g,,Sweeties Jelly Mix,,
734,1,1,Sains,drinks,branded,Singha,,630.0,ml,,Premium Thai Lager,,
735,1,1,ASDA,drinks,own_brand,,premium,750.0,ml,,Côtes de Gascogne,,
736,1,1,Tesco,food_cupboard,branded,Al'fez,,150.0,g,,Falafel,,
737,1,1,Morrisons,drinks,own_brand,,standard,2250.0,ml,,Cola Zero Sugar,,
738,1,1,Sains,fresh_food,own_brand,,standard,,,,Cantaloupe Melon,,
739,1,1,ASDA,drinks,branded,Tassimo,,110.0,g,12.0,Costa Americano Coffee Pods,,
740,1,1,Tesco,food_cupboard,branded,Sharwoods,,150.0,ml,,Real Oyster Sauce,,
741,1,1,Morrisons,food_cupboard,unbranded,,,1100.0,g,,McDougalls Self Raising Flour,,
742,1,1,Sains,food_cupboard,branded,Ben's Original,,250.0,g,,One Pan Creations Spanish Paella Style,,
743,1,1,ASDA,drinks,unbranded,,,1000.0,ml,,TRIP CBD Infused Peach Ginger Cans,,
744,1,1,Tesco,food_cupboard,own_brand,,standard,55.0,g,,Instant Oats Cinnamon Porridge,,
745,1,1,Morrisons,drinks,unbranded,,,10.0,ml,,Vampire Vape Pinkman 6mg,,
746,1,1,Tesco,frozen,branded,Little Moons,,192.0,g,6.0,Refreshos Blood Orange and Pink Grapefruit Mochi Sorbet,,
747,1,1,Sains,free-from,unbranded,,,220.0,g,,VFC Original Recipe Crispy Popcorn Chicken,,
748,1,1,Tesco,bakery,own_brand,,standard,,,,Cinnamon Tear And Share Bun,,
749,1,1,ASDA,fresh_food,own_brand,,premium,500.0,g,,Authentic Greek Yogurt,,
750,1,1,Tesco,food_cupboard,branded,Kellogg's,,660.0,g,,Rice Krispies Cereal,,
751,1,1,Morrisons,drinks,branded,Thatchers,,1750.0,ml,,Somerset Haze Cider Cans,,
752,1,1,Tesco,fresh_food,unbranded,,value,125.0,g,,Wafer Thin Cooked Ham,,
753,1,1,ASDA,drinks,unbranded,,,700.0,ml,,Aberlour 12 Years Old Speyside Single Malt Scotch Whisky,,
754,1,1,ASDA,food_cupboard,branded,Blue Dragon,,150.0,ml,,Oyster Sauce,,
755,1,1,ASDA,fresh_food,own_brand,,premium,240.0,g,,Oak Smoked Back Bacon Dry Cured 8 Rashers,,
756,1,1,ASDA,drinks,own_brand,,standard,,,,Cat Dad Single Mug,,
757,1,1,Morrisons,fresh_food,own_brand,,premium,175.0,g,2.0,Smoked Salmon Verrines,,
758,1,1,Sains,drinks,unbranded,,,60.0,ml,,Unrooted Good Gut Apple Cider Vinegar and Ginger Shot,,
759,1,1,Tesco,fresh_food,own_brand,,standard,500.0,g,,Red Seedless Grapes,,
760,1,1,Morrisons,frozen,own_brand,,standard,400.0,g,,Italian Sausage Pasta Bake,,
761,1,1,ASDA,drinks,unbranded,,,750.0,ml,,Nicolas Feuillatte Champagne Sélection Brut,,
762,1,1,Morrisons,free-from,own_brand,,dietary,300.0,g,,Rice Pops,,
763,1,1,Sains,food_cupboard,branded,Wrigley's,,70.0,g,,Extra Cool Breeze,,
764,1,1,Tesco,drinks,unbranded,,,1000.0,ml,,Bailey's Original Irish Cream Liqueur Bottle,,
765,1,1,Tesco,fresh_food,own_brand,,standard,500.0,g,,Chicken Mince 5% Fat,,
766,1,1,Tesco,fresh_food,own_brand,,premium,400.0,g,,Camembert Centred Quiche,,
767,1,1,ASDA,food_cupboard,own_brand,,value,100.0,g,,Dark Chocolate Sharing Bar,,
768,1,1,Morrisons,fresh_food,branded,Fridge Raiders,,69.9,g,,Hot and Spicy Chicken Bites,,
769,1,1,Sains,food_cupboard,branded,Blue Dragon,,380.0,g,,Mild Thai Sweet Chilli Sauce,,
770,1,1,Sains,fresh_food,own_brand,,standard,225.0,g,,British or Irish 21 Day Matured Ribeye Steak,,
771,1,1,Tesco,fresh_food,own_brand,,standard,,,,Pesto Chicken And Sundried Tomato Wrap,,
772,1,1,ASDA,food_cupboard,own_brand,,standard,220.0,g,6.0,Snack Size Chocolate Nutty Bars,,
773,1,1,Sains,free-from,own_brand,,premium,473.0,ml,,Iced Coffee Ice Cream,,
774,1,1,Tesco,food_cupboard,branded,Princes,,75.0,g,,Tuna and Mayonnaise Paste,,
775,1,1,ASDA,frozen,branded,Birds Eye,,227.0,g,,4 Beef Burgers with Plant Protein and Onion,,
776,1,1,Tesco,food_cupboard,own_brand,,standard,1000.0,g,,Scottish Oats Porridge,,
777,1,1,Sains,drinks,branded,Vimto,,1980.0,ml,6.0,Sparkling,,
778,1,1,ASDA,bakery,own_brand,,standard,,,5.0,Milk Chocolate Chip Cookies,,
779,1,1,Tesco,food_cupboard,own_brand,,standard,250.0,ml,,Olive Oil,,
780,1,1,Sains,fresh_food,own_brand,,standard,350.0,g,,Bakewell Tart Dessert,,
781,1,1,Sains,food_cupboard,own_brand,,standard,60.0,g,,Oregano,,
782,1,1,Morrisons,food_cupboard,unbranded,,,180.0,g,,Walnut Whip Milk Chocolate Multipack,,
783,1,1,ASDA,food_cupboard,unbranded,,,350.0,g,,Wai Wai X-Press Instant Noodles Creamy Chicken Flavour,,
784,1,1,Sains,drinks,unbranded,,,750.0,ml,,La Patrie Cahors Malbec,,
785,1,1,Sains,fresh_food,own_brand,,premium,300.0,g,,"Shawarma Chicken and Tabbouleh Salad, Summer Edition",,
786,1,1,Tesco,food_cupboard,unbranded,,,140.0,g,4.0,Pulsin High Fibre Brownie Hazelnut,,
787,1,1,Tesco,drinks,branded,Lucozade,,900.0,ml,,Energy Caribbean Crush,,
788,1,1,Tesco,drinks,branded,Smirnoff,,700.0,ml,,Ice Tropical Ready To Drink Premix Bottle,,
789,1,1,ASDA,food_cupboard,own_brand,,standard,100.0,g,,Chopped Hazelnuts,,
790,1,1,Morrisons,fresh_food,own_brand,,standard,375.0,g,,Butter Chicken and Pilau Rice,,
791,1,1,ASDA,fresh_food,own_brand,,standard,,,,Gold Tablecover,,
792,1,1,ASDA,food_cupboard,branded,Naked,,104.0,g,,Big Eat Noodle Thai Style Fiery Chicken Panang,,
793,1,1,Sains,free-from,own_brand,,dietary,300.0,g,,Broccoli,,
794,1,1,Sains,free-from,unbranded,,,90.0,g,,Proper Corn Sweet Cinnamon Popcorn,,
795,1,1,Morrisons,fresh_food,own_brand,,standard,80.0,g,,Italian Style Salad,,
796,1,1,Morrisons,drinks,branded,Sprite,,2142.9,ml,,No Sugar,,
797,1,1,Tesco,fresh_food,own_brand,,standard,160.0,g,,Sweet Chilli Roast Chicken Slices,,
798,1,1,ASDA,food_cupboard,branded,Fox's,,160.0,g,,Fabulous Indulgent Centre Cookies Triple Chocolate,,
799,1,1,Tesco,frozen,branded,Weight Watchers,,320.0,g,,Salmon and Broccoli Melt,,
800,1,1,Morrisons,food_cupboard,branded,Mars,,200.0,g,,Large Egg,,
801,1,1,Tesco,drinks,own_brand,,standard,3000.0,ml,12.0,Apple/Blackcurrant Juice,,
802,1,1,Sains,drinks,branded,Bottlegreen,,250.0,ml,,Elderflower Vodka Spritz,,
803,1,1,ASDA,drinks,branded,Guinness,,3521.1,ml,,Draught Stout Beer 8 x Can,,
804,1,1,ASDA,food_cupboard,own_brand,,standard,270.0,g,,Hedgehog Biscuit Kit,,
805,1,1,Tesco,food_cupboard,branded,Tic Tac,,49.0,g,,Fresh Mint,,
806,1,1,ASDA,food_cupboard,own_brand,,standard,720.0,g,,Classic Runny Honey,,
807,1,1,ASDA,food_cupboard,branded,Maggi,,38.0,g,,So Juicy Aromatic and Peppery Cajun Chicken Herbs and Spices Recipe Mix,,
808,1,1,Tesco,frozen,unbranded,,,250.0,ml,,Extreme Raspberry With Cream,,
809,1,1,Tesco,food_cupboard,own_brand,,standard,100.0,g,,Rock Salt Grinder,,
810,1,1,Tesco,food_cupboard,unbranded,,,126.0,g,,Dalgety Instant Ginger Tea,,
811,1,1,ASDA,drinks,unbranded,,,750.0,ml,,Cune Rioja,,
812,1,1,ASDA,drinks,unbranded,,,750.0,ml,,Le Manoir Du Baron Viognier,,
813,1,1,ASDA,fresh_food,own_brand,,premium,550.0,g,,"Pork Cutlets with Sea Salt, Black Pepper and Garlic Crust",,
814,1,1,ASDA,food_cupboard,branded,Kellogg's,,375.0,g,,Pop-Tarts Chocotastic Pastry Snack,,
815,1,1,ASDA,food_cupboard,branded,Kellogg's,,375.0,g,,Froot Loops,,
816,1,1,Tesco,food_cupboard,branded,Kellogg's,,400.0,g,,Crunchy Nut Chocolate Clusters Cereal,,
817,1,1,ASDA,fresh_food,own_brand,,standard,400.0,g,,Chicken and Mushroom Risotto,,
818,1,1,ASDA,fresh_food,branded,Gu,,140.0,g,,Milk Chocolate and Ganache Mousse Dessert,,
819,1,1,Tesco,drinks,unbranded,,,440.0,ml,,Northern Monk Wasted Pumpkin Stout,,
820,1,1,Sains,drinks,own_brand,,premium,750.0,ml,,Vernaccia Di San Gimignano,,
821,1,1,Morrisons,drinks,unbranded,,,,,,Nordic Spirit Bergamot Wild…,,
822,1,1,Sains,food_cupboard,branded,Heinz,,815.0,g,,Seriously Good Light Mayonnaise,,
823,1,1,Morrisons,food_cupboard,unbranded,,,125.0,g,,Najma Wafer Thin Turkey Slices,,
824,1,1,Tesco,fresh_food,branded,Violife,,230.0,g,,Greek White Block,,
825,1,1,Sains,fresh_food,unbranded,,,560.0,g,,Yorkshire Provender Thai Green Chicken Noodle Soup,,
826,1,1,Sains,fresh_food,own_brand,,standard,175.0,g,,Chicken Ceasar Salad,,
827,1,1,ASDA,drinks,unbranded,,,500.0,ml,,Black Sheep Ale,,
828,1,1,Sains,food_cupboard,own_brand,,standard,295.0,g,,Sweet Pickle,,
829,1,1,Morrisons,food_cupboard,branded,Walkers,,96.1,g,,Quavers Cheese Multipack Snacks Crisps,,
830,1,1,Morrisons,food_cupboard,branded,Gressingham,,115.0,g,,12 Chinese Style Pancakes,,
831,1,1,Sains,food_cupboard,own_brand,,premium,250.0,g,,Extra Thick Caramel and Biscuit Egg,,
832,1,1,ASDA,drinks,own_brand,,standard,432.0,g,,Pineapple Slices in Fruit Juice,,
833,1,1,ASDA,drinks,own_brand,,standard,500.0,ml,,Raspberry Liqueur,,
834,1,1,Tesco,drinks,branded,Taylors,,200.0,g,,Decaffe Roast Ground Coffee,,
835,1,1,Sains,food_cupboard,own_brand,,standard,200.0,g,,Prunes,,
836,1,1,Sains,food_cupboard,branded,Yorkshire Tea,,112.0,g,40.0,Biscuit Brew Tea Bags,,
837,1,1,Tesco,drinks,unbranded,,,750.0,ml,,Howard Park Margaret River Cabernet Sauvignon,,
838,1,1,Morrisons,food_cupboard,branded,Bahlsen,,125.0,g,,Choco Leibniz White,,
839,1,1,Sains,food_cupboard,unbranded,,,50.0,g,,Goralki Wafer Chocolate Filling,,
840,1,1,Morrisons,food_cupboard,branded,Filippo Berio,,340.0,g,,Basilico Pasta Sauce,,
841,1,1,Morrisons,drinks,branded,Courvoisier,,700.0,ml,,VS Cognac,,
842,1,1,Sains,food_cupboard,branded,Weetabix On The Go,,250.0,ml,,Breakfast Drink Vanilla,,
843,1,1,Sains,free-from,branded,Birds Eye,,360.0,g,,6 Chunky Fish Fingers,,
844,1,1,Sains,food_cupboard,branded,Lavazza,,500.0,g,,Espresso Barista Gran Crema Coffee Beans,,
845,1,1,Sains,free-from,branded,Slimfast,,23.0,g,,Snack Bag Baked Cheddar Flavour Bites single serve,,
846,1,1,Morrisons,food_cupboard,own_brand,,standard,200.0,g,,Best White Dark Chocolate…,,
847,1,1,Morrisons,food_cupboard,unbranded,,,170.0,g,,Pip and Nut Smooth Almond Butter,,
848,1,1,ASDA,drinks,unbranded,,,750.0,ml,,Radnor Splash Orange and Passion Fruit Still Spring Water Cartons,,
849,1,1,ASDA,frozen,own_brand,,standard,400.0,g,,Cottage Pie,,
850,1,1,Morrisons,food_cupboard,branded,Schwartz,,90.0,g,,Extra Mature Cheddar Cheese Sauce Mix,,
851,1,1,Morrisons,drinks,own_brand,,standard,6633.3,ml,,Yorkshire Vale Water,,
852,1,1,Sains,food_cupboard,branded,Bisto,,390.0,g,,Best Beef Gravy Granules,,
853,1,1,Sains,food_cupboard,branded,Lotus Biscoff,,180.0,g,,Milk Chocolate with Biscoff Crumbs,,
854,1,1,ASDA,food_cupboard,branded,Mama,,90.0,g,,Hot and Spicy Flavour Oriental Style Instant Noodles,,
855,1,1,Tesco,fresh_food,own_brand,,standard,380.0,g,,Beef Brisket Joint In Gravy,,
856,1,1,ASDA,fresh_food,branded,Cathedral City,,175.0,g,,Grated Extra Mature Cheddar,,
857,1,1,Tesco,drinks,branded,Budweiser,,6000.0,ml,20.0,Bottle,,
858,1,1,Sains,food_cupboard,own_brand,,standard,150.0,g,,Custard Cream Twists with an Apple Pie Flavour Cream Filling,,
859,1,1,ASDA,fresh_food,branded,Scoville,,2200.0,ml,2.0,Glasslux Roaster Set /,,
860,1,1,ASDA,drinks,unbranded,,,,,,CD Now That's What I Call Pop Gold by Various Artists,,
861,1,1,Sains,drinks,branded,Fanta,,500.0,ml,,Orange,,
862,1,1,Morrisons,bakery,own_brand,,standard,850.0,g,,Wholemeal Toastie Bread,,
863,1,1,ASDA,food_cupboard,unbranded,,,300.0,g,,Cypressa Brown Tahini,,
864,1,1,Tesco,fresh_food,unbranded,,,220.0,ml,,The Coconut Collaborative Double Cream,,
865,1,1,Sains,drinks,branded,Pimm's,,700.0,ml,,No.1,,
866,1,1,Sains,drinks,branded,J2o,,1000.0,ml,4.0,Spritz Sparkling Apple and Elderflower Cans,,
867,1,1,Sains,fresh_food,branded,Philadelphia,,35.0,g,4.0,Soft Cheese Mini Tub Light,,
868,1,1,ASDA,fresh_food,own_brand,,standard,1500.0,ml,,Glass Roaster with clip lid,,
869,1,1,Morrisons,food_cupboard,branded,Peter's,,135.3,g,,Yard Seeded Sourdough Flatbreds,,
870,1,1,Sains,drinks,branded,Lucozade,,1520.0,ml,4.0,Energy Cherry,,
871,1,1,Sains,free-from,own_brand,,premium,473.0,ml,,Blonde Chocolate Ice Cream,,
872,1,1,Sains,food_cupboard,branded,Mcvitie's,,266.0,g,,Dark Chocolate Digestive Biscuits,,
873,1,1,Sains,food_cupboard,unbranded,,,5000.0,ml,,Pura Refined Vegetable Oil,,
874,1,1,Morrisons,fresh_food,unbranded,,,200.0,g,,Castle Dairies Welsh Butter With Ha…,,
875,1,1,Sains,fresh_food,unbranded,,,80.0,g,,Bastides Petits Saucisson Secs,,
876,1,1,ASDA,fresh_food,branded,Scoville,,,,,Frying Pan,,
877,1,1,Sains,food_cupboard,unbranded,,,220.0,g,,Odysea Aubergine Meze,,
878,1,1,Morrisons,food_cupboard,branded,Twinings,,36.0,g,20.0,Rooibos and Honey,,
879,1,1,Tesco,food_cupboard,unbranded,,,250.0,g,,Riso Gallo Risotto Pronto Mushroom,,
880,1,1,Sains,food_cupboard,branded,Lindt,,100.0,g,,Excellence Dark 90% Cocoa Chocolate Bar,,
881,1,1,ASDA,fresh_food,branded,Scoville,,,,,Neverstick 30cm Pizza Tray,,
882,1,1,Morrisons,drinks,own_brand,,standard,946.0,ml,,Orange High Juice Squash,,
883,1,1,Tesco,drinks,branded,Blossom Hill,,187.5,ml,,Soft and Fruity,,
884,1,1,Sains,food_cupboard,own_brand,,standard,250.0,g,,Ready to Roll Yellow Icing,,
885,1,1,ASDA,food_cupboard,own_brand,,standard,200.0,g,,Shortcake Biscuits,,
886,1,1,Sains,drinks,unbranded,,,500.0,ml,,Fentimans Connoisseurs Tonic Water,,
887,1,1,ASDA,fresh_food,branded,Pukka,,210.0,g,,All Steak Pie,,
888,1,1,ASDA,fresh_food,unbranded,,,60.0,ml,,MOJU Turmeric Shots,,
889,1,1,Tesco,food_cupboard,branded,Paxo,,170.0,g,,Pork Sausages Meat Flavour Stuffing Mix,,
890,1,1,ASDA,frozen,own_brand,,standard,1134.2,g,,Beef Quarter Pound Burgers,,
891,1,1,Sains,food_cupboard,branded,Itsu,,240.0,g,,Chicken Gyoza 12 Dinner Dumplings,,
892,1,1,ASDA,fresh_food,branded,Warburtons,,400.0,g,,Fruit Loaf with Cinnamon and Raisin,,
893,1,1,Morrisons,fresh_food,own_brand,,premium,200.0,g,,Chicken Parfait Wi…,,
894,1,1,Sains,fresh_food,own_brand,,standard,500.0,g,2.0,Unsmoked Back Bacon Rashers x16,,
895,1,1,Tesco,fresh_food,own_brand,,standard,1000.0,ml,,Strawberry Flavoured Milk,,
896,1,1,Morrisons,fresh_food,own_brand,,standard,,,,Cooking Apples,,
897,1,1,Tesco,food_cupboard,branded,Walkers,,300.0,g,12.0,Classic Variety Multipack Crisps,,
898,1,1,Sains,food_cupboard,own_brand,,standard,200.0,g,,Fruit and Nut Dark Chocolate,,
899,1,1,Tesco,fresh_food,own_brand,,premium,500.0,g,,5% Aberdeen Angus Steak Mince,,
900,1,1,ASDA,bakery,own_brand,,standard,,,,Pink Glitter Rosette,,
901,1,1,Sains,food_cupboard,branded,Oreo,,132.0,g,6.0,Lunchbox Vanilla Cookies Multipack,,
902,1,1,Tesco,drinks,branded,Gordon's,,250.0,ml,,Gin and Tonic Can,,
903,1,1,Sains,food_cupboard,branded,Squares,,36.0,g,,Chocolatey Rice Krispies,,
904,1,1,Sains,bakery,own_brand,,premium,,,,Mixed Fruit Bloomer,,
905,1,1,Tesco,drinks,unbranded,,,750.0,ml,,Turner Road Reserve Chardonnay,,
906,1,1,Sains,drinks,unbranded,,,250.0,ml,,Riddles Lemon Ice Tea Blended with Tequila,,
907,1,1,Sains,food_cupboard,branded,Batchelors,,81.0,g,,Super Noodles Chilli Chicken Flavour,,
908,1,1,ASDA,fresh_food,own_brand,,standard,,,,Football Paper Napkins,,
909,1,1,Tesco,food_cupboard,branded,Bonne Maman,,250.0,g,,Hazelnut Chocolate Spread,,
910,1,1,ASDA,drinks,unbranded,,,750.0,ml,,Graham's 10 Years Old Tawny Port,,
911,1,1,ASDA,fresh_food,branded,Getpro,,18.0,g,,Protein Pudding Chocolate Hazelnut Flavour,,
912,1,1,ASDA,fresh_food,own_brand,,standard,150.0,g,,Sea Salt and Black Pepper Cashews,,
913,1,1,Morrisons,fresh_food,own_brand,,standard,120.0,g,,German Salami And Cheese Selection,,
914,1,1,ASDA,drinks,own_brand,,standard,2000.0,ml,4.0,Charge Zero Sugar Energy Drink,,
915,1,1,Morrisons,fresh_food,branded,Peperami,,100.0,g,,Pep'd Up Chicken Bites,,
916,1,1,Tesco,food_cupboard,branded,Pataks,,450.0,g,,Medium Balti Sauce,,
917,1,1,Morrisons,drinks,unbranded,,,10.0,ml,,Vampire Vape Heisenberg 12mg,,
918,1,1,Morrisons,fresh_food,own_brand,,premium,250.0,g,,Roast Garlic and Herb Flatbread,,
919,1,1,Sains,food_cupboard,branded,Heinz,,400.0,g,,Oxtail Soup,,
920,1,1,Tesco,food_cupboard,branded,Pot Noodle,,360.0,g,4.0,Chicken and Mushroom Instant Noodles Multipack,,
921,1,1,Morrisons,food_cupboard,branded,Hartley's,,125.0,g,,Raspberry Jelly Pot,,
922,1,1,Sains,food_cupboard,own_brand,,standard,227.0,g,,"Italian Style Coffee, Strength 4",,
923,1,1,Tesco,food_cupboard,branded,Walkers,,50.0,g,,Max Pizza Hut Texan Bbq Crisps,,
924,1,1,Tesco,food_cupboard,unbranded,,,100.0,g,,Gran Luchito Chipotle Chilli Paste,,
925,1,1,Tesco,bakery,own_brand,,standard,,,4.0,Multiseed Deli Rolls,,
926,1,1,Tesco,drinks,unbranded,,,700.0,ml,,Abstrakt Watermelon Strawberry Vodka,,
927,1,1,ASDA,food_cupboard,own_brand,,standard,100.0,g,,Chopped Almonds,,
928,1,1,Sains,free-from,branded,Phd,,500.0,g,,Diet Plant High Protein Lean Matrix Salted Caramel,,
929,1,1,Tesco,drinks,branded,Robinsons,,500.0,ml,,"Raspberry, Rhubarb and Orange Blossom Fruit Cordial",,
930,1,1,Sains,food_cupboard,unbranded,,,36.0,g,,Bird's Dream Topping,,
931,1,1,Sains,food_cupboard,unbranded,,,100.0,g,,Butterkist Popcorn Sweet and Salted,,
932,1,1,Tesco,food_cupboard,own_brand,,standard,454.0,g,,Fine Cut Orange Marmalade,,
933,1,1,ASDA,fresh_food,branded,Tenderstem,standard,160.0,g,,"Broccoli, Carrot and Sugar Snap",,
934,1,1,ASDA,food_cupboard,branded,Weetabix,,,,,Chocolate Cereal,,
935,1,1,ASDA,drinks,own_brand,,standard,,,,Pig Sipper Bottle,,
936,1,1,Sains,food_cupboard,own_brand,,standard,152.0,g,80.0,Green Tea Tea Bags,,
937,1,1,ASDA,drinks,branded,Red Bull,,1000.0,ml,4.0,Energy Drink Zero Cans,,
938,1,1,ASDA,food_cupboard,branded,Terry's,,90.0,g,,Chocolate Orange Mini Eggs Bar,,
939,1,1,Tesco,food_cupboard,branded,Homepride,,485.0,g,,Chilli Cooking Sauce,,
940,1,1,Morrisons,food_cupboard,own_brand,,premium,200.0,g,,Quadru…,,
941,1,1,ASDA,free-from,branded,Vivera,,175.0,g,,Plant Spicy Chicken Kebab Style,,
942,1,1,Morrisons,frozen,branded,Goodfella's,,340.0,g,,Stonebaked Thin Pepperoni Pizza,,
943,1,1,Tesco,drinks,branded,Birra Moretti,,1320.0,ml,4.0,Premium Lager Beer Bottle,,
944,1,1,Tesco,frozen,own_brand,,standard,140.0,g,,Frozen 12 Mini Eclairs,,
945,1,1,Morrisons,fresh_food,own_brand,,standard,450.0,g,,Butcher's Style Pork Sausages,,
946,1,1,Tesco,food_cupboard,unbranded,,,700.0,g,,Nature's Finest Tropical Fruits In Juice,,
947,1,1,Tesco,frozen,unbranded,,,650.0,ml,,Viennetta Mint Ice Cream Dessert,,
948,1,1,Morrisons,fresh_food,branded,Oasis,,500.0,ml,,Zero Exotic Fruit,,
949,1,1,Sains,food_cupboard,branded,Nissin,,90.0,g,,Soba Japanese Curry Wok Style Instant Cup Noodles Pot,,
950,1,1,Morrisons,fresh_food,branded,Richmond,,,,,6 Thick Pork Sausages,,
951,1,1,ASDA,bakery,unbranded,,,,,,MAD Party Silver Number Sparklers 6,,
952,1,1,ASDA,fresh_food,branded,Walkers,,37.5,g,,Baked Prawn Cocktail Snacks Crisps,,
953,1,1,Tesco,food_cupboard,unbranded,,,90.0,g,,Urban Fruit Dried Strawberries,,
954,1,1,Morrisons,food_cupboard,unbranded,,,300.0,g,,Hilal Chicken Sausages,,
955,1,1,ASDA,drinks,own_brand,,standard,,,,Red Alphabet Glass Mug - L,,
956,1,1,Tesco,fresh_food,own_brand,,standard,320.0,g,,Vegetable Stir Fry,,
957,1,1,ASDA,fresh_food,own_brand,,standard,,,,Smooth and Sweet Flat Peaches,,
958,1,1,Morrisons,food_cupboard,branded,Oshee,,250.0,ml,,Magnesium Vitamin Energy Drink,,
959,1,1,Morrisons,food_cupboard,own_brand,,standard,500.0,g,,Wholewheat Spaghetti,,
960,1,1,Morrisons,food_cupboard,branded,Silver Spoon,,1000.0,g,,Icing Sugar,,
961,1,1,Morrisons,drinks,branded,Diet Coke,,2000.0,ml,,No Caffeine,,
962,1,1,Morrisons,food_cupboard,branded,Whitworths,,100.0,g,,Berry and White Ch…,,
963,1,1,Morrisons,food_cupboard,branded,Oxo,,70.9,g,,Reduced Salt Beef Stock 12 Cubes,,
964,1,1,Sains,drinks,unbranded,,,700.0,ml,,The Kraken Black Spiced Rum Roast Coffee,,
965,1,1,Tesco,food_cupboard,unbranded,,,90.0,g,5.0,Fruit Bowl Unicorn Fruit Flakes,,
966,1,1,Tesco,food_cupboard,unbranded,,,300.0,g,,Dunns River Jamaican Jerk Seasoning,,
967,1,1,Sains,frozen,own_brand,,standard,379.0,g,,Deep Pan Meat Feast Pizza,,
968,1,1,Sains,food_cupboard,branded,Go Ahead,,142.0,g,4.0,Yogurt Breaks Strawberry Snack Bars,,
969,1,1,ASDA,fresh_food,own_brand,,standard,110.0,g,,Finely Sliced Cured Pastrami,,
970,1,1,Sains,drinks,own_brand,,premium,52.0,g,,Lungo Decaff Pods,,
971,1,1,Sains,frozen,own_brand,,standard,600.0,g,,Triple Chocolate Gateau Dessert,,
972,1,1,Tesco,food_cupboard,branded,Eat Real,,113.0,g,,Lentil Chips Sea Salt,,
973,1,1,Morrisons,fresh_food,own_brand,,standard,200.0,g,,Cold Water Prawns,,
974,1,1,Morrisons,food_cupboard,branded,Cadbury,,120.0,g,,Dairy Milk Caramel Nibbles Chocolate Bag,,
975,1,1,Sains,fresh_food,own_brand,,standard,250.0,g,,Sliced White Mushrooms,,
976,1,1,Sains,fresh_food,own_brand,,standard,900.0,g,6.0,British Pork Shoulder Steaks,,
977,1,1,Tesco,food_cupboard,branded,Vifon,,60.0,g,,Beef Flavour Instant Noodle Soup,,
978,1,1,Sains,food_cupboard,branded,Heinz,,400.0,g,,French Onion Soup,,
